Campaign Name,Campaigner,Date of Submission,Urgency,List,Notes,Approval Date
"Tell Sir Desmond Swayne MP: Parents Must Come First, Not Be an Afterthought (DRAFT)",cjoyce@citizengo.net,2026-09-21,Urgent Campaign (23 days to 2026-10-14),EN GB,"Draft generated by parl-monitor. Subject: Infants, Parents and Carers Bill",
GENERAL INFORMATION
Type of Campaign,[CAMPAIGNER: Survival / Obligatory / Opportunity]
Topic,Family & Education
Main Purposes,Acquisition
Background / Context,"Infants, Parents and Carers Bill (sponsor: Sir Desmond Swayne) is at Committee stage in the Commons. Next key date: 2026-10-14."
Estimated Launch date,[CAMPAIGNER]
Estimated date for Delivering Signatures,2026-10-10 (close: 2026-10-14)
Ideas for eventual Offline Actions,"Encourage supporters to write personal letters to Sir Desmond Swayne and their own constituency MPs ahead of 14 October, sharing real experiences of feeling sidelined by officials over decisions about their children. Organise a small delegation of parents and grandparents to attend or observe the Committee sitting if public seats are available. Ask churches and family groups to raise the Bill in prayer meetings and newsletters, framing it as a test of whether Parliament still honours the family as the first authority over a child's life. Distribute simple briefing cards outlining the ask so supporters can raise it in person with MPs at constituency surgeries."
Petitions related TIM project (Targeting Inactive Members),"12992 - Stop LGBT indoctrination clubs in schools - shares the same core concern about parental authority over what children are taught and exposed to.
1142 - Stop Transgender Indoctrination in Primary Schools - same audience of parents defending their primary role over their young children's upbringing.
13244 - End Drag Queen Story Hours in Public Libraries and Schools - same base of parents and carers motivated to defend family authority over children's environments."
PROMPTS FOR AI - PLAN PHASE
What is the language for this petition?,English
Who will sign the emails for this petition?,Christopher Joyce
Who is the petition addressed to?,"Sir Desmond Swayne MP, Sponsor of the Infants, Parents and Carers Bill"
What are we asking for in the petition?,"Sir Desmond Swayne MP must use his position as sponsor of the Infants, Parents and Carers Bill to guarantee, in black and white at Committee stage, that parents are recognised as the first and primary authority over their infant's care and upbringing. He owes this to every mother and father who has ever been told by a well-meaning professional that they know best: no carer, agency or state guideline should be permitted to override a parent's considered judgement about their own child without clear and compelling cause. This is the promise that a bill bearing the words ""parents"" in its very title should keep, and it is a promise worth fighting for while the Bill can still be amended."
Why would they listen to us?,"Sir Desmond Swayne is the Bill's own sponsor, which means he has both the standing and the direct means to propose or accept amendments strengthening parental primacy at Committee stage. MPs sitting on the Committee are actively debating this Bill right now, as shown by the sheer scale of recent parliamentary activity around it, with well over a thousand votes and more than a hundred debates logged in the last six months alone. A Bill under this much active scrutiny is one where organised, clearly expressed public concern can still shape the outcome, because the clauses are not yet fixed."
What is happening that we are responding to?,"Infants, Parents and Carers Bill (sponsor: Sir Desmond Swayne) is at Committee stage in the Commons. Next key date: 2026-10-14."
What is the key point of injustice that is at stake here?,"Parents risk becoming an afterthought in their own child's life: a bill that names ""infants, parents and carers"" together in one breath risks treating mothers and fathers as merely one voice among several, rather than the first and natural authority God and nature gave them.

The language of ""carers"" can quietly displace the language of ""parents"": when legislation blurs the line between those who love a child as their own and those who are simply employed or assigned to look after them, it opens the door to decisions being made about a child's welfare that sideline the very people most invested in that child's future.

Committee stage decisions are made with little public scrutiny: amendments are debated and voted on by a small group of MPs, often out of the public eye, and once the Bill leaves Committee its shape is largely fixed for the remaining stages.

There is no guaranteed backstop protecting parental primacy: without an explicit clause affirming that parents hold the first responsibility for their infant, the Bill leaves the door open for future guidance, regulation or interpretation to chip away at that responsibility piece by piece.

Families who already feel talked over by officials will feel it again: for parents who have experienced schools, health visitors or social services treating their wishes as an inconvenience, a Bill that fails to anchor parental authority in law simply confirms their fear that the state sees them as replaceable."
PROMPTS FOR AI - PREPARE PHASE
What are some arguments supporting our point of view?,"The family is the first and most natural school of a child's life: long before any carer, teacher or official meets an infant, it is the parents who have carried, fed and known that child, and law should reflect that reality rather than dilute it.

Britain has a long tradition of parental primacy in law: our legal and moral inheritance has always held that parents, not the state, bear the first duty of care for their children, and any bill touching infants must not quietly erode that inheritance.

Vague language invites future mission creep: terms that do not clearly distinguish ""parent"" from ""carer"" give officials and courts room to expand state involvement well beyond what Parliament may have intended.

Committee stage is precisely where such safeguards are won or lost: amendments proposed and voted on now will determine whether parental primacy is written into the Bill's bones or left to chance.

The volume of parliamentary attention this Bill has already attracted, with well over a thousand recorded votes and dozens of debates in the last six months, shows MPs are engaged and amendments are genuinely live.

Faith communities have long taught that parents answer first to God, not to government, for the raising of their children, and law should not obscure that accountability.

Silent legislation becomes settled practice: once a bill of this kind is on the statute book, its wording becomes the reference point for years of guidance and case law, however loosely it was drafted.

Parents who feel secure in their authority raise more confident, more secure children: legal clarity about who is responsible protects not just parents, but the wellbeing of the infants themselves."
Why is it urgent that we take action now?,"The Infants, Parents and Carers Bill reaches its next key Committee stage moment on 14 October 2026. This is the point at which amendments are tabled, debated and decided, and it is happening now, not at some distant final vote.

Once a bill clears Committee stage, its core wording becomes very difficult to change. The clauses agreed in Committee travel largely intact through Report and Third Reading, which means this narrow window is the last real opportunity to insist that parental primacy is written into the Bill in plain terms.

This is the test of whether Parliament still believes that parents come first. A bill that puts ""parents"" in its title but fails to anchor their authority in its clauses would be a promise broken in the small print, however good its intentions sound on the surface.

If supporters stay silent now, MPs on the Committee will reasonably assume the public has no concerns about how this Bill defines the roles of parents and carers. Silence at this stage will be read as consent to whatever wording emerges, and there will be no second chance to correct it once the Bill has moved on."
Describe a bad outcome if we do not win this campaign:,"If Sir Desmond Swayne and the Committee let this moment pass, the Infants, Parents and Carers Bill could leave Committee stage with parental authority reduced to just one consideration among several, on equal footing with ""carers"" and other actors. Mothers and fathers across the country would find that the law meant to protect their family instead diluted their standing, leaving future disputes over an infant's welfare more likely to be settled by officials than by the parents who love that child most."
Describe a good outcome if we do win this campaign:,"If Sir Desmond Swayne acts now, the Infants, Parents and Carers Bill could leave Committee stage with parental primacy written into it in unmistakable terms: a clear, binding recognition that mothers and fathers hold the first responsibility for their infant's care and upbringing, protected against being quietly overridden by carers or officials. Families would have a Bill that finally lives up to its name, putting parents first, not last."
Which sources do you want to include? Please provide the titles plus URLs:,"- Infants, Parents and Carers Bill: https://bills.parliament.uk/bills/4156"
What should the image for this campaign look like?,"A warm, natural photograph of a parent gently holding an infant's hand at home, soft daylight through a window, with a faint, respectful suggestion of the Palace of Westminster or a parliamentary document in the background, subtly out of focus, to signal that this intimate family moment is what is being decided in Committee Room corridors far away."
RED FOX FOUR
PLAN STAGE,,,,EVALUATE STAGE,,
#,Question,"Scoring 
(-10 to +10)",Comments,"Scoring
(-10 to +10)",Delta,Comments
RF#1,"Win or lose, just by fighting this fight, will it bring people or money to our cause?",,"Comparable campaigns on this topic - Say No to Labour’s ‘Summer of Sex’: 15,004 new / 68,223 sigs (22.0% acquired) | Demand Sadiq Khan's Resignation: Failing London and Ignoring: 13,810 new / 100,504 sigs (13.7% acquired) | Stop BBC Trans Indoctrination of Children: 5,474 new / 51,027 sigs (10.7% acquired). Topic lifetime: 62 campaigns, 74,761 new members, median acquisition 4.5%. Baseline logged 2026-08-13.",,,
RF#2,"Win or lose, just by fighting this fight, will it help our friends or allies?",,"5CA Commons: 218 with us (++/+), 415 against (-/--).",,,
RF#3,"Win or lose, just by fighting this fight, will it hurt our enemies and their allies?",,Opponent organisations are not tracked by the monitor; campaigner's knowledge.,,,
RF#4/1,What's the gain for freedom and our values if we win?,,"If we win: see 'good outcome' above. Score the value, not the odds.",,,
RF#4/2,What's the cost to freedom and our values if we lose?,,If we lose: see 'bad outcome' above. Usually 0 unless losing accelerates harm.,,,
TOTAL IF WE WIN,,0,,0,0,
TOTAL IF WE LOSE,,0,,0,0,
RF#1 NUMERICAL EXPECTATION
Metric,,Expected (Plan),Baseline (evidence),Actual (Evaluate),Delta,Comments
Expected signatures,,,"comparable campaigns: median 25,069 (p25 14,438, p75 33,873, n=36). 26 sub-100-signature row(s) excluded as templates or dormant petitions. (Looker holds 18 on a different basis.)",,,
Expected new members,,,"comparable campaigns: median 1,300 (p25 376, p75 2,147, n=36). 26 sub-100-signature row(s) excluded as templates or dormant petitions. (Looker holds 18 on a different basis.)",,,
Expected EUR raised,,,"Looker (email-campaign attributed): median EUR 1,254 (p25 764, p75 1,540, n=17). 1 sub-3000-signature Looker row(s) excluded as test sends or list segments, not campaigns. 1 campaign(s) started on or after 2026-02-01 excluded: donation attribution is incomplete from that date (EUR 2.29 per 1,000 signatures against 53 before it), so their signatures count but their money cannot. One-time donations only; monthly is a separate column and much smaller.",,,
TIMELINE OF MAJOR ACTIONS
Date,Action,Comment
2026-10-14,Key parliamentary date,Committee stage
[CAMPAIGNER],Launch,
EVALUATE DASHBOARD
Emails Bluebook link related to this campaign,
Number of total emails sent for this campaign,
Total Signatures,
New List Members,
Reactivated Members,
Acquired %,
Total € raised,
Total € spent,
Cost of the offline actions,
Asana link related to this campaign,
Asana link to the Evaluate task,
Google Doc link to the wording copy package,
Political impact evaluation,
Did you win the political fight?,
Did the media talk about the campaign?,
Did any politician talk about the campaign?,
Did you deliver the signatures?,
How did you deliver the signatures?,
Was it a good decision to run this campaign?,
"Which good practices, if any, can we drawn from this campaign and repeat in future campaigns?",
"Which improvement areas can you identify in this campaign, so that we can do better in future campaigns?",
Which specific conclusions can you draw analyzing data of this campaign?,
Top 3 Sources of New Members (by channel & % of total),
Social Media Strategy in One Line,
Top 5 signature sources (% each) and Top 5 new list member sources (% each),
"Paid vs. Organic: spend, signups, cost per paid signup, and most efficient channel",
Best-performing post: link + why it worked + one transferable learning,
Political impact: how social media was used to increase pressure or influence decision-makers?,
Other comments,
Moving forward,
"For more information on how to fill out or interpret this document, check the Campaigns Brief Cheat Sheet"

FIVE COLUMNS ANALYSIS (ONLY IF APPROPRIATE)
PLAN STAGE,,,,,,,,(evidence in briefs/bill-infants-parents-and-carers-bill-5ca.csv),EVALUATE STAGE,
Decision-Maker,# Seats,"""++""","""+""","""0""","""-""","""--""",Target (Y/N),(evidence in briefs/bill-infants-parents-and-carers-bill-5ca.csv),Vote (Y/N),Comments
"Jim Shannon (Democratic Unionist Party, Strangford)",,1,0,0,0,0,,(evidence in briefs/bill-infants-parents-and-carers-bill-5ca.csv),,
"Damian Hinds (Conservative, East Hampshire)",,1,0,0,0,0,,(evidence in briefs/bill-infants-parents-and-carers-bill-5ca.csv),,
"Munira Wilson (Liberal Democrat, Twickenham)",,1,0,0,0,0,,(evidence in briefs/bill-infants-parents-and-carers-bill-5ca.csv),,
"Neil O'Brien (Conservative, Harborough, Oadby and Wigston)",,1,0,0,0,0,,(evidence in briefs/bill-infants-parents-and-carers-bill-5ca.csv),,
"Graham Stuart (Conservative, Beverley and Holderness)",,1,0,0,0,0,,(evidence in briefs/bill-infants-parents-and-carers-bill-5ca.csv),,
"Chris Philp (Conservative, Croydon South)",,1,0,0,0,0,,(evidence in briefs/bill-infants-parents-and-carers-bill-5ca.csv),,
"Dame Caroline Dinenage (Conservative, Gosport)",,1,0,0,0,0,,(evidence in briefs/bill-infants-parents-and-carers-bill-5ca.csv),,
"Dr Caroline Johnson (Conservative, Sleaford and North Hykeham)",,1,0,0,0,0,,(evidence in briefs/bill-infants-parents-and-carers-bill-5ca.csv),,
"Kit Malthouse (Conservative, North West Hampshire)",,1,0,0,0,0,,(evidence in briefs/bill-infants-parents-and-carers-bill-5ca.csv),,
"Daisy Cooper (Liberal Democrat, St Albans)",,1,0,0,0,0,,(evidence in briefs/bill-infants-parents-and-carers-bill-5ca.csv),,
"Ian Sollom (Liberal Democrat, St Neots and Mid Cambridgeshire)",,1,0,0,0,0,,(evidence in briefs/bill-infants-parents-and-carers-bill-5ca.csv),,
"Laura Trott (Conservative, Sevenoaks)",,1,0,0,0,0,,(evidence in briefs/bill-infants-parents-and-carers-bill-5ca.csv),,
"Victoria Atkins (Conservative, Louth and Horncastle)",,1,0,0,0,0,,(evidence in briefs/bill-infants-parents-and-carers-bill-5ca.csv),,
"Bob Blackman (Conservative, Harrow East)",,1,0,0,0,0,,(evidence in briefs/bill-infants-parents-and-carers-bill-5ca.csv),,
"Dr Ben Spencer (Conservative, Runnymede and Weybridge)",,1,0,0,0,0,,(evidence in briefs/bill-infants-parents-and-carers-bill-5ca.csv),,
"Gideon Amos (Liberal Democrat, Taunton and Wellington)",,1,0,0,0,0,,(evidence in briefs/bill-infants-parents-and-carers-bill-5ca.csv),,
"Gregory Stafford (Conservative, Farnham and Bordon)",,1,0,0,0,0,,(evidence in briefs/bill-infants-parents-and-carers-bill-5ca.csv),,
"Jesse Norman (Conservative, Hereford and South Herefordshire)",,1,0,0,0,0,,(evidence in briefs/bill-infants-parents-and-carers-bill-5ca.csv),,
"John McDonnell (Labour, Hayes and Harlington)",,1,0,0,0,0,,(evidence in briefs/bill-infants-parents-and-carers-bill-5ca.csv),,
"Mims Davies (Conservative, East Grinstead and Uckfield)",,1,0,0,0,0,,(evidence in briefs/bill-infants-parents-and-carers-bill-5ca.csv),,
"Mr Will Forster (Liberal Democrat, Woking)",,1,0,0,0,0,,(evidence in briefs/bill-infants-parents-and-carers-bill-5ca.csv),,
"Sir Desmond Swayne (Conservative, New Forest West)",,1,0,0,0,0,,(evidence in briefs/bill-infants-parents-and-carers-bill-5ca.csv),,
"Sir John Hayes (Conservative, South Holland and The Deepings)",,1,0,0,0,0,,(evidence in briefs/bill-infants-parents-and-carers-bill-5ca.csv),,
"Sir Julian Lewis (Conservative, New Forest East)",,1,0,0,0,0,,(evidence in briefs/bill-infants-parents-and-carers-bill-5ca.csv),,
"Andrew George (Liberal Democrat, St Ives)",,1,0,0,0,0,,(evidence in briefs/bill-infants-parents-and-carers-bill-5ca.csv),,
"Bradley Thomas (Conservative, Bromsgrove)",,1,0,0,0,0,,(evidence in briefs/bill-infants-parents-and-carers-bill-5ca.csv),,
"Julia Lopez (Conservative, Hornchurch and Upminster)",,1,0,0,0,0,,(evidence in briefs/bill-infants-parents-and-carers-bill-5ca.csv),,
"Mr Gregory Campbell (Democratic Unionist Party, East Londonderry)",,1,0,0,0,0,,(evidence in briefs/bill-infants-parents-and-carers-bill-5ca.csv),,
"Mr Louie French (Conservative, Old Bexley and Sidcup)",,1,0,0,0,0,,(evidence in briefs/bill-infants-parents-and-carers-bill-5ca.csv),,
"Saqib Bhatti (Conservative, Meriden and Solihull East)",,1,0,0,0,0,,(evidence in briefs/bill-infants-parents-and-carers-bill-5ca.csv),,
"Sarah Dyke (Liberal Democrat, Glastonbury and Somerton)",,1,0,0,0,0,,(evidence in briefs/bill-infants-parents-and-carers-bill-5ca.csv),,
"David Mundell (Conservative, Dumfriesshire, Clydesdale and Tweeddale)",,1,0,0,0,0,,(evidence in briefs/bill-infants-parents-and-carers-bill-5ca.csv),,
"David Simmonds (Conservative, Ruislip, Northwood and Pinner)",,1,0,0,0,0,,(evidence in briefs/bill-infants-parents-and-carers-bill-5ca.csv),,
"Edward Argar (Conservative, Melton and Syston)",,1,0,0,0,0,,(evidence in briefs/bill-infants-parents-and-carers-bill-5ca.csv),,
"Gareth Bacon (Conservative, Orpington)",,1,0,0,0,0,,(evidence in briefs/bill-infants-parents-and-carers-bill-5ca.csv),,
"Helen Grant (Conservative, Maidstone and Malling)",,1,0,0,0,0,,(evidence in briefs/bill-infants-parents-and-carers-bill-5ca.csv),,
"John Glen (Conservative, Salisbury)",,1,0,0,0,0,,(evidence in briefs/bill-infants-parents-and-carers-bill-5ca.csv),,
"Kevin Hollinrake (Conservative, Thirsk and Malton)",,1,0,0,0,0,,(evidence in briefs/bill-infants-parents-and-carers-bill-5ca.csv),,
"Layla Moran (Liberal Democrat, Oxford West and Abingdon)",,1,0,0,0,0,,(evidence in briefs/bill-infants-parents-and-carers-bill-5ca.csv),,
"Mark Garnier (Conservative, Wyre Forest)",,1,0,0,0,0,,(evidence in briefs/bill-infants-parents-and-carers-bill-5ca.csv),,
"Martin Vickers (Conservative, Brigg and Immingham)",,1,0,0,0,0,,(evidence in briefs/bill-infants-parents-and-carers-bill-5ca.csv),,
"Matt Vickers (Conservative, Stockton West)",,1,0,0,0,0,,(evidence in briefs/bill-infants-parents-and-carers-bill-5ca.csv),,
"Mike Wood (Conservative, Kingswinford and South Staffordshire)",,1,0,0,0,0,,(evidence in briefs/bill-infants-parents-and-carers-bill-5ca.csv),,
"Nigel Huddleston (Conservative, Droitwich and Evesham)",,1,0,0,0,0,,(evidence in briefs/bill-infants-parents-and-carers-bill-5ca.csv),,
"Paul Holmes (Conservative, Hamble Valley)",,1,0,0,0,0,,(evidence in briefs/bill-infants-parents-and-carers-bill-5ca.csv),,
"Rebecca Harris (Conservative, Castle Point)",,1,0,0,0,0,,(evidence in briefs/bill-infants-parents-and-carers-bill-5ca.csv),,
"Rebecca Smith (Conservative, South West Devon)",,1,0,0,0,0,,(evidence in briefs/bill-infants-parents-and-carers-bill-5ca.csv),,
"Sir Edward Leigh (Conservative, Gainsborough)",,1,0,0,0,0,,(evidence in briefs/bill-infants-parents-and-carers-bill-5ca.csv),,
"Sir John Whittingdale (Conservative, Maldon)",,1,0,0,0,0,,(evidence in briefs/bill-infants-parents-and-carers-bill-5ca.csv),,
"Vikki Slade (Liberal Democrat, Mid Dorset and North Poole)",,1,0,0,0,0,,(evidence in briefs/bill-infants-parents-and-carers-bill-5ca.csv),,
"Wendy Chamberlain (Liberal Democrat, North East Fife)",,1,0,0,0,0,,(evidence in briefs/bill-infants-parents-and-carers-bill-5ca.csv),,
"Wera Hobhouse (Liberal Democrat, Bath)",,1,0,0,0,0,,(evidence in briefs/bill-infants-parents-and-carers-bill-5ca.csv),,
"Alan Mak (Conservative, Havant)",,1,0,0,0,0,,(evidence in briefs/bill-infants-parents-and-carers-bill-5ca.csv),,
"Alex Burghart (Conservative, Brentwood and Ongar)",,1,0,0,0,0,,(evidence in briefs/bill-infants-parents-and-carers-bill-5ca.csv),,
"Dr Andrew Murrison (Conservative, South West Wiltshire)",,1,0,0,0,0,,(evidence in briefs/bill-infants-parents-and-carers-bill-5ca.csv),,
"Dr Kieran Mullan (Conservative, Bexhill and Battle)",,1,0,0,0,0,,(evidence in briefs/bill-infants-parents-and-carers-bill-5ca.csv),,
"Dr Luke Evans (Conservative, Hinckley and Bosworth)",,1,0,0,0,0,,(evidence in briefs/bill-infants-parents-and-carers-bill-5ca.csv),,
"George Freeman (Conservative, Mid Norfolk)",,1,0,0,0,0,,(evidence in briefs/bill-infants-parents-and-carers-bill-5ca.csv),,
"Helen Morgan (Liberal Democrat, North Shropshire)",,1,0,0,0,0,,(evidence in briefs/bill-infants-parents-and-carers-bill-5ca.csv),,
"Jerome Mayhew (Conservative, Broadland and Fakenham)",,1,0,0,0,0,,(evidence in briefs/bill-infants-parents-and-carers-bill-5ca.csv),,
"Joy Morrissey (Conservative, Beaconsfield)",,1,0,0,0,0,,(evidence in briefs/bill-infants-parents-and-carers-bill-5ca.csv),,
"Rebecca Paul (Conservative, Reigate)",,1,0,0,0,0,,(evidence in briefs/bill-infants-parents-and-carers-bill-5ca.csv),,
"Robbie Moore (Conservative, Keighley and Ilkley)",,1,0,0,0,0,,(evidence in briefs/bill-infants-parents-and-carers-bill-5ca.csv),,
"Sarah Green (Liberal Democrat, Chesham and Amersham)",,1,0,0,0,0,,(evidence in briefs/bill-infants-parents-and-carers-bill-5ca.csv),,
"Sir Julian Smith (Conservative, Skipton and Ripon)",,1,0,0,0,0,,(evidence in briefs/bill-infants-parents-and-carers-bill-5ca.csv),,
"Stuart Andrew (Conservative, Daventry)",,1,0,0,0,0,,(evidence in briefs/bill-infants-parents-and-carers-bill-5ca.csv),,
"Tom Tugendhat (Conservative, Tonbridge)",,1,0,0,0,0,,(evidence in briefs/bill-infants-parents-and-carers-bill-5ca.csv),,
"Victoria Collins (Liberal Democrat, Harpenden and Berkhamsted)",,1,0,0,0,0,,(evidence in briefs/bill-infants-parents-and-carers-bill-5ca.csv),,
"Alex Brewer (Liberal Democrat, North East Hampshire)",,1,0,0,0,0,,(evidence in briefs/bill-infants-parents-and-carers-bill-5ca.csv),,
"Alicia Kearns (Conservative, Rutland and Stamford)",,1,0,0,0,0,,(evidence in briefs/bill-infants-parents-and-carers-bill-5ca.csv),,
"Alison Griffiths (Conservative, Bognor Regis and Littlehampton)",,1,0,0,0,0,,(evidence in briefs/bill-infants-parents-and-carers-bill-5ca.csv),,
"Ben Obese-Jecty (Conservative, Huntingdon)",,1,0,0,0,0,,(evidence in briefs/bill-infants-parents-and-carers-bill-5ca.csv),,
"Caroline Voaden (Liberal Democrat, South Devon)",,1,0,0,0,0,,(evidence in briefs/bill-infants-parents-and-carers-bill-5ca.csv),,
"Christine Jardine (Liberal Democrat, Edinburgh West)",,1,0,0,0,0,,(evidence in briefs/bill-infants-parents-and-carers-bill-5ca.csv),,
"Claire Coutinho (Conservative, East Surrey)",,1,0,0,0,0,,(evidence in briefs/bill-infants-parents-and-carers-bill-5ca.csv),,
"Dame Harriett Baldwin (Conservative, West Worcestershire)",,1,0,0,0,0,,(evidence in briefs/bill-infants-parents-and-carers-bill-5ca.csv),,
"Dr Al Pinkerton (Liberal Democrat, Surrey Heath)",,1,0,0,0,0,,(evidence in briefs/bill-infants-parents-and-carers-bill-5ca.csv),,
"Dr Neil Hudson (Conservative, Epping Forest)",,1,0,0,0,0,,(evidence in briefs/bill-infants-parents-and-carers-bill-5ca.csv),,
"Dr Neil Shastri-Hurst (Conservative, Solihull West and Shirley)",,1,0,0,0,0,,(evidence in briefs/bill-infants-parents-and-carers-bill-5ca.csv),,
"Ed Davey (Liberal Democrat, Kingston and Surbiton)",,1,0,0,0,0,,(evidence in briefs/bill-infants-parents-and-carers-bill-5ca.csv),,
"Greg Smith (Conservative, Mid Buckinghamshire)",,1,0,0,0,0,,(evidence in briefs/bill-infants-parents-and-carers-bill-5ca.csv),,
"Helen Maguire (Liberal Democrat, Epsom and Ewell)",,1,0,0,0,0,,(evidence in briefs/bill-infants-parents-and-carers-bill-5ca.csv),,
"Imran Hussain (Labour, Bradford East)",,1,0,0,0,0,,(evidence in briefs/bill-infants-parents-and-carers-bill-5ca.csv),,
"James Wild (Conservative, North West Norfolk)",,1,0,0,0,0,,(evidence in briefs/bill-infants-parents-and-carers-bill-5ca.csv),,
"John Lamont (Conservative, Berwickshire, Roxburgh and Selkirk)",,1,0,0,0,0,,(evidence in briefs/bill-infants-parents-and-carers-bill-5ca.csv),,
"Lewis Cocking (Conservative, Broxbourne)",,1,0,0,0,0,,(evidence in briefs/bill-infants-parents-and-carers-bill-5ca.csv),,
"Mark Pritchard (Conservative, The Wrekin)",,1,0,0,0,0,,(evidence in briefs/bill-infants-parents-and-carers-bill-5ca.csv),,
"Mrs Kemi Badenoch (Conservative, North West Essex)",,1,0,0,0,0,,(evidence in briefs/bill-infants-parents-and-carers-bill-5ca.csv),,
"Richard Burgon (Labour, Leeds East)",,1,0,0,0,0,,(evidence in briefs/bill-infants-parents-and-carers-bill-5ca.csv),,
"Richard Fuller (Conservative, North Bedfordshire)",,1,0,0,0,0,,(evidence in briefs/bill-infants-parents-and-carers-bill-5ca.csv),,
"Sarah Olney (Liberal Democrat, Richmond Park)",,1,0,0,0,0,,(evidence in briefs/bill-infants-parents-and-carers-bill-5ca.csv),,
"Sir Geoffrey Cox (Conservative, Torridge and Tavistock)",,1,0,0,0,0,,(evidence in briefs/bill-infants-parents-and-carers-bill-5ca.csv),,
"Sir Mel Stride (Conservative, Central Devon)",,1,0,0,0,0,,(evidence in briefs/bill-infants-parents-and-carers-bill-5ca.csv),,
"Stuart Anderson (Conservative, South Shropshire)",,1,0,0,0,0,,(evidence in briefs/bill-infants-parents-and-carers-bill-5ca.csv),,
"Adam Dance (Liberal Democrat, Yeovil)",,1,0,0,0,0,,(evidence in briefs/bill-infants-parents-and-carers-bill-5ca.csv),,
"Alberto Costa (Conservative, South Leicestershire)",,1,0,0,0,0,,(evidence in briefs/bill-infants-parents-and-carers-bill-5ca.csv),,
"Aphra Brandreth (Conservative, Chester South and Eddisbury)",,1,0,0,0,0,,(evidence in briefs/bill-infants-parents-and-carers-bill-5ca.csv),,
"Bobby Dean (Liberal Democrat, Carshalton and Wallington)",,1,0,0,0,0,,(evidence in briefs/bill-infants-parents-and-carers-bill-5ca.csv),,
"Calum Miller (Liberal Democrat, Bicester and Woodstock)",,1,0,0,0,0,,(evidence in briefs/bill-infants-parents-and-carers-bill-5ca.csv),,
"Charlie Dewhirst (Conservative, Bridlington and The Wolds)",,1,0,0,0,0,,(evidence in briefs/bill-infants-parents-and-carers-bill-5ca.csv),,
"Claire Young (Liberal Democrat, Thornbury and Yate)",,1,0,0,0,0,,(evidence in briefs/bill-infants-parents-and-carers-bill-5ca.csv),,
"Clive Jones (Liberal Democrat, Wokingham)",,1,0,0,0,0,,(evidence in briefs/bill-infants-parents-and-carers-bill-5ca.csv),,
"David Davis (Conservative, Goole and Pocklington)",,1,0,0,0,0,,(evidence in briefs/bill-infants-parents-and-carers-bill-5ca.csv),,
"Gareth Davies (Conservative, Grantham and Bourne)",,1,0,0,0,0,,(evidence in briefs/bill-infants-parents-and-carers-bill-5ca.csv),,
"Gavin Robinson (Democratic Unionist Party, Belfast East)",,1,0,0,0,0,,(evidence in briefs/bill-infants-parents-and-carers-bill-5ca.csv),,
"Harriet Cross (Conservative, Gordon and Buchan)",,1,0,0,0,0,,(evidence in briefs/bill-infants-parents-and-carers-bill-5ca.csv),,
"Helen Whately (Conservative, Faversham and Mid Kent)",,1,0,0,0,0,,(evidence in briefs/bill-infants-parents-and-carers-bill-5ca.csv),,
"Ian Roome (Liberal Democrat, North Devon)",,1,0,0,0,0,,(evidence in briefs/bill-infants-parents-and-carers-bill-5ca.csv),,
"James Cartlidge (Conservative, South Suffolk)",,1,0,0,0,0,,(evidence in briefs/bill-infants-parents-and-carers-bill-5ca.csv),,
"Jess Brown-Fuller (Liberal Democrat, Chichester)",,1,0,0,0,0,,(evidence in briefs/bill-infants-parents-and-carers-bill-5ca.csv),,
"Joe Robertson (Conservative, Isle of Wight East)",,1,0,0,0,0,,(evidence in briefs/bill-infants-parents-and-carers-bill-5ca.csv),,
"Liz Jarvis (Liberal Democrat, Eastleigh)",,1,0,0,0,0,,(evidence in briefs/bill-infants-parents-and-carers-bill-5ca.csv),,
"Manuela Perteghella (Liberal Democrat, Stratford-on-Avon)",,1,0,0,0,0,,(evidence in briefs/bill-infants-parents-and-carers-bill-5ca.csv),,
"Max Wilkinson (Liberal Democrat, Cheltenham)",,1,0,0,0,0,,(evidence in briefs/bill-infants-parents-and-carers-bill-5ca.csv),,
"Mr Gagan Mohindra (Conservative, South West Hertfordshire)",,1,0,0,0,0,,(evidence in briefs/bill-infants-parents-and-carers-bill-5ca.csv),,
"Mr Mark Francois (Conservative, Rayleigh and Wickford)",,1,0,0,0,0,,(evidence in briefs/bill-infants-parents-and-carers-bill-5ca.csv),,
"Mr Peter Bedford (Conservative, Mid Leicestershire)",,1,0,0,0,0,,(evidence in briefs/bill-infants-parents-and-carers-bill-5ca.csv),,
"Peter Fortune (Conservative, Bromley and Biggin Hill)",,1,0,0,0,0,,(evidence in briefs/bill-infants-parents-and-carers-bill-5ca.csv),,
"Priti Patel (Conservative, Witham)",,1,0,0,0,0,,(evidence in briefs/bill-infants-parents-and-carers-bill-5ca.csv),,
"Richard Foord (Liberal Democrat, Honiton and Sidmouth)",,1,0,0,0,0,,(evidence in briefs/bill-infants-parents-and-carers-bill-5ca.csv),,
"Sammy Wilson (Democratic Unionist Party, East Antrim)",,1,0,0,0,0,,(evidence in briefs/bill-infants-parents-and-carers-bill-5ca.csv),,
"Sir Bernard Jenkin (Conservative, Harwich and North Essex)",,1,0,0,0,0,,(evidence in briefs/bill-infants-parents-and-carers-bill-5ca.csv),,
"Sir Geoffrey Clifton-Brown (Conservative, North Cotswolds)",,1,0,0,0,0,,(evidence in briefs/bill-infants-parents-and-carers-bill-5ca.csv),,
"Sir Jeremy Hunt (Conservative, Godalming and Ash)",,1,0,0,0,0,,(evidence in briefs/bill-infants-parents-and-carers-bill-5ca.csv),,
"Steve Barclay (Conservative, North East Cambridgeshire)",,1,0,0,0,0,,(evidence in briefs/bill-infants-parents-and-carers-bill-5ca.csv),,
"Tim Farron (Liberal Democrat, Westmorland and Lonsdale)",,1,0,0,0,0,,(evidence in briefs/bill-infants-parents-and-carers-bill-5ca.csv),,
"Alex Easton (Independent, North Down)",,1,0,0,0,0,,(evidence in briefs/bill-infants-parents-and-carers-bill-5ca.csv),,
"Andrew Bowie (Conservative, West Aberdeenshire and Kincardine)",,1,0,0,0,0,,(evidence in briefs/bill-infants-parents-and-carers-bill-5ca.csv),,
"Andrew Griffith (Conservative, Arundel and South Downs)",,1,0,0,0,0,,(evidence in briefs/bill-infants-parents-and-carers-bill-5ca.csv),,
"Carla Lockhart (Democratic Unionist Party, Upper Bann)",,1,0,0,0,0,,(evidence in briefs/bill-infants-parents-and-carers-bill-5ca.csv),,
"David Chadwick (Liberal Democrat, Brecon, Radnor and Cwm Tawe)",,1,0,0,0,0,,(evidence in briefs/bill-infants-parents-and-carers-bill-5ca.csv),,
"Dr Danny Chambers (Liberal Democrat, Winchester)",,1,0,0,0,0,,(evidence in briefs/bill-infants-parents-and-carers-bill-5ca.csv),,
"Edward Morello (Liberal Democrat, West Dorset)",,1,0,0,0,0,,(evidence in briefs/bill-infants-parents-and-carers-bill-5ca.csv),,
"Jamie Stone (Liberal Democrat, Caithness, Sutherland and Easter Ross)",,1,0,0,0,0,,(evidence in briefs/bill-infants-parents-and-carers-bill-5ca.csv),,
"Jim Allister (Traditional Unionist Voice, North Antrim)",,1,0,0,0,0,,(evidence in briefs/bill-infants-parents-and-carers-bill-5ca.csv),,
"John Cooper (Conservative, Dumfries and Galloway)",,1,0,0,0,0,,(evidence in briefs/bill-infants-parents-and-carers-bill-5ca.csv),,
"John Milne (Liberal Democrat, Horsham)",,1,0,0,0,0,,(evidence in briefs/bill-infants-parents-and-carers-bill-5ca.csv),,
"Katie Lam (Conservative, Weald of Kent)",,1,0,0,0,0,,(evidence in briefs/bill-infants-parents-and-carers-bill-5ca.csv),,
"Luke Taylor (Liberal Democrat, Sutton and Cheam)",,1,0,0,0,0,,(evidence in briefs/bill-infants-parents-and-carers-bill-5ca.csv),,
"Marie Goldman (Liberal Democrat, Chelmsford)",,1,0,0,0,0,,(evidence in briefs/bill-infants-parents-and-carers-bill-5ca.csv),,
"Martin Wrigley (Liberal Democrat, Newton Abbot)",,1,0,0,0,0,,(evidence in briefs/bill-infants-parents-and-carers-bill-5ca.csv),,
"Mr Joshua Reynolds (Liberal Democrat, Maidenhead)",,1,0,0,0,0,,(evidence in briefs/bill-infants-parents-and-carers-bill-5ca.csv),,
"Mr Lee Dillon (Liberal Democrat, Newbury)",,1,0,0,0,0,,(evidence in briefs/bill-infants-parents-and-carers-bill-5ca.csv),,
"Nick Timothy (Conservative, West Suffolk)",,1,0,0,0,0,,(evidence in briefs/bill-infants-parents-and-carers-bill-5ca.csv),,
"Olly Glover (Liberal Democrat, Didcot and Wantage)",,1,0,0,0,0,,(evidence in briefs/bill-infants-parents-and-carers-bill-5ca.csv),,
"Rosie Duffield (Independent, Canterbury)",,1,0,0,0,0,,(evidence in briefs/bill-infants-parents-and-carers-bill-5ca.csv),,
"Shivani Raja (Conservative, Leicester East)",,1,0,0,0,0,,(evidence in briefs/bill-infants-parents-and-carers-bill-5ca.csv),,
"Simon Hoare (Conservative, North Dorset)",,1,0,0,0,0,,(evidence in briefs/bill-infants-parents-and-carers-bill-5ca.csv),,
"Sir Alec Shelbrooke (Conservative, Wetherby and Easingwold)",,1,0,0,0,0,,(evidence in briefs/bill-infants-parents-and-carers-bill-5ca.csv),,
"Sir Gavin Williamson (Conservative, Stone, Great Wyrley and Penkridge)",,1,0,0,0,0,,(evidence in briefs/bill-infants-parents-and-carers-bill-5ca.csv),,
"Sir Iain Duncan Smith (Conservative, Chingford and Woodford Green)",,1,0,0,0,0,,(evidence in briefs/bill-infants-parents-and-carers-bill-5ca.csv),,
"Sir James Cleverly (Conservative, Braintree)",,1,0,0,0,0,,(evidence in briefs/bill-infants-parents-and-carers-bill-5ca.csv),,
"Sir Oliver Dowden (Conservative, Hertsmere)",,1,0,0,0,0,,(evidence in briefs/bill-infants-parents-and-carers-bill-5ca.csv),,
"Tessa Munt (Liberal Democrat, Wells and Mendip Hills)",,1,0,0,0,0,,(evidence in briefs/bill-infants-parents-and-carers-bill-5ca.csv),,
"Wendy Morton (Conservative, Aldridge-Brownhills)",,1,0,0,0,0,,(evidence in briefs/bill-infants-parents-and-carers-bill-5ca.csv),,
"Zarah Sultana (Your Party, Coventry South)",,1,0,0,0,0,,(evidence in briefs/bill-infants-parents-and-carers-bill-5ca.csv),,
"Anna Sabine (Liberal Democrat, Frome and East Somerset)",,1,0,0,0,0,,(evidence in briefs/bill-infants-parents-and-carers-bill-5ca.csv),,
"Blake Stephenson (Conservative, Mid Bedfordshire)",,1,0,0,0,0,,(evidence in briefs/bill-infants-parents-and-carers-bill-5ca.csv),,
"Claire Hanna (Social Democratic & Labour Party, Belfast South and Mid Down)",,1,0,0,0,0,,(evidence in briefs/bill-infants-parents-and-carers-bill-5ca.csv),,
"Dame Karen Bradley (Conservative, Staffordshire Moorlands)",,1,0,0,0,0,,(evidence in briefs/bill-infants-parents-and-carers-bill-5ca.csv),,
"Freddie van Mierlo (Liberal Democrat, Henley and Thame)",,1,0,0,0,0,,(evidence in briefs/bill-infants-parents-and-carers-bill-5ca.csv),,
"Iqbal Mohamed (Independent, Dewsbury and Batley)",,1,0,0,0,0,,(evidence in briefs/bill-infants-parents-and-carers-bill-5ca.csv),,
"Jack Rankin (Conservative, Windsor)",,1,0,0,0,0,,(evidence in briefs/bill-infants-parents-and-carers-bill-5ca.csv),,
"Lisa Smart (Liberal Democrat, Hazel Grove)",,1,0,0,0,0,,(evidence in briefs/bill-infants-parents-and-carers-bill-5ca.csv),,
"Mike Martin (Liberal Democrat, Tunbridge Wells)",,1,0,0,0,0,,(evidence in briefs/bill-infants-parents-and-carers-bill-5ca.csv),,
"Mr Adnan Hussain (Independent, Blackburn)",,1,0,0,0,0,,(evidence in briefs/bill-infants-parents-and-carers-bill-5ca.csv),,
"Mr Alistair Carmichael (Liberal Democrat, Orkney and Shetland)",,1,0,0,0,0,,(evidence in briefs/bill-infants-parents-and-carers-bill-5ca.csv),,
"Mr Paul Kohler (Liberal Democrat, Wimbledon)",,1,0,0,0,0,,(evidence in briefs/bill-infants-parents-and-carers-bill-5ca.csv),,
"Mr Richard Holden (Conservative, Basildon and Billericay)",,1,0,0,0,0,,(evidence in briefs/bill-infants-parents-and-carers-bill-5ca.csv),,
"Patrick Spencer (Conservative, Central Suffolk and North Ipswich)",,1,0,0,0,0,,(evidence in briefs/bill-infants-parents-and-carers-bill-5ca.csv),,
"Pippa Heylings (Liberal Democrat, South Cambridgeshire)",,1,0,0,0,0,,(evidence in briefs/bill-infants-parents-and-carers-bill-5ca.csv),,
"Robin Swann (Ulster Unionist Party, South Antrim)",,1,0,0,0,0,,(evidence in briefs/bill-infants-parents-and-carers-bill-5ca.csv),,
"Sarah Bool (Conservative, South Northamptonshire)",,1,0,0,0,0,,(evidence in briefs/bill-infants-parents-and-carers-bill-5ca.csv),,
"Sarah Gibson (Liberal Democrat, Chippenham)",,1,0,0,0,0,,(evidence in briefs/bill-infants-parents-and-carers-bill-5ca.csv),,
"Sir Ashley Fox (Conservative, Bridgwater)",,1,0,0,0,0,,(evidence in briefs/bill-infants-parents-and-carers-bill-5ca.csv),,
"Sir Roger Gale (Conservative, Herne Bay and Sandwich)",,1,0,0,0,0,,(evidence in briefs/bill-infants-parents-and-carers-bill-5ca.csv),,
"Steve Darling (Liberal Democrat, Torbay)",,1,0,0,0,0,,(evidence in briefs/bill-infants-parents-and-carers-bill-5ca.csv),,
"Alison Bennett (Liberal Democrat, Mid Sussex)",,1,0,0,0,0,,(evidence in briefs/bill-infants-parents-and-carers-bill-5ca.csv),,
"Andrew Rosindell (Reform UK, Romford)",,1,0,0,0,0,,(evidence in briefs/bill-infants-parents-and-carers-bill-5ca.csv),,
"Ben Lake (Plaid Cymru, Ceredigion Preseli)",,1,0,0,0,0,,(evidence in briefs/bill-infants-parents-and-carers-bill-5ca.csv),,
"Brian Mathew (Liberal Democrat, Melksham and Devizes)",,1,0,0,0,0,,(evidence in briefs/bill-infants-parents-and-carers-bill-5ca.csv),,
"Cameron Thomas (Independent, Tewkesbury)",,1,0,0,0,0,,(evidence in briefs/bill-infants-parents-and-carers-bill-5ca.csv),,
"Caroline Nokes (Conservative, Romsey and Southampton North)",,1,0,0,0,0,,(evidence in briefs/bill-infants-parents-and-carers-bill-5ca.csv),,
"Charlie Maynard (Liberal Democrat, Witney)",,1,0,0,0,0,,(evidence in briefs/bill-infants-parents-and-carers-bill-5ca.csv),,
"Charlotte Cane (Liberal Democrat, Ely and East Cambridgeshire)",,1,0,0,0,0,,(evidence in briefs/bill-infants-parents-and-carers-bill-5ca.csv),,
"David Reed (Conservative, Exmouth and Exeter East)",,1,0,0,0,0,,(evidence in briefs/bill-infants-parents-and-carers-bill-5ca.csv),,
"Dr Roz Savage (Liberal Democrat, South Cotswolds)",,1,0,0,0,0,,(evidence in briefs/bill-infants-parents-and-carers-bill-5ca.csv),,
"James MacCleary (Liberal Democrat, Lewes)",,1,0,0,0,0,,(evidence in briefs/bill-infants-parents-and-carers-bill-5ca.csv),,
"Liz Saville Roberts (Plaid Cymru, Dwyfor Meirionnydd)",,1,0,0,0,0,,(evidence in briefs/bill-infants-parents-and-carers-bill-5ca.csv),,
"Ms Nusrat Ghani (Conservative, Sussex Weald)",,1,0,0,0,0,,(evidence in briefs/bill-infants-parents-and-carers-bill-5ca.csv),,
"Rupert Lowe (Restore Britain, Great Yarmouth)",,1,0,0,0,0,,(evidence in briefs/bill-infants-parents-and-carers-bill-5ca.csv),,
"Shockat Adam (Independent, Leicester South)",,1,0,0,0,0,,(evidence in briefs/bill-infants-parents-and-carers-bill-5ca.csv),,
"Sir Jeremy Wright (Conservative, Kenilworth and Southam)",,1,0,0,0,0,,(evidence in briefs/bill-infants-parents-and-carers-bill-5ca.csv),,
"Zöe Franklin (Liberal Democrat, Guildford)",,1,0,0,0,0,,(evidence in briefs/bill-infants-parents-and-carers-bill-5ca.csv),,
"Ann Davies (Plaid Cymru, Caerfyrddin)",,1,0,0,0,0,,(evidence in briefs/bill-infants-parents-and-carers-bill-5ca.csv),,
"Chris Coghlan (Liberal Democrat, Dorking and Horley)",,1,0,0,0,0,,(evidence in briefs/bill-infants-parents-and-carers-bill-5ca.csv),,
"Colum Eastwood (Social Democratic & Labour Party, Foyle)",,1,0,0,0,0,,(evidence in briefs/bill-infants-parents-and-carers-bill-5ca.csv),,
"Danny Kruger (Reform UK, East Wiltshire)",,1,0,0,0,0,,(evidence in briefs/bill-infants-parents-and-carers-bill-5ca.csv),,
"Josh Babarinde (Liberal Democrat, Eastbourne)",,1,0,0,0,0,,(evidence in briefs/bill-infants-parents-and-carers-bill-5ca.csv),,
"Lee Anderson (Reform UK, Ashfield)",,1,0,0,0,0,,(evidence in briefs/bill-infants-parents-and-carers-bill-5ca.csv),,
"Lincoln Jopp (Conservative, Spelthorne)",,1,0,0,0,0,,(evidence in briefs/bill-infants-parents-and-carers-bill-5ca.csv),,
"Llinos Medi (Plaid Cymru, Ynys Môn)",,1,0,0,0,0,,(evidence in briefs/bill-infants-parents-and-carers-bill-5ca.csv),,
"Monica Harding (Liberal Democrat, Esher and Walton)",,1,0,0,0,0,,(evidence in briefs/bill-infants-parents-and-carers-bill-5ca.csv),,
"Mr Angus MacDonald (Liberal Democrat, Inverness, Skye and West Ross-shire)",,1,0,0,0,0,,(evidence in briefs/bill-infants-parents-and-carers-bill-5ca.csv),,
"Robert Jenrick (Reform UK, Newark)",,1,0,0,0,0,,(evidence in briefs/bill-infants-parents-and-carers-bill-5ca.csv),,
"Sir Andrew Mitchell (Conservative, Sutton Coldfield)",,1,0,0,0,0,,(evidence in briefs/bill-infants-parents-and-carers-bill-5ca.csv),,
"Susan Murray (Liberal Democrat, Mid Dunbartonshire)",,1,0,0,0,0,,(evidence in briefs/bill-infants-parents-and-carers-bill-5ca.csv),,
"Tom Morrison (Liberal Democrat, Cheadle)",,1,0,0,0,0,,(evidence in briefs/bill-infants-parents-and-carers-bill-5ca.csv),,
"Ben Maguire (Liberal Democrat, North Cornwall)",,1,0,0,0,0,,(evidence in briefs/bill-infants-parents-and-carers-bill-5ca.csv),,
"Esther McVey (Conservative, Tatton)",,1,0,0,0,0,,(evidence in briefs/bill-infants-parents-and-carers-bill-5ca.csv),,
"Mr Andrew Snowden (Conservative, Fylde)",,1,0,0,0,0,,(evidence in briefs/bill-infants-parents-and-carers-bill-5ca.csv),,
"Nigel Farage (Reform UK, Clacton)",,1,0,0,0,0,,(evidence in briefs/bill-infants-parents-and-carers-bill-5ca.csv),,
"James McMurdock (Independent, South Basildon and East Thurrock)",,1,0,0,0,0,,(evidence in briefs/bill-infants-parents-and-carers-bill-5ca.csv),,
"Rachel Gilmour (Liberal Democrat, Tiverton and Minehead)",,1,0,0,0,0,,(evidence in briefs/bill-infants-parents-and-carers-bill-5ca.csv),,
"Sarah Pochin (Reform UK, Runcorn and Helsby)",,1,0,0,0,0,,(evidence in briefs/bill-infants-parents-and-carers-bill-5ca.csv),,
"Sir Christopher Chope (Conservative, Christchurch)",,1,0,0,0,0,,(evidence in briefs/bill-infants-parents-and-carers-bill-5ca.csv),,
"Steff Aquarone (Liberal Democrat, North Norfolk)",,1,0,0,0,0,,(evidence in briefs/bill-infants-parents-and-carers-bill-5ca.csv),,
"Richard Tice (Reform UK, Boston and Skegness)",,0,1,0,0,0,,(evidence in briefs/bill-infants-parents-and-carers-bill-5ca.csv),,
"Sir Lindsay Hoyle (Speaker, Chorley)",,0,0,1,0,0,,(evidence in briefs/bill-infants-parents-and-carers-bill-5ca.csv),,
"James Naish (Labour, Rushcliffe)",,0,0,1,0,0,,(evidence in briefs/bill-infants-parents-and-carers-bill-5ca.csv),,
"Andy Burnham (Labour (Co-op), Makerfield)",,0,0,1,0,0,,(evidence in briefs/bill-infants-parents-and-carers-bill-5ca.csv),,
"Ayoub Khan (Independent, Birmingham Perry Barr)",,0,0,1,0,0,,(evidence in briefs/bill-infants-parents-and-carers-bill-5ca.csv),,
"Chris Hazzard (Sinn Féin, South Down)",,0,0,1,0,0,,(evidence in briefs/bill-infants-parents-and-carers-bill-5ca.csv),,
"Dave Doogan (Scottish National Party, Angus and Perthshire Glens)",,0,0,1,0,0,,(evidence in briefs/bill-infants-parents-and-carers-bill-5ca.csv),,
"Douglas Lumsden (Conservative, Aberdeen South)",,0,0,1,0,0,,(evidence in briefs/bill-infants-parents-and-carers-bill-5ca.csv),,
"Dáire Hughes (Sinn Féin, Newry and Armagh)",,0,0,1,0,0,,(evidence in briefs/bill-infants-parents-and-carers-bill-5ca.csv),,
"John Finucane (Sinn Féin, Belfast North)",,0,0,1,0,0,,(evidence in briefs/bill-infants-parents-and-carers-bill-5ca.csv),,
"Lara Bird (Scottish National Party, Arbroath and Broughty Ferry)",,0,0,1,0,0,,(evidence in briefs/bill-infants-parents-and-carers-bill-5ca.csv),,
"Lillian Jones (Labour, Kilmarnock and Loudoun)",,0,0,1,0,0,,(evidence in briefs/bill-infants-parents-and-carers-bill-5ca.csv),,
"Mr Cathal Mallaghan (Sinn Féin, Mid Ulster)",,0,0,1,0,0,,(evidence in briefs/bill-infants-parents-and-carers-bill-5ca.csv),,
"Pat Cullen (Sinn Féin, Fermanagh and South Tyrone)",,0,0,1,0,0,,(evidence in briefs/bill-infants-parents-and-carers-bill-5ca.csv),,
"Paul Maskey (Sinn Féin, Belfast West)",,0,0,1,0,0,,(evidence in briefs/bill-infants-parents-and-carers-bill-5ca.csv),,
"Pete Wishart (Scottish National Party, Perth and Kinross-shire)",,0,0,1,0,0,,(evidence in briefs/bill-infants-parents-and-carers-bill-5ca.csv),,
"Órfhlaith Begley (Sinn Féin, West Tyrone)",,0,0,1,0,0,,(evidence in briefs/bill-infants-parents-and-carers-bill-5ca.csv),,
"Alison Taylor (Labour, Paisley and Renfrewshire North)",,0,0,0,1,0,,(evidence in briefs/bill-infants-parents-and-carers-bill-5ca.csv),,
"Maureen Burke (Labour, Glasgow North East)",,0,0,0,1,0,,(evidence in briefs/bill-infants-parents-and-carers-bill-5ca.csv),,
"Tom Gordon (Liberal Democrat, Harrogate and Knaresborough)",,0,0,0,1,0,,(evidence in briefs/bill-infants-parents-and-carers-bill-5ca.csv),,
"Stephen Morgan (Labour, Portsmouth South)",,0,0,0,0,1,,(evidence in briefs/bill-infants-parents-and-carers-bill-5ca.csv),,
"Sir Stephen Timms (Labour, East Ham)",,0,0,0,0,1,,(evidence in briefs/bill-infants-parents-and-carers-bill-5ca.csv),,
"Catherine McKinnell (Labour, Newcastle upon Tyne North)",,0,0,0,0,1,,(evidence in briefs/bill-infants-parents-and-carers-bill-5ca.csv),,
"Mike Kane (Labour, Wythenshawe and Sale East)",,0,0,0,0,1,,(evidence in briefs/bill-infants-parents-and-carers-bill-5ca.csv),,
"Bridget Phillipson (Labour, Houghton and Sunderland South)",,0,0,0,0,1,,(evidence in briefs/bill-infants-parents-and-carers-bill-5ca.csv),,
"Helen Hayes (Labour, Dulwich and West Norwood)",,0,0,0,0,1,,(evidence in briefs/bill-infants-parents-and-carers-bill-5ca.csv),,
"Rachael Maskell (Labour (Co-op), York Central)",,0,0,0,0,1,,(evidence in briefs/bill-infants-parents-and-carers-bill-5ca.csv),,
"Sarah Champion (Labour, Rotherham)",,0,0,0,0,1,,(evidence in briefs/bill-infants-parents-and-carers-bill-5ca.csv),,
"Olivia Bailey (Labour, Reading West and Mid Berkshire)",,0,0,0,0,1,,(evidence in briefs/bill-infants-parents-and-carers-bill-5ca.csv),,
"Dame Diana Johnson (Labour, Kingston upon Hull North and Cottingham)",,0,0,0,0,1,,(evidence in briefs/bill-infants-parents-and-carers-bill-5ca.csv),,
"Emma Lewell (Labour, South Shields)",,0,0,0,0,1,,(evidence in briefs/bill-infants-parents-and-carers-bill-5ca.csv),,
"Lucy Powell (Labour (Co-op), Manchester Central)",,0,0,0,0,1,,(evidence in briefs/bill-infants-parents-and-carers-bill-5ca.csv),,
"Mr Tanmanjeet Singh Dhesi (Labour, Slough)",,0,0,0,0,1,,(evidence in briefs/bill-infants-parents-and-carers-bill-5ca.csv),,
"Jim McMahon (Labour (Co-op), Oldham West, Chadderton and Royton)",,0,0,0,0,1,,(evidence in briefs/bill-infants-parents-and-carers-bill-5ca.csv),,
"Justin Madders (Labour, Ellesmere Port and Bromborough)",,0,0,0,0,1,,(evidence in briefs/bill-infants-parents-and-carers-bill-5ca.csv),,
"Tonia Antoniazzi (Labour, Gower)",,0,0,0,0,1,,(evidence in briefs/bill-infants-parents-and-carers-bill-5ca.csv),,
"Alex Norris (Labour (Co-op), Nottingham North and Kimberley)",,0,0,0,0,1,,(evidence in briefs/bill-infants-parents-and-carers-bill-5ca.csv),,
"Andy Slaughter (Labour, Hammersmith and Chiswick)",,0,0,0,0,1,,(evidence in briefs/bill-infants-parents-and-carers-bill-5ca.csv),,
"Anneliese Dodds (Labour (Co-op), Oxford East)",,0,0,0,0,1,,(evidence in briefs/bill-infants-parents-and-carers-bill-5ca.csv),,
"Carolyn Harris (Labour, Neath and Swansea East)",,0,0,0,0,1,,(evidence in briefs/bill-infants-parents-and-carers-bill-5ca.csv),,
"Dame Angela Eagle (Labour, Wallasey)",,0,0,0,0,1,,(evidence in briefs/bill-infants-parents-and-carers-bill-5ca.csv),,
"Dame Chi Onwurah (Labour, Newcastle upon Tyne Central and West)",,0,0,0,0,1,,(evidence in briefs/bill-infants-parents-and-carers-bill-5ca.csv),,
"Ian Lavery (Labour, Blyth and Ashington)",,0,0,0,0,1,,(evidence in briefs/bill-infants-parents-and-carers-bill-5ca.csv),,
"Jon Trickett (Labour, Normanton and Hemsworth)",,0,0,0,0,1,,(evidence in briefs/bill-infants-parents-and-carers-bill-5ca.csv),,
"Kerry McCarthy (Labour, Bristol East)",,0,0,0,0,1,,(evidence in briefs/bill-infants-parents-and-carers-bill-5ca.csv),,
"Kim Johnson (Labour, Liverpool Riverside)",,0,0,0,0,1,,(evidence in briefs/bill-infants-parents-and-carers-bill-5ca.csv),,
"Lewis Atkinson (Labour, Sunderland Central)",,0,0,0,0,1,,(evidence in briefs/bill-infants-parents-and-carers-bill-5ca.csv),,
"Luke Pollard (Labour (Co-op), Plymouth Sutton and Devonport)",,0,0,0,0,1,,(evidence in briefs/bill-infants-parents-and-carers-bill-5ca.csv),,
"Rachel Hopkins (Labour, Luton South and South Bedfordshire)",,0,0,0,0,1,,(evidence in briefs/bill-infants-parents-and-carers-bill-5ca.csv),,
"Samantha Niblett (Labour, South Derbyshire)",,0,0,0,0,1,,(evidence in briefs/bill-infants-parents-and-carers-bill-5ca.csv),,
"Valerie Vaz (Labour, Walsall and Bloxwich)",,0,0,0,0,1,,(evidence in briefs/bill-infants-parents-and-carers-bill-5ca.csv),,
"Alison McGovern (Labour, Birkenhead)",,0,0,0,0,1,,(evidence in briefs/bill-infants-parents-and-carers-bill-5ca.csv),,
"Amanda Martin (Labour, Portsmouth North)",,0,0,0,0,1,,(evidence in briefs/bill-infants-parents-and-carers-bill-5ca.csv),,
"Andy McDonald (Labour, Middlesbrough and Thornaby East)",,0,0,0,0,1,,(evidence in briefs/bill-infants-parents-and-carers-bill-5ca.csv),,
"Angela Rayner (Labour, Ashton-under-Lyne)",,0,0,0,0,1,,(evidence in briefs/bill-infants-parents-and-carers-bill-5ca.csv),,
"Catherine West (Labour, Hornsey and Friern Barnet)",,0,0,0,0,1,,(evidence in briefs/bill-infants-parents-and-carers-bill-5ca.csv),,
"Charlotte Nichols (Labour, Warrington North)",,0,0,0,0,1,,(evidence in briefs/bill-infants-parents-and-carers-bill-5ca.csv),,
"Daniel Zeichner (Labour, Cambridge)",,0,0,0,0,1,,(evidence in briefs/bill-infants-parents-and-carers-bill-5ca.csv),,
"Dave Robertson (Labour, Lichfield)",,0,0,0,0,1,,(evidence in briefs/bill-infants-parents-and-carers-bill-5ca.csv),,
"Dawn Butler (Labour, Brent East)",,0,0,0,0,1,,(evidence in briefs/bill-infants-parents-and-carers-bill-5ca.csv),,
"Dr Peter Prinsley (Labour, Bury St Edmunds and Stowmarket)",,0,0,0,0,1,,(evidence in briefs/bill-infants-parents-and-carers-bill-5ca.csv),,
"Dr Rupa Huq (Labour, Ealing Central and Acton)",,0,0,0,0,1,,(evidence in briefs/bill-infants-parents-and-carers-bill-5ca.csv),,
"Emily Darlington (Labour, Milton Keynes Central)",,0,0,0,0,1,,(evidence in briefs/bill-infants-parents-and-carers-bill-5ca.csv),,
"Feryal Clark (Labour, Enfield North)",,0,0,0,0,1,,(evidence in briefs/bill-infants-parents-and-carers-bill-5ca.csv),,
"Hilary Benn (Labour, Leeds South)",,0,0,0,0,1,,(evidence in briefs/bill-infants-parents-and-carers-bill-5ca.csv),,
"Ian Byrne (Labour, Liverpool West Derby)",,0,0,0,0,1,,(evidence in briefs/bill-infants-parents-and-carers-bill-5ca.csv),,
"Jeff Smith (Labour, Manchester Withington)",,0,0,0,0,1,,(evidence in briefs/bill-infants-parents-and-carers-bill-5ca.csv),,
"Josh MacAlister (Labour, Whitehaven and Workington)",,0,0,0,0,1,,(evidence in briefs/bill-infants-parents-and-carers-bill-5ca.csv),,
"Karin Smyth (Labour, Bristol South)",,0,0,0,0,1,,(evidence in briefs/bill-infants-parents-and-carers-bill-5ca.csv),,
"Kim Leadbeater (Labour, Spen Valley)",,0,0,0,0,1,,(evidence in briefs/bill-infants-parents-and-carers-bill-5ca.csv),,
"Liz Twist (Labour, Blaydon and Consett)",,0,0,0,0,1,,(evidence in briefs/bill-infants-parents-and-carers-bill-5ca.csv),,
"Mary Kelly Foy (Labour, City of Durham)",,0,0,0,0,1,,(evidence in briefs/bill-infants-parents-and-carers-bill-5ca.csv),,
"Matt Rodda (Labour, Reading Central)",,0,0,0,0,1,,(evidence in briefs/bill-infants-parents-and-carers-bill-5ca.csv),,
"Matthew Pennycook (Labour, Greenwich and Woolwich)",,0,0,0,0,1,,(evidence in briefs/bill-infants-parents-and-carers-bill-5ca.csv),,
"Navendu Mishra (Labour, Stockport)",,0,0,0,0,1,,(evidence in briefs/bill-infants-parents-and-carers-bill-5ca.csv),,
"Nick Smith (Labour, Blaenau Gwent and Rhymney)",,0,0,0,0,1,,(evidence in briefs/bill-infants-parents-and-carers-bill-5ca.csv),,
"Olivia Blake (Labour, Sheffield Hallam)",,0,0,0,0,1,,(evidence in briefs/bill-infants-parents-and-carers-bill-5ca.csv),,
"Rushanara Ali (Labour, Bethnal Green and Stepney)",,0,0,0,0,1,,(evidence in briefs/bill-infants-parents-and-carers-bill-5ca.csv),,
"Ruth Jones (Labour, Newport West and Islwyn)",,0,0,0,0,1,,(evidence in briefs/bill-infants-parents-and-carers-bill-5ca.csv),,
"Sam Carling (Labour, North West Cambridgeshire)",,0,0,0,0,1,,(evidence in briefs/bill-infants-parents-and-carers-bill-5ca.csv),,
"Sir Mark Tami (Labour, Alyn and Deeside)",,0,0,0,0,1,,(evidence in briefs/bill-infants-parents-and-carers-bill-5ca.csv),,
"Tulip Siddiq (Labour, Hampstead and Highgate)",,0,0,0,0,1,,(evidence in briefs/bill-infants-parents-and-carers-bill-5ca.csv),,
"Bell Ribeiro-Addy (Labour, Clapham and Brixton Hill)",,0,0,0,0,1,,(evidence in briefs/bill-infants-parents-and-carers-bill-5ca.csv),,
"Dame Meg Hillier (Labour (Co-op), Hackney South and Shoreditch)",,0,0,0,0,1,,(evidence in briefs/bill-infants-parents-and-carers-bill-5ca.csv),,
"Debbie Abrahams (Labour, Oldham East and Saddleworth)",,0,0,0,0,1,,(evidence in briefs/bill-infants-parents-and-carers-bill-5ca.csv),,
"Grahame Morris (Labour, Easington)",,0,0,0,0,1,,(evidence in briefs/bill-infants-parents-and-carers-bill-5ca.csv),,
"Gregor Poynton (Labour, Livingston)",,0,0,0,0,1,,(evidence in briefs/bill-infants-parents-and-carers-bill-5ca.csv),,
"Jess Phillips (Labour, Birmingham Yardley)",,0,0,0,0,1,,(evidence in briefs/bill-infants-parents-and-carers-bill-5ca.csv),,
"John Whitby (Labour, Derbyshire Dales)",,0,0,0,0,1,,(evidence in briefs/bill-infants-parents-and-carers-bill-5ca.csv),,
"Maria Eagle (Labour, Liverpool Garston)",,0,0,0,0,1,,(evidence in briefs/bill-infants-parents-and-carers-bill-5ca.csv),,
"Mrs Sharon Hodgson (Labour, Washington and Gateshead South)",,0,0,0,0,1,,(evidence in briefs/bill-infants-parents-and-carers-bill-5ca.csv),,
"Ms Abena Oppong-Asare (Labour, Erith and Thamesmead)",,0,0,0,0,1,,(evidence in briefs/bill-infants-parents-and-carers-bill-5ca.csv),,
"Paulette Hamilton (Labour, Birmingham Erdington)",,0,0,0,0,1,,(evidence in briefs/bill-infants-parents-and-carers-bill-5ca.csv),,
"Preet Kaur Gill (Labour (Co-op), Birmingham Edgbaston)",,0,0,0,0,1,,(evidence in briefs/bill-infants-parents-and-carers-bill-5ca.csv),,
"Sir Alan Campbell (Labour, Tynemouth)",,0,0,0,0,1,,(evidence in briefs/bill-infants-parents-and-carers-bill-5ca.csv),,
"Sir Nicholas Dakin (Labour, Scunthorpe)",,0,0,0,0,1,,(evidence in briefs/bill-infants-parents-and-carers-bill-5ca.csv),,
"Vicky Foxcroft (Labour, Lewisham North)",,0,0,0,0,1,,(evidence in briefs/bill-infants-parents-and-carers-bill-5ca.csv),,
"Abtisam Mohamed (Labour, Sheffield Central)",,0,0,0,0,1,,(evidence in briefs/bill-infants-parents-and-carers-bill-5ca.csv),,
"Adam Jogee (Labour, Newcastle-under-Lyme)",,0,0,0,0,1,,(evidence in briefs/bill-infants-parents-and-carers-bill-5ca.csv),,
"Afzal Khan (Labour, Manchester Rusholme)",,0,0,0,0,1,,(evidence in briefs/bill-infants-parents-and-carers-bill-5ca.csv),,
"Alex Sobel (Labour (Co-op), Leeds Central and Headingley)",,0,0,0,0,1,,(evidence in briefs/bill-infants-parents-and-carers-bill-5ca.csv),,
"Andrew Cooper (Labour, Mid Cheshire)",,0,0,0,0,1,,(evidence in briefs/bill-infants-parents-and-carers-bill-5ca.csv),,
"Andrew Western (Labour, Stretford and Urmston)",,0,0,0,0,1,,(evidence in briefs/bill-infants-parents-and-carers-bill-5ca.csv),,
"Catherine Atkinson (Labour, Derby North)",,0,0,0,0,1,,(evidence in briefs/bill-infants-parents-and-carers-bill-5ca.csv),,
"Chris Hinchliff (Labour, North East Hertfordshire)",,0,0,0,0,1,,(evidence in briefs/bill-infants-parents-and-carers-bill-5ca.csv),,
"Chris Vince (Labour (Co-op), Harlow)",,0,0,0,0,1,,(evidence in briefs/bill-infants-parents-and-carers-bill-5ca.csv),,
"Clive Efford (Labour, Eltham and Chislehurst)",,0,0,0,0,1,,(evidence in briefs/bill-infants-parents-and-carers-bill-5ca.csv),,
"Dame Nia Griffith (Labour, Llanelli)",,0,0,0,0,1,,(evidence in briefs/bill-infants-parents-and-carers-bill-5ca.csv),,
"Dame Siobhain McDonagh (Labour, Mitcham and Morden)",,0,0,0,0,1,,(evidence in briefs/bill-infants-parents-and-carers-bill-5ca.csv),,
"Dr Ellie Chowns (Green Party, North Herefordshire)",,0,0,0,0,1,,(evidence in briefs/bill-infants-parents-and-carers-bill-5ca.csv),,
"Gerald Jones (Labour, Merthyr Tydfil and Aberdare)",,0,0,0,0,1,,(evidence in briefs/bill-infants-parents-and-carers-bill-5ca.csv),,
"Ian Murray (Labour, Edinburgh South)",,0,0,0,0,1,,(evidence in briefs/bill-infants-parents-and-carers-bill-5ca.csv),,
"James Murray (Labour (Co-op), Ealing North)",,0,0,0,0,1,,(evidence in briefs/bill-infants-parents-and-carers-bill-5ca.csv),,
"Janet Daby (Labour, Lewisham East)",,0,0,0,0,1,,(evidence in briefs/bill-infants-parents-and-carers-bill-5ca.csv),,
"Jeremy Corbyn (Your Party, Islington North)",,0,0,0,0,1,,(evidence in briefs/bill-infants-parents-and-carers-bill-5ca.csv),,
"Jo Platt (Labour (Co-op), Leigh and Atherton)",,0,0,0,0,1,,(evidence in briefs/bill-infants-parents-and-carers-bill-5ca.csv),,
"Jo Stevens (Labour, Cardiff East)",,0,0,0,0,1,,(evidence in briefs/bill-infants-parents-and-carers-bill-5ca.csv),,
"Liam Byrne (Labour, Birmingham Hodge Hill and Solihull North)",,0,0,0,0,1,,(evidence in briefs/bill-infants-parents-and-carers-bill-5ca.csv),,
"Lilian Greenwood (Labour, Nottingham South)",,0,0,0,0,1,,(evidence in briefs/bill-infants-parents-and-carers-bill-5ca.csv),,
"Louise Haigh (Labour, Sheffield Heeley)",,0,0,0,0,1,,(evidence in briefs/bill-infants-parents-and-carers-bill-5ca.csv),,
"Luke Murphy (Labour, Basingstoke)",,0,0,0,0,1,,(evidence in briefs/bill-infants-parents-and-carers-bill-5ca.csv),,
"Mary Glindon (Labour, Newcastle upon Tyne East and Wallsend)",,0,0,0,0,1,,(evidence in briefs/bill-infants-parents-and-carers-bill-5ca.csv),,
"Melanie Onn (Labour, Great Grimsby and Cleethorpes)",,0,0,0,0,1,,(evidence in briefs/bill-infants-parents-and-carers-bill-5ca.csv),,
"Mr James Frith (Labour, Bury North)",,0,0,0,0,1,,(evidence in briefs/bill-infants-parents-and-carers-bill-5ca.csv),,
"Mrs Elsie Blundell (Labour, Heywood and Middleton North)",,0,0,0,0,1,,(evidence in briefs/bill-infants-parents-and-carers-bill-5ca.csv),,
"Ms Marie Rimmer (Labour, St Helens South and Whiston)",,0,0,0,0,1,,(evidence in briefs/bill-infants-parents-and-carers-bill-5ca.csv),,
"Neil Coyle (Labour, Bermondsey and Old Southwark)",,0,0,0,0,1,,(evidence in briefs/bill-infants-parents-and-carers-bill-5ca.csv),,
"Paul Waugh (Labour (Co-op), Rochdale)",,0,0,0,0,1,,(evidence in briefs/bill-infants-parents-and-carers-bill-5ca.csv),,
"Peter Dowd (Labour, Bootle)",,0,0,0,0,1,,(evidence in briefs/bill-infants-parents-and-carers-bill-5ca.csv),,
"Sarah Russell (Labour, Congleton)",,0,0,0,0,1,,(evidence in briefs/bill-infants-parents-and-carers-bill-5ca.csv),,
"Stephen Kinnock (Labour, Aberafan Maesteg)",,0,0,0,0,1,,(evidence in briefs/bill-infants-parents-and-carers-bill-5ca.csv),,
"Tristan Osborne (Labour, Chatham and Aylesford)",,0,0,0,0,1,,(evidence in briefs/bill-infants-parents-and-carers-bill-5ca.csv),,
"Warinder Juss (Labour, Wolverhampton West)",,0,0,0,0,1,,(evidence in briefs/bill-infants-parents-and-carers-bill-5ca.csv),,
"Will Stone (Labour, Swindon North)",,0,0,0,0,1,,(evidence in briefs/bill-infants-parents-and-carers-bill-5ca.csv),,
"Yasmin Qureshi (Labour, Bolton South and Walkden)",,0,0,0,0,1,,(evidence in briefs/bill-infants-parents-and-carers-bill-5ca.csv),,
"Alex Baker (Labour, Aldershot)",,0,0,0,0,1,,(evidence in briefs/bill-infants-parents-and-carers-bill-5ca.csv),,
"Alex Mayer (Labour, Dunstable and Leighton Buzzard)",,0,0,0,0,1,,(evidence in briefs/bill-infants-parents-and-carers-bill-5ca.csv),,
"Alex McIntyre (Labour, Gloucester)",,0,0,0,0,1,,(evidence in briefs/bill-infants-parents-and-carers-bill-5ca.csv),,
"Amanda Hack (Labour, North West Leicestershire)",,0,0,0,0,1,,(evidence in briefs/bill-infants-parents-and-carers-bill-5ca.csv),,
"Andrew Ranger (Labour, Wrexham)",,0,0,0,0,1,,(evidence in briefs/bill-infants-parents-and-carers-bill-5ca.csv),,
"Andy MacNae (Labour, Rossendale and Darwen)",,0,0,0,0,1,,(evidence in briefs/bill-infants-parents-and-carers-bill-5ca.csv),,
"Anneliese Midgley (Labour, Knowsley)",,0,0,0,0,1,,(evidence in briefs/bill-infants-parents-and-carers-bill-5ca.csv),,
"Ben Goldsborough (Labour, South Norfolk)",,0,0,0,0,1,,(evidence in briefs/bill-infants-parents-and-carers-bill-5ca.csv),,
"Bill Esterson (Labour, Sefton Central)",,0,0,0,0,1,,(evidence in briefs/bill-infants-parents-and-carers-bill-5ca.csv),,
"Blair McDougall (Labour, East Renfrewshire)",,0,0,0,0,1,,(evidence in briefs/bill-infants-parents-and-carers-bill-5ca.csv),,
"Callum Anderson (Labour, Buckingham and Bletchley)",,0,0,0,0,1,,(evidence in briefs/bill-infants-parents-and-carers-bill-5ca.csv),,
"Chris Bryant (Labour, Rhondda and Ogmore)",,0,0,0,0,1,,(evidence in briefs/bill-infants-parents-and-carers-bill-5ca.csv),,
"Chris Evans (Labour (Co-op), Caerphilly)",,0,0,0,0,1,,(evidence in briefs/bill-infants-parents-and-carers-bill-5ca.csv),,
"Christian Wakeford (Labour, Bury South)",,0,0,0,0,1,,(evidence in briefs/bill-infants-parents-and-carers-bill-5ca.csv),,
"Claire Hazelgrove (Labour, Filton and Bradley Stoke)",,0,0,0,0,1,,(evidence in briefs/bill-infants-parents-and-carers-bill-5ca.csv),,
"Claire Hughes (Labour, Bangor Aberconwy)",,0,0,0,0,1,,(evidence in briefs/bill-infants-parents-and-carers-bill-5ca.csv),,
"Dan Jarvis (Labour, Barnsley North)",,0,0,0,0,1,,(evidence in briefs/bill-infants-parents-and-carers-bill-5ca.csv),,
"Danny Beales (Labour, Uxbridge and South Ruislip)",,0,0,0,0,1,,(evidence in briefs/bill-infants-parents-and-carers-bill-5ca.csv),,
"David Burton-Sampson (Labour, Southend West and Leigh)",,0,0,0,0,1,,(evidence in briefs/bill-infants-parents-and-carers-bill-5ca.csv),,
"David Williams (Labour, Stoke-on-Trent North)",,0,0,0,0,1,,(evidence in briefs/bill-infants-parents-and-carers-bill-5ca.csv),,
"Douglas McAllister (Labour, West Dunbartonshire)",,0,0,0,0,1,,(evidence in briefs/bill-infants-parents-and-carers-bill-5ca.csv),,
"Dr Lauren Sullivan (Labour, Gravesham)",,0,0,0,0,1,,(evidence in briefs/bill-infants-parents-and-carers-bill-5ca.csv),,
"Dr Zubir Ahmed (Labour, Glasgow South West)",,0,0,0,0,1,,(evidence in briefs/bill-infants-parents-and-carers-bill-5ca.csv),,
"Ellie Reeves (Labour, Lewisham West and East Dulwich)",,0,0,0,0,1,,(evidence in briefs/bill-infants-parents-and-carers-bill-5ca.csv),,
"Emma Reynolds (Labour, Wycombe)",,0,0,0,0,1,,(evidence in briefs/bill-infants-parents-and-carers-bill-5ca.csv),,
"Gareth Snell (Labour (Co-op), Stoke-on-Trent Central)",,0,0,0,0,1,,(evidence in briefs/bill-infants-parents-and-carers-bill-5ca.csv),,
"Gen Kitchen (Labour, Wellingborough and Rushden)",,0,0,0,0,1,,(evidence in briefs/bill-infants-parents-and-carers-bill-5ca.csv),,
"Gurinder Singh Josan (Labour, Smethwick)",,0,0,0,0,1,,(evidence in briefs/bill-infants-parents-and-carers-bill-5ca.csv),,
"Jack Abbott (Labour (Co-op), Ipswich)",,0,0,0,0,1,,(evidence in briefs/bill-infants-parents-and-carers-bill-5ca.csv),,
"James Asser (Labour, West Ham and Beckton)",,0,0,0,0,1,,(evidence in briefs/bill-infants-parents-and-carers-bill-5ca.csv),,
"Jayne Kirkham (Labour (Co-op), Truro and Falmouth)",,0,0,0,0,1,,(evidence in briefs/bill-infants-parents-and-carers-bill-5ca.csv),,
"Jenny Riddell-Carpenter (Labour, Suffolk Coastal)",,0,0,0,0,1,,(evidence in briefs/bill-infants-parents-and-carers-bill-5ca.csv),,
"Jessica Morden (Labour, Newport East)",,0,0,0,0,1,,(evidence in briefs/bill-infants-parents-and-carers-bill-5ca.csv),,
"Jessica Toale (Labour, Bournemouth West)",,0,0,0,0,1,,(evidence in briefs/bill-infants-parents-and-carers-bill-5ca.csv),,
"Jo White (Labour, Bassetlaw)",,0,0,0,0,1,,(evidence in briefs/bill-infants-parents-and-carers-bill-5ca.csv),,
"Jodie Gosling (Labour, Nuneaton)",,0,0,0,0,1,,(evidence in briefs/bill-infants-parents-and-carers-bill-5ca.csv),,
"Johanna Baxter (Labour, Paisley and Renfrewshire South)",,0,0,0,0,1,,(evidence in briefs/bill-infants-parents-and-carers-bill-5ca.csv),,
"Jon Pearce (Labour, High Peak)",,0,0,0,0,1,,(evidence in briefs/bill-infants-parents-and-carers-bill-5ca.csv),,
"Jonathan Davies (Labour, Mid Derbyshire)",,0,0,0,0,1,,(evidence in briefs/bill-infants-parents-and-carers-bill-5ca.csv),,
"Josh Dean (Labour, Hertford and Stortford)",,0,0,0,0,1,,(evidence in briefs/bill-infants-parents-and-carers-bill-5ca.csv),,
"Josh Newbury (Labour, Cannock Chase)",,0,0,0,0,1,,(evidence in briefs/bill-infants-parents-and-carers-bill-5ca.csv),,
"Kate Dearden (Labour (Co-op), Halifax)",,0,0,0,0,1,,(evidence in briefs/bill-infants-parents-and-carers-bill-5ca.csv),,
"Kate Osborne (Labour, Jarrow and Gateshead East)",,0,0,0,0,1,,(evidence in briefs/bill-infants-parents-and-carers-bill-5ca.csv),,
"Katrina Murray (Labour, Cumbernauld and Kirkintilloch)",,0,0,0,0,1,,(evidence in briefs/bill-infants-parents-and-carers-bill-5ca.csv),,
"Laura Kyrke-Smith (Labour, Aylesbury)",,0,0,0,0,1,,(evidence in briefs/bill-infants-parents-and-carers-bill-5ca.csv),,
"Lauren Edwards (Labour, Rochester and Strood)",,0,0,0,0,1,,(evidence in briefs/bill-infants-parents-and-carers-bill-5ca.csv),,
"Lee Pitcher (Labour, Doncaster East and the Isle of Axholme)",,0,0,0,0,1,,(evidence in briefs/bill-infants-parents-and-carers-bill-5ca.csv),,
"Liam Conlon (Labour, Beckenham and Penge)",,0,0,0,0,1,,(evidence in briefs/bill-infants-parents-and-carers-bill-5ca.csv),,
"Linsey Farnsworth (Labour, Amber Valley)",,0,0,0,0,1,,(evidence in briefs/bill-infants-parents-and-carers-bill-5ca.csv),,
"Liz Kendall (Labour, Leicester West)",,0,0,0,0,1,,(evidence in briefs/bill-infants-parents-and-carers-bill-5ca.csv),,
"Lizzi Collinge (Labour, Morecambe and Lunesdale)",,0,0,0,0,1,,(evidence in briefs/bill-infants-parents-and-carers-bill-5ca.csv),,
"Lloyd Hatton (Labour, South Dorset)",,0,0,0,0,1,,(evidence in briefs/bill-infants-parents-and-carers-bill-5ca.csv),,
"Lola McEvoy (Labour, Darlington)",,0,0,0,0,1,,(evidence in briefs/bill-infants-parents-and-carers-bill-5ca.csv),,
"Luke Akehurst (Labour, North Durham)",,0,0,0,0,1,,(evidence in briefs/bill-infants-parents-and-carers-bill-5ca.csv),,
"Mark Ferguson (Labour, Gateshead Central and Whickham)",,0,0,0,0,1,,(evidence in briefs/bill-infants-parents-and-carers-bill-5ca.csv),,
"Matt Turmaine (Labour, Watford)",,0,0,0,0,1,,(evidence in briefs/bill-infants-parents-and-carers-bill-5ca.csv),,
"Mohammad Yasin (Labour, Bedford)",,0,0,0,0,1,,(evidence in briefs/bill-infants-parents-and-carers-bill-5ca.csv),,
"Mr Connor Rand (Labour, Altrincham and Sale West)",,0,0,0,0,1,,(evidence in briefs/bill-infants-parents-and-carers-bill-5ca.csv),,
"Ms Julie Minns (Labour, Carlisle)",,0,0,0,0,1,,(evidence in briefs/bill-infants-parents-and-carers-bill-5ca.csv),,
"Naz Shah (Labour, Bradford West)",,0,0,0,0,1,,(evidence in briefs/bill-infants-parents-and-carers-bill-5ca.csv),,
"Oliver Ryan (Labour (Co-op), Burnley)",,0,0,0,0,1,,(evidence in briefs/bill-infants-parents-and-carers-bill-5ca.csv),,
"Patrick Hurley (Labour, Southport)",,0,0,0,0,1,,(evidence in briefs/bill-infants-parents-and-carers-bill-5ca.csv),,
"Paul Davies (Labour, Colne Valley)",,0,0,0,0,1,,(evidence in briefs/bill-infants-parents-and-carers-bill-5ca.csv),,
"Paula Barker (Labour, Liverpool Wavertree)",,0,0,0,0,1,,(evidence in briefs/bill-infants-parents-and-carers-bill-5ca.csv),,
"Peter Lamb (Labour, Crawley)",,0,0,0,0,1,,(evidence in briefs/bill-infants-parents-and-carers-bill-5ca.csv),,
"Rebecca Long Bailey (Labour, Salford)",,0,0,0,0,1,,(evidence in briefs/bill-infants-parents-and-carers-bill-5ca.csv),,
"Sally Jameson (Labour (Co-op), Doncaster Central)",,0,0,0,0,1,,(evidence in briefs/bill-infants-parents-and-carers-bill-5ca.csv),,
"Sarah Coombes (Labour, West Bromwich)",,0,0,0,0,1,,(evidence in briefs/bill-infants-parents-and-carers-bill-5ca.csv),,
"Sarah Jones (Labour, Croydon West)",,0,0,0,0,1,,(evidence in briefs/bill-infants-parents-and-carers-bill-5ca.csv),,
"Sean Woodcock (Labour, Banbury)",,0,0,0,0,1,,(evidence in briefs/bill-infants-parents-and-carers-bill-5ca.csv),,
"Seema Malhotra (Labour (Co-op), Feltham and Heston)",,0,0,0,0,1,,(evidence in briefs/bill-infants-parents-and-carers-bill-5ca.csv),,
"Shabana Mahmood (Labour, Birmingham Ladywood)",,0,0,0,0,1,,(evidence in briefs/bill-infants-parents-and-carers-bill-5ca.csv),,
"Sojan Joseph (Labour, Ashford)",,0,0,0,0,1,,(evidence in briefs/bill-infants-parents-and-carers-bill-5ca.csv),,
"Steve Witherden (Labour, Montgomeryshire and Glyndŵr)",,0,0,0,0,1,,(evidence in briefs/bill-infants-parents-and-carers-bill-5ca.csv),,
"Steve Yemm (Labour, Mansfield)",,0,0,0,0,1,,(evidence in briefs/bill-infants-parents-and-carers-bill-5ca.csv),,
"Tahir Ali (Labour, Birmingham Hall Green and Moseley)",,0,0,0,0,1,,(evidence in briefs/bill-infants-parents-and-carers-bill-5ca.csv),,
"Tom Collins (Labour, Worcester)",,0,0,0,0,1,,(evidence in briefs/bill-infants-parents-and-carers-bill-5ca.csv),,
"Adrian Ramsay (Green Party, Waveney Valley)",,0,0,0,0,1,,(evidence in briefs/bill-infants-parents-and-carers-bill-5ca.csv),,
"Alan Strickland (Labour, Newton Aycliffe and Spennymoor)",,0,0,0,0,1,,(evidence in briefs/bill-infants-parents-and-carers-bill-5ca.csv),,
"Alex Davies-Jones (Labour, Pontypridd)",,0,0,0,0,1,,(evidence in briefs/bill-infants-parents-and-carers-bill-5ca.csv),,
"Alison Hume (Labour, Scarborough and Whitby)",,0,0,0,0,1,,(evidence in briefs/bill-infants-parents-and-carers-bill-5ca.csv),,
"Alistair Strathern (Labour, Hitchin)",,0,0,0,0,1,,(evidence in briefs/bill-infants-parents-and-carers-bill-5ca.csv),,
"Andrew Lewin (Labour, Welwyn Hatfield)",,0,0,0,0,1,,(evidence in briefs/bill-infants-parents-and-carers-bill-5ca.csv),,
"Anna Turley (Labour (Co-op), Redcar)",,0,0,0,0,1,,(evidence in briefs/bill-infants-parents-and-carers-bill-5ca.csv),,
"Apsana Begum (Labour, Poplar and Limehouse)",,0,0,0,0,1,,(evidence in briefs/bill-infants-parents-and-carers-bill-5ca.csv),,
"Ashley Dalton (Labour, West Lancashire)",,0,0,0,0,1,,(evidence in briefs/bill-infants-parents-and-carers-bill-5ca.csv),,
"Bambos Charalambous (Labour, Southgate and Wood Green)",,0,0,0,0,1,,(evidence in briefs/bill-infants-parents-and-carers-bill-5ca.csv),,
"Becky Gittins (Labour, Clwyd East)",,0,0,0,0,1,,(evidence in briefs/bill-infants-parents-and-carers-bill-5ca.csv),,
"Chris Bloore (Labour, Redditch)",,0,0,0,0,1,,(evidence in briefs/bill-infants-parents-and-carers-bill-5ca.csv),,
"Chris Ward (Labour, Brighton Kemptown and Peacehaven)",,0,0,0,0,1,,(evidence in briefs/bill-infants-parents-and-carers-bill-5ca.csv),,
"Clive Lewis (Labour, Norwich South)",,0,0,0,0,1,,(evidence in briefs/bill-infants-parents-and-carers-bill-5ca.csv),,
"Damien Egan (Labour, Bristol North East)",,0,0,0,0,1,,(evidence in briefs/bill-infants-parents-and-carers-bill-5ca.csv),,
"Dan Carden (Labour, Liverpool Walton)",,0,0,0,0,1,,(evidence in briefs/bill-infants-parents-and-carers-bill-5ca.csv),,
"David Pinto-Duschinsky (Labour, Hendon)",,0,0,0,0,1,,(evidence in briefs/bill-infants-parents-and-carers-bill-5ca.csv),,
"Deirdre Costigan (Labour, Ealing Southall)",,0,0,0,0,1,,(evidence in briefs/bill-infants-parents-and-carers-bill-5ca.csv),,
"Dr Allison Gardner (Labour, Stoke-on-Trent South)",,0,0,0,0,1,,(evidence in briefs/bill-infants-parents-and-carers-bill-5ca.csv),,
"Emma Hardy (Labour, Kingston upon Hull West and Haltemprice)",,0,0,0,0,1,,(evidence in briefs/bill-infants-parents-and-carers-bill-5ca.csv),,
"Euan Stainbank (Labour, Falkirk)",,0,0,0,0,1,,(evidence in briefs/bill-infants-parents-and-carers-bill-5ca.csv),,
"Fleur Anderson (Labour, Putney)",,0,0,0,0,1,,(evidence in briefs/bill-infants-parents-and-carers-bill-5ca.csv),,
"Gill Furniss (Labour, Sheffield Brightside and Hillsborough)",,0,0,0,0,1,,(evidence in briefs/bill-infants-parents-and-carers-bill-5ca.csv),,
"Jen Craft (Labour, Thurrock)",,0,0,0,0,1,,(evidence in briefs/bill-infants-parents-and-carers-bill-5ca.csv),,
"Jim Dickson (Labour, Dartford)",,0,0,0,0,1,,(evidence in briefs/bill-infants-parents-and-carers-bill-5ca.csv),,
"John Grady (Labour, Glasgow East)",,0,0,0,0,1,,(evidence in briefs/bill-infants-parents-and-carers-bill-5ca.csv),,
"John Slinger (Labour, Rugby)",,0,0,0,0,1,,(evidence in briefs/bill-infants-parents-and-carers-bill-5ca.csv),,
"Jonathan Reynolds (Labour (Co-op), Stalybridge and Hyde)",,0,0,0,0,1,,(evidence in briefs/bill-infants-parents-and-carers-bill-5ca.csv),,
"Josh Fenton-Glynn (Labour, Calder Valley)",,0,0,0,0,1,,(evidence in briefs/bill-infants-parents-and-carers-bill-5ca.csv),,
"Keir Mather (Labour, Selby)",,0,0,0,0,1,,(evidence in briefs/bill-infants-parents-and-carers-bill-5ca.csv),,
"Kevin Bonavia (Labour, Stevenage)",,0,0,0,0,1,,(evidence in briefs/bill-infants-parents-and-carers-bill-5ca.csv),,
"Kevin McKenna (Labour, Sittingbourne and Sheppey)",,0,0,0,0,1,,(evidence in briefs/bill-infants-parents-and-carers-bill-5ca.csv),,
"Kirsty Blackman (Scottish National Party, Aberdeen North)",,0,0,0,0,1,,(evidence in briefs/bill-infants-parents-and-carers-bill-5ca.csv),,
"Laurence Turner (Labour, Birmingham Northfield)",,0,0,0,0,1,,(evidence in briefs/bill-infants-parents-and-carers-bill-5ca.csv),,
"Lorraine Beavers (Labour, Blackpool North and Fleetwood)",,0,0,0,0,1,,(evidence in briefs/bill-infants-parents-and-carers-bill-5ca.csv),,
"Luke Myer (Labour, Middlesbrough South and East Cleveland)",,0,0,0,0,1,,(evidence in briefs/bill-infants-parents-and-carers-bill-5ca.csv),,
"Markus Campbell-Savours (Labour, Penrith and Solway)",,0,0,0,0,1,,(evidence in briefs/bill-infants-parents-and-carers-bill-5ca.csv),,
"Michael Payne (Labour, Gedling)",,0,0,0,0,1,,(evidence in briefs/bill-infants-parents-and-carers-bill-5ca.csv),,
"Michael Wheeler (Labour, Worsley and Eccles)",,0,0,0,0,1,,(evidence in briefs/bill-infants-parents-and-carers-bill-5ca.csv),,
"Michelle Welsh (Labour, Sherwood Forest)",,0,0,0,0,1,,(evidence in briefs/bill-infants-parents-and-carers-bill-5ca.csv),,
"Mr Alex Barros-Curtis (Labour, Cardiff West)",,0,0,0,0,1,,(evidence in briefs/bill-infants-parents-and-carers-bill-5ca.csv),,
"Mr Bayo Alaba (Independent, Southend East and Rochford)",,0,0,0,0,1,,(evidence in briefs/bill-infants-parents-and-carers-bill-5ca.csv),,
"Mr Clive Betts (Labour, Sheffield South East)",,0,0,0,0,1,,(evidence in briefs/bill-infants-parents-and-carers-bill-5ca.csv),,
"Mr Luke Charters (Labour, York Outer)",,0,0,0,0,1,,(evidence in briefs/bill-infants-parents-and-carers-bill-5ca.csv),,
"Mr Toby Perkins (Labour, Chesterfield)",,0,0,0,0,1,,(evidence in briefs/bill-infants-parents-and-carers-bill-5ca.csv),,
"Ms Polly Billington (Labour, East Thanet)",,0,0,0,0,1,,(evidence in briefs/bill-infants-parents-and-carers-bill-5ca.csv),,
"Ms Stella Creasy (Labour (Co-op), Walthamstow)",,0,0,0,0,1,,(evidence in briefs/bill-infants-parents-and-carers-bill-5ca.csv),,
"Natasha Irons (Labour, Croydon East)",,0,0,0,0,1,,(evidence in briefs/bill-infants-parents-and-carers-bill-5ca.csv),,
"Neil Duncan-Jordan (Labour, Poole)",,0,0,0,0,1,,(evidence in briefs/bill-infants-parents-and-carers-bill-5ca.csv),,
"Nesil Caliskan (Labour, Barking)",,0,0,0,0,1,,(evidence in briefs/bill-infants-parents-and-carers-bill-5ca.csv),,
"Pat McFadden (Labour, Wolverhampton South East)",,0,0,0,0,1,,(evidence in briefs/bill-infants-parents-and-carers-bill-5ca.csv),,
"Perran Moon (Labour, Camborne and Redruth)",,0,0,0,0,1,,(evidence in briefs/bill-infants-parents-and-carers-bill-5ca.csv),,
"Peter Swallow (Labour, Bracknell)",,0,0,0,0,1,,(evidence in briefs/bill-infants-parents-and-carers-bill-5ca.csv),,
"Phil Brickell (Labour, Bolton West)",,0,0,0,0,1,,(evidence in briefs/bill-infants-parents-and-carers-bill-5ca.csv),,
"Rachel Taylor (Labour, North Warwickshire and Bedworth)",,0,0,0,0,1,,(evidence in briefs/bill-infants-parents-and-carers-bill-5ca.csv),,
"Ruth Cadbury (Labour, Brentford and Isleworth)",,0,0,0,0,1,,(evidence in briefs/bill-infants-parents-and-carers-bill-5ca.csv),,
"Samantha Dixon (Labour, Chester North and Neston)",,0,0,0,0,1,,(evidence in briefs/bill-infants-parents-and-carers-bill-5ca.csv),,
"Sarah Edwards (Labour, Tamworth)",,0,0,0,0,1,,(evidence in briefs/bill-infants-parents-and-carers-bill-5ca.csv),,
"Sarah Owen (Labour, Luton North)",,0,0,0,0,1,,(evidence in briefs/bill-infants-parents-and-carers-bill-5ca.csv),,
"Sarah Smith (Labour, Hyndburn)",,0,0,0,0,1,,(evidence in briefs/bill-infants-parents-and-carers-bill-5ca.csv),,
"Siân Berry (Green Party, Brighton Pavilion)",,0,0,0,0,1,,(evidence in briefs/bill-infants-parents-and-carers-bill-5ca.csv),,
"Sonia Kumar (Labour, Dudley)",,0,0,0,0,1,,(evidence in briefs/bill-infants-parents-and-carers-bill-5ca.csv),,
"Steve Reed (Labour (Co-op), Streatham and Croydon North)",,0,0,0,0,1,,(evidence in briefs/bill-infants-parents-and-carers-bill-5ca.csv),,
"Sureena Brackenridge (Labour, Wolverhampton North East)",,0,0,0,0,1,,(evidence in briefs/bill-infants-parents-and-carers-bill-5ca.csv),,
"Tim Roca (Labour, Macclesfield)",,0,0,0,0,1,,(evidence in briefs/bill-infants-parents-and-carers-bill-5ca.csv),,
"Tracy Gilbert (Labour, Edinburgh North and Leith)",,0,0,0,0,1,,(evidence in briefs/bill-infants-parents-and-carers-bill-5ca.csv),,
"Yvette Cooper (Labour, Pontefract, Castleford and Knottingley)",,0,0,0,0,1,,(evidence in briefs/bill-infants-parents-and-carers-bill-5ca.csv),,
"Adam Thompson (Labour, Erewash)",,0,0,0,0,1,,(evidence in briefs/bill-infants-parents-and-carers-bill-5ca.csv),,
"Alex Ballinger (Labour, Halesowen)",,0,0,0,0,1,,(evidence in briefs/bill-infants-parents-and-carers-bill-5ca.csv),,
"Alice Macdonald (Labour (Co-op), Norwich North)",,0,0,0,0,1,,(evidence in briefs/bill-infants-parents-and-carers-bill-5ca.csv),,
"Baggy Shanker (Labour (Co-op), Derby South)",,0,0,0,0,1,,(evidence in briefs/bill-infants-parents-and-carers-bill-5ca.csv),,
"Barry Gardiner (Labour, Brent West)",,0,0,0,0,1,,(evidence in briefs/bill-infants-parents-and-carers-bill-5ca.csv),,
"Cat Eccles (Labour, Stourbridge)",,0,0,0,0,1,,(evidence in briefs/bill-infants-parents-and-carers-bill-5ca.csv),,
"Cat Smith (Labour, Lancaster and Wyre)",,0,0,0,0,1,,(evidence in briefs/bill-infants-parents-and-carers-bill-5ca.csv),,
"Catherine Fookes (Labour, Monmouthshire)",,0,0,0,0,1,,(evidence in briefs/bill-infants-parents-and-carers-bill-5ca.csv),,
"Chris Curtis (Labour, Milton Keynes North)",,0,0,0,0,1,,(evidence in briefs/bill-infants-parents-and-carers-bill-5ca.csv),,
"Chris Kane (Labour, Stirling and Strathallan)",,0,0,0,0,1,,(evidence in briefs/bill-infants-parents-and-carers-bill-5ca.csv),,
"Chris Webb (Labour, Blackpool South)",,0,0,0,0,1,,(evidence in briefs/bill-infants-parents-and-carers-bill-5ca.csv),,
"Dan Aldridge (Labour, Weston-super-Mare)",,0,0,0,0,1,,(evidence in briefs/bill-infants-parents-and-carers-bill-5ca.csv),,
"Dan Norris (Independent, North East Somerset and Hanham)",,0,0,0,0,1,,(evidence in briefs/bill-infants-parents-and-carers-bill-5ca.csv),,
"Dan Tomlinson (Labour, Chipping Barnet)",,0,0,0,0,1,,(evidence in briefs/bill-infants-parents-and-carers-bill-5ca.csv),,
"Darren Jones (Labour, Bristol North West)",,0,0,0,0,1,,(evidence in briefs/bill-infants-parents-and-carers-bill-5ca.csv),,
"David Baines (Labour, St Helens North)",,0,0,0,0,1,,(evidence in briefs/bill-infants-parents-and-carers-bill-5ca.csv),,
"Derek Twigg (Labour, Widnes and Halewood)",,0,0,0,0,1,,(evidence in briefs/bill-infants-parents-and-carers-bill-5ca.csv),,
"Dr Jeevun Sandher (Labour, Loughborough)",,0,0,0,0,1,,(evidence in briefs/bill-infants-parents-and-carers-bill-5ca.csv),,
"Dr Sam Rushworth (Labour, Bishop Auckland)",,0,0,0,0,1,,(evidence in briefs/bill-infants-parents-and-carers-bill-5ca.csv),,
"Dr Simon Opher (Labour, Stroud)",,0,0,0,0,1,,(evidence in briefs/bill-infants-parents-and-carers-bill-5ca.csv),,
"Emma Foody (Labour (Co-op), Cramlington and Killingworth)",,0,0,0,0,1,,(evidence in briefs/bill-infants-parents-and-carers-bill-5ca.csv),,
"Fabian Hamilton (Labour, Leeds North East)",,0,0,0,0,1,,(evidence in briefs/bill-infants-parents-and-carers-bill-5ca.csv),,
"Fred Thomas (Labour, Plymouth Moor View)",,0,0,0,0,1,,(evidence in briefs/bill-infants-parents-and-carers-bill-5ca.csv),,
"Gareth Thomas (Labour (Co-op), Harrow West)",,0,0,0,0,1,,(evidence in briefs/bill-infants-parents-and-carers-bill-5ca.csv),,
"Gill German (Labour, Clwyd North)",,0,0,0,0,1,,(evidence in briefs/bill-infants-parents-and-carers-bill-5ca.csv),,
"Helena Dollimore (Labour (Co-op), Hastings and Rye)",,0,0,0,0,1,,(evidence in briefs/bill-infants-parents-and-carers-bill-5ca.csv),,
"Imogen Walker (Labour, Hamilton and Clyde Valley)",,0,0,0,0,1,,(evidence in briefs/bill-infants-parents-and-carers-bill-5ca.csv),,
"Jade Botterill (Labour, Ossett and Denby Dale)",,0,0,0,0,1,,(evidence in briefs/bill-infants-parents-and-carers-bill-5ca.csv),,
"Jas Athwal (Labour, Ilford South)",,0,0,0,0,1,,(evidence in briefs/bill-infants-parents-and-carers-bill-5ca.csv),,
"Judith Cummins (Labour, Bradford South)",,0,0,0,0,1,,(evidence in briefs/bill-infants-parents-and-carers-bill-5ca.csv),,
"Juliet Campbell (Labour, Broxtowe)",,0,0,0,0,1,,(evidence in briefs/bill-infants-parents-and-carers-bill-5ca.csv),,
"Kanishka Narayan (Labour, Vale of Glamorgan)",,0,0,0,0,1,,(evidence in briefs/bill-infants-parents-and-carers-bill-5ca.csv),,
"Kate Osamor (Labour (Co-op), Edmonton and Winchmore Hill)",,0,0,0,0,1,,(evidence in briefs/bill-infants-parents-and-carers-bill-5ca.csv),,
"Lee Barron (Labour, Corby and East Northamptonshire)",,0,0,0,0,1,,(evidence in briefs/bill-infants-parents-and-carers-bill-5ca.csv),,
"Mark Sewards (Labour, Leeds South West and Morley)",,0,0,0,0,1,,(evidence in briefs/bill-infants-parents-and-carers-bill-5ca.csv),,
"Maya Ellis (Labour, Ribble Valley)",,0,0,0,0,1,,(evidence in briefs/bill-infants-parents-and-carers-bill-5ca.csv),,
"Miatta Fahnbulleh (Labour (Co-op), Peckham)",,0,0,0,0,1,,(evidence in briefs/bill-infants-parents-and-carers-bill-5ca.csv),,
"Michelle Scrogham (Labour, Barrow and Furness)",,0,0,0,0,1,,(evidence in briefs/bill-infants-parents-and-carers-bill-5ca.csv),,
"Mr Paul Foster (Labour, South Ribble)",,0,0,0,0,1,,(evidence in briefs/bill-infants-parents-and-carers-bill-5ca.csv),,
"Naushabah Khan (Labour, Gillingham and Rainham)",,0,0,0,0,1,,(evidence in briefs/bill-infants-parents-and-carers-bill-5ca.csv),,
"Pam Cox (Labour, Colchester)",,0,0,0,0,1,,(evidence in briefs/bill-infants-parents-and-carers-bill-5ca.csv),,
"Pamela Nash (Labour, Motherwell, Wishaw and Carluke)",,0,0,0,0,1,,(evidence in briefs/bill-infants-parents-and-carers-bill-5ca.csv),,
"Rachel Blake (Labour (Co-op), Cities of London and Westminster)",,0,0,0,0,1,,(evidence in briefs/bill-infants-parents-and-carers-bill-5ca.csv),,
"Richard Quigley (Labour, Isle of Wight West)",,0,0,0,0,1,,(evidence in briefs/bill-infants-parents-and-carers-bill-5ca.csv),,
"Rosie Wrighting (Labour, Kettering)",,0,0,0,0,1,,(evidence in briefs/bill-infants-parents-and-carers-bill-5ca.csv),,
"Simon Lightwood (Labour (Co-op), Wakefield and Rothwell)",,0,0,0,0,1,,(evidence in briefs/bill-infants-parents-and-carers-bill-5ca.csv),,
"Steve Race (Labour, Exeter)",,0,0,0,0,1,,(evidence in briefs/bill-infants-parents-and-carers-bill-5ca.csv),,
"Tom Hayes (Labour, Bournemouth East)",,0,0,0,0,1,,(evidence in briefs/bill-infants-parents-and-carers-bill-5ca.csv),,
"Tony Vaughan (Labour, Folkestone and Hythe)",,0,0,0,0,1,,(evidence in briefs/bill-infants-parents-and-carers-bill-5ca.csv),,
"Al Carns (Labour, Birmingham Selly Oak)",,0,0,0,0,1,,(evidence in briefs/bill-infants-parents-and-carers-bill-5ca.csv),,
"Alan Gemmell (Labour, Central Ayrshire)",,0,0,0,0,1,,(evidence in briefs/bill-infants-parents-and-carers-bill-5ca.csv),,
"Anna Dixon (Labour, Shipley)",,0,0,0,0,1,,(evidence in briefs/bill-infants-parents-and-carers-bill-5ca.csv),,
"Anna Gelderd (Labour, South East Cornwall)",,0,0,0,0,1,,(evidence in briefs/bill-infants-parents-and-carers-bill-5ca.csv),,
"Chris Elmore (Labour, Bridgend)",,0,0,0,0,1,,(evidence in briefs/bill-infants-parents-and-carers-bill-5ca.csv),,
"Chris McDonald (Labour, Stockton North)",,0,0,0,0,1,,(evidence in briefs/bill-infants-parents-and-carers-bill-5ca.csv),,
"Chris Murray (Labour, Edinburgh East and Musselburgh)",,0,0,0,0,1,,(evidence in briefs/bill-infants-parents-and-carers-bill-5ca.csv),,
"Connor Naismith (Labour, Crewe and Nantwich)",,0,0,0,0,1,,(evidence in briefs/bill-infants-parents-and-carers-bill-5ca.csv),,
"Daniel Francis (Labour, Bexleyheath and Crayford)",,0,0,0,0,1,,(evidence in briefs/bill-infants-parents-and-carers-bill-5ca.csv),,
"Darren Paffey (Labour, Southampton Itchen)",,0,0,0,0,1,,(evidence in briefs/bill-infants-parents-and-carers-bill-5ca.csv),,
"Dr Marie Tidball (Labour, Penistone and Stocksbridge)",,0,0,0,0,1,,(evidence in briefs/bill-infants-parents-and-carers-bill-5ca.csv),,
"Dr Rosena Allin-Khan (Labour, Tooting)",,0,0,0,0,1,,(evidence in briefs/bill-infants-parents-and-carers-bill-5ca.csv),,
"Dr Scott Arthur (Labour, Edinburgh South West)",,0,0,0,0,1,,(evidence in briefs/bill-infants-parents-and-carers-bill-5ca.csv),,
"Ed Miliband (Labour, Doncaster North)",,0,0,0,0,1,,(evidence in briefs/bill-infants-parents-and-carers-bill-5ca.csv),,
"Emily Thornberry (Labour, Islington South and Finsbury)",,0,0,0,0,1,,(evidence in briefs/bill-infants-parents-and-carers-bill-5ca.csv),,
"Florence Eshalomi (Labour (Co-op), Vauxhall and Camberwell Green)",,0,0,0,0,1,,(evidence in briefs/bill-infants-parents-and-carers-bill-5ca.csv),,
"Frank McNally (Labour, Coatbridge and Bellshill)",,0,0,0,0,1,,(evidence in briefs/bill-infants-parents-and-carers-bill-5ca.csv),,
"Graham Stringer (Labour, Blackley and Middleton South)",,0,0,0,0,1,,(evidence in briefs/bill-infants-parents-and-carers-bill-5ca.csv),,
"Hannah Spencer (Green Party, Gorton and Denton)",,0,0,0,0,1,,(evidence in briefs/bill-infants-parents-and-carers-bill-5ca.csv),,
"Harpreet Uppal (Labour, Huddersfield)",,0,0,0,0,1,,(evidence in briefs/bill-infants-parents-and-carers-bill-5ca.csv),,
"Heidi Alexander (Labour, Swindon South)",,0,0,0,0,1,,(evidence in briefs/bill-infants-parents-and-carers-bill-5ca.csv),,
"Henry Tufnell (Labour, Mid and South Pembrokeshire)",,0,0,0,0,1,,(evidence in briefs/bill-infants-parents-and-carers-bill-5ca.csv),,
"Irene Campbell (Labour, North Ayrshire and Arran)",,0,0,0,0,1,,(evidence in briefs/bill-infants-parents-and-carers-bill-5ca.csv),,
"Jess Asato (Labour, Lowestoft)",,0,0,0,0,1,,(evidence in briefs/bill-infants-parents-and-carers-bill-5ca.csv),,
"Jonathan Hinder (Labour, Pendle and Clitheroe)",,0,0,0,0,1,,(evidence in briefs/bill-infants-parents-and-carers-bill-5ca.csv),,
"Katie White (Labour, Leeds North West)",,0,0,0,0,1,,(evidence in briefs/bill-infants-parents-and-carers-bill-5ca.csv),,
"Kenneth Stevenson (Labour, Airdrie and Shotts)",,0,0,0,0,1,,(evidence in briefs/bill-infants-parents-and-carers-bill-5ca.csv),,
"Kirsteen Sullivan (Labour (Co-op), Bathgate and Linlithgow)",,0,0,0,0,1,,(evidence in briefs/bill-infants-parents-and-carers-bill-5ca.csv),,
"Lisa Nandy (Labour, Wigan)",,0,0,0,0,1,,(evidence in briefs/bill-infants-parents-and-carers-bill-5ca.csv),,
"Mary Creagh (Labour, Coventry East)",,0,0,0,0,1,,(evidence in briefs/bill-infants-parents-and-carers-bill-5ca.csv),,
"Matt Bishop (Labour, Forest of Dean)",,0,0,0,0,1,,(evidence in briefs/bill-infants-parents-and-carers-bill-5ca.csv),,
"Matt Western (Labour, Warwick and Leamington)",,0,0,0,0,1,,(evidence in briefs/bill-infants-parents-and-carers-bill-5ca.csv),,
"Matthew Patrick (Labour, Wirral West)",,0,0,0,0,1,,(evidence in briefs/bill-infants-parents-and-carers-bill-5ca.csv),,
"Melanie Ward (Labour, Cowdenbeath and Kirkcaldy)",,0,0,0,0,1,,(evidence in briefs/bill-infants-parents-and-carers-bill-5ca.csv),,
"Mike Reader (Labour, Northampton South)",,0,0,0,0,1,,(evidence in briefs/bill-infants-parents-and-carers-bill-5ca.csv),,
"Mr Calvin Bailey (Labour, Leyton and Wanstead)",,0,0,0,0,1,,(evidence in briefs/bill-infants-parents-and-carers-bill-5ca.csv),,
"Mr Jonathan Brash (Labour, Hartlepool)",,0,0,0,0,1,,(evidence in briefs/bill-infants-parents-and-carers-bill-5ca.csv),,
"Ms Diane Abbott (Labour, Hackney North and Stoke Newington)",,0,0,0,0,1,,(evidence in briefs/bill-infants-parents-and-carers-bill-5ca.csv),,
"Sarah Hall (Labour (Co-op), Warrington South)",,0,0,0,0,1,,(evidence in briefs/bill-infants-parents-and-carers-bill-5ca.csv),,
"Sarah Sackman (Labour, Finchley and Golders Green)",,0,0,0,0,1,,(evidence in briefs/bill-infants-parents-and-carers-bill-5ca.csv),,
"Satvir Kaur (Labour, Southampton Test)",,0,0,0,0,1,,(evidence in briefs/bill-infants-parents-and-carers-bill-5ca.csv),,
"Shaun Davies (Labour, Telford)",,0,0,0,0,1,,(evidence in briefs/bill-infants-parents-and-carers-bill-5ca.csv),,
"Stephanie Peacock (Labour, Barnsley South)",,0,0,0,0,1,,(evidence in briefs/bill-infants-parents-and-carers-bill-5ca.csv),,
"Stephen Doughty (Labour (Co-op), Cardiff South and Penarth)",,0,0,0,0,1,,(evidence in briefs/bill-infants-parents-and-carers-bill-5ca.csv),,
"Taiwo Owatemi (Labour, Coventry North West)",,0,0,0,0,1,,(evidence in briefs/bill-infants-parents-and-carers-bill-5ca.csv),,
"Terry Jermy (Labour, South West Norfolk)",,0,0,0,0,1,,(evidence in briefs/bill-infants-parents-and-carers-bill-5ca.csv),,
"Tom Rutland (Labour, East Worthing and Shoreham)",,0,0,0,0,1,,(evidence in briefs/bill-infants-parents-and-carers-bill-5ca.csv),,
"Torcuil Crichton (Labour, Na h-Eileanan an Iar)",,0,0,0,0,1,,(evidence in briefs/bill-infants-parents-and-carers-bill-5ca.csv),,
"Torsten Bell (Labour, Swansea West)",,0,0,0,0,1,,(evidence in briefs/bill-infants-parents-and-carers-bill-5ca.csv),,
"Andrew Pakes (Labour (Co-op), Peterborough)",,0,0,0,0,1,,(evidence in briefs/bill-infants-parents-and-carers-bill-5ca.csv),,
"Anna McMorrin (Labour, Cardiff North)",,0,0,0,0,1,,(evidence in briefs/bill-infants-parents-and-carers-bill-5ca.csv),,
"Brian Leishman (Labour, Alloa and Grangemouth)",,0,0,0,0,1,,(evidence in briefs/bill-infants-parents-and-carers-bill-5ca.csv),,
"Carla Denyer (Green Party, Bristol Central)",,0,0,0,0,1,,(evidence in briefs/bill-infants-parents-and-carers-bill-5ca.csv),,
"David Smith (Labour, North Northumberland)",,0,0,0,0,1,,(evidence in briefs/bill-infants-parents-and-carers-bill-5ca.csv),,
"David Taylor (Labour, Hemel Hempstead)",,0,0,0,0,1,,(evidence in briefs/bill-infants-parents-and-carers-bill-5ca.csv),,
"Gordon McKee (Labour, Glasgow South)",,0,0,0,0,1,,(evidence in briefs/bill-infants-parents-and-carers-bill-5ca.csv),,
"Jacob Collier (Labour, Burton and Uttoxeter)",,0,0,0,0,1,,(evidence in briefs/bill-infants-parents-and-carers-bill-5ca.csv),,
"Jake Richards (Labour, Rother Valley)",,0,0,0,0,1,,(evidence in briefs/bill-infants-parents-and-carers-bill-5ca.csv),,
"Joe Morris (Labour, Hexham)",,0,0,0,0,1,,(evidence in briefs/bill-infants-parents-and-carers-bill-5ca.csv),,
"Julia Buckley (Labour, Shrewsbury)",,0,0,0,0,1,,(evidence in briefs/bill-infants-parents-and-carers-bill-5ca.csv),,
"Kirith Entwistle (Labour, Bolton North East)",,0,0,0,0,1,,(evidence in briefs/bill-infants-parents-and-carers-bill-5ca.csv),,
"Leigh Ingham (Labour, Stafford)",,0,0,0,0,1,,(evidence in briefs/bill-infants-parents-and-carers-bill-5ca.csv),,
"Louise Sandher-Jones (Labour, North East Derbyshire)",,0,0,0,0,1,,(evidence in briefs/bill-infants-parents-and-carers-bill-5ca.csv),,
"Lucy Rigby (Labour, Northampton North)",,0,0,0,0,1,,(evidence in briefs/bill-infants-parents-and-carers-bill-5ca.csv),,
"Margaret Mullane (Labour, Dagenham and Rainham)",,0,0,0,0,1,,(evidence in briefs/bill-infants-parents-and-carers-bill-5ca.csv),,
"Michael Shanks (Labour, Rutherglen)",,0,0,0,0,1,,(evidence in briefs/bill-infants-parents-and-carers-bill-5ca.csv),,
"Mr Hamish Falconer (Labour, Lincoln)",,0,0,0,0,1,,(evidence in briefs/bill-infants-parents-and-carers-bill-5ca.csv),,
"Nadia Whittome (Labour, Nottingham East)",,0,0,0,0,1,,(evidence in briefs/bill-infants-parents-and-carers-bill-5ca.csv),,
"Noah Law (Labour, St Austell and Newquay)",,0,0,0,0,1,,(evidence in briefs/bill-infants-parents-and-carers-bill-5ca.csv),,
"Patricia Ferguson (Labour, Glasgow West)",,0,0,0,0,1,,(evidence in briefs/bill-infants-parents-and-carers-bill-5ca.csv),,
"Peter Kyle (Labour, Hove and Portslade)",,0,0,0,0,1,,(evidence in briefs/bill-infants-parents-and-carers-bill-5ca.csv),,
"Richard Baker (Labour, Glenrothes and Mid Fife)",,0,0,0,0,1,,(evidence in briefs/bill-infants-parents-and-carers-bill-5ca.csv),,
"Sir Mark Hendrick (Labour (Co-op), Preston)",,0,0,0,0,1,,(evidence in briefs/bill-infants-parents-and-carers-bill-5ca.csv),,
"Ben Coleman (Labour, Chelsea and Fulham)",,0,0,0,0,1,,(evidence in briefs/bill-infants-parents-and-carers-bill-5ca.csv),,
"Chris Law (Scottish National Party, Dundee Central)",,0,0,0,0,1,,(evidence in briefs/bill-infants-parents-and-carers-bill-5ca.csv),,
"Georgia Gould (Labour, Queen's Park and Maida Vale)",,0,0,0,0,1,,(evidence in briefs/bill-infants-parents-and-carers-bill-5ca.csv),,
"Joani Reid (Labour, East Kilbride and Strathaven)",,0,0,0,0,1,,(evidence in briefs/bill-infants-parents-and-carers-bill-5ca.csv),,
"Karl Turner (Independent, Kingston upon Hull East)",,0,0,0,0,1,,(evidence in briefs/bill-infants-parents-and-carers-bill-5ca.csv),,
"Kirsty McNeill (Labour (Co-op), Midlothian)",,0,0,0,0,1,,(evidence in briefs/bill-infants-parents-and-carers-bill-5ca.csv),,
"Marsha De Cordova (Labour, Battersea)",,0,0,0,0,1,,(evidence in briefs/bill-infants-parents-and-carers-bill-5ca.csv),,
"Martin McCluskey (Labour, Inverclyde and Renfrewshire West)",,0,0,0,0,1,,(evidence in briefs/bill-infants-parents-and-carers-bill-5ca.csv),,
"Martin Rhodes (Labour, Glasgow North)",,0,0,0,0,1,,(evidence in briefs/bill-infants-parents-and-carers-bill-5ca.csv),,
"Mike Tapp (Labour, Dover and Deal)",,0,0,0,0,1,,(evidence in briefs/bill-infants-parents-and-carers-bill-5ca.csv),,
"Mr Douglas Alexander (Labour (Co-op), Lothian East)",,0,0,0,0,1,,(evidence in briefs/bill-infants-parents-and-carers-bill-5ca.csv),,
"Natalie Fleet (Labour, Bolsover)",,0,0,0,0,1,,(evidence in briefs/bill-infants-parents-and-carers-bill-5ca.csv),,
"Nick Thomas-Symonds (Labour, Torfaen)",,0,0,0,0,1,,(evidence in briefs/bill-infants-parents-and-carers-bill-5ca.csv),,
"Rachel Reeves (Labour, Leeds West and Pudsey)",,0,0,0,0,1,,(evidence in briefs/bill-infants-parents-and-carers-bill-5ca.csv),,
"Rishi Sunak (Conservative, Richmond and Northallerton)",,0,0,0,0,1,,(evidence in briefs/bill-infants-parents-and-carers-bill-5ca.csv),,
"Sadik Al-Hassan (Labour, North Somerset)",,0,0,0,0,1,,(evidence in briefs/bill-infants-parents-and-carers-bill-5ca.csv),,
"Seamus Logan (Scottish National Party, Aberdeenshire North and Moray East)",,0,0,0,0,1,,(evidence in briefs/bill-infants-parents-and-carers-bill-5ca.csv),,
"Suella Braverman (Reform UK, Fareham and Waterlooville)",,0,0,0,0,1,,(evidence in briefs/bill-infants-parents-and-carers-bill-5ca.csv),,
"Uma Kumaran (Labour, Stratford and Bow)",,0,0,0,0,1,,(evidence in briefs/bill-infants-parents-and-carers-bill-5ca.csv),,
"Wes Streeting (Labour, Ilford North)",,0,0,0,0,1,,(evidence in briefs/bill-infants-parents-and-carers-bill-5ca.csv),,
"Yuan Yang (Labour, Earley and Woodley)",,0,0,0,0,1,,(evidence in briefs/bill-infants-parents-and-carers-bill-5ca.csv),,
"Antonia Bance (Labour, Tipton and Wednesbury)",,0,0,0,0,1,,(evidence in briefs/bill-infants-parents-and-carers-bill-5ca.csv),,
"Dr Beccy Cooper (Labour, Worthing West)",,0,0,0,0,1,,(evidence in briefs/bill-infants-parents-and-carers-bill-5ca.csv),,
"Elaine Stewart (Labour, Ayr, Carrick and Cumnock)",,0,0,0,0,1,,(evidence in briefs/bill-infants-parents-and-carers-bill-5ca.csv),,
"Graham Leadbitter (Scottish National Party, Moray West, Nairn and Strathspey)",,0,0,0,0,1,,(evidence in briefs/bill-infants-parents-and-carers-bill-5ca.csv),,
"Joe Powell (Labour, Kensington and Bayswater)",,0,0,0,0,1,,(evidence in briefs/bill-infants-parents-and-carers-bill-5ca.csv),,
"John Healey (Labour, Rawmarsh and Conisbrough)",,0,0,0,0,1,,(evidence in briefs/bill-infants-parents-and-carers-bill-5ca.csv),,
"Mr David Lammy (Labour, Tottenham)",,0,0,0,0,1,,(evidence in briefs/bill-infants-parents-and-carers-bill-5ca.csv),,
"Sorcha Eastwood (Alliance, Lagan Valley)",,0,0,0,0,1,,(evidence in briefs/bill-infants-parents-and-carers-bill-5ca.csv),,
"Brendan O'Hara (Scottish National Party, Argyll, Bute and South Lochaber)",,0,0,0,0,1,,(evidence in briefs/bill-infants-parents-and-carers-bill-5ca.csv),,
"Graeme Downie (Labour, Dunfermline and Dollar)",,0,0,0,0,1,,(evidence in briefs/bill-infants-parents-and-carers-bill-5ca.csv),,
TOTAL,,217,1,16,3,412,,(evidence in briefs/bill-infants-parents-and-carers-bill-5ca.csv),,

CAMPAIGN NARRATIVE
"Used when a campaign is selected for an Evaluation Meeting, or whenever the campaigner wants the fuller story on record. Compile in chronological order and in low-context communication: the reader will know far less than you, possibly years later."

Date,What happened / what we decided,"Why, and what it changed"
,,
,,
,,
,,
,,

Prompts (delete what does not apply): campaign actions online and offline; decisions made and their rationale; data analysis; reports on offline activities; breaking news that changed the scenario; reactions by stakeholders; the campaign's outcome.
