Decision-Maker,Country,Group,Column,Comments,Evidence: Nigeria: persecution of Christians resolution (2026-07-09); ePrivacy scanning derogation: fast-track request (2026-07-07); SDG resolution (2026 High-Level Political Forum) (2026-07-07); European Democracy Shield: special committee report (2026-09-15)
Alexander JUNGBLUTH,Germany,Europe of Sovereign Nations Group,++,,
Alexander SELL,Germany,Europe of Sovereign Nations Group,++,,
Anja ARNDT,Germany,Europe of Sovereign Nations Group,++,,
Arno BAUSEMER,Germany,Europe of Sovereign Nations Group,++,,
Hans NEUHOFF,Germany,Europe of Sovereign Nations Group,++,,
Irmhild BOSSDORF,Germany,Europe of Sovereign Nations Group,++,,
Ivan DAVID,Czechia,Europe of Sovereign Nations Group,++,,
Marc JONGEN,Germany,Europe of Sovereign Nations Group,++,,
Marcin SYPNIEWSKI,Poland,Europe of Sovereign Nations Group,++,,
Markus BUCHHEIT,Germany,Europe of Sovereign Nations Group,++,,
Mary KHAN,Germany,Europe of Sovereign Nations Group,++,,
Milan MAZUREK,Slovakia,Europe of Sovereign Nations Group,++,,
Milan UHRÍK,Slovakia,Europe of Sovereign Nations Group,++,,
Petar VOLGIN,Bulgaria,Europe of Sovereign Nations Group,++,,
Petr BYSTRON,Germany,Europe of Sovereign Nations Group,++,,
Petras GRAŽULIS,Lithuania,Europe of Sovereign Nations Group,++,,
Rada LAYKOVA,Bulgaria,Europe of Sovereign Nations Group,++,,
René AUST,Germany,Europe of Sovereign Nations Group,++,,
Roberto VANNACCI,Italy,Europe of Sovereign Nations Group,++,,
Sarah KNAFO,France,Europe of Sovereign Nations Group,++,,
Siegbert Frank DROESE,Germany,Europe of Sovereign Nations Group,++,,
Stanislav STOYANOV,Bulgaria,Europe of Sovereign Nations Group,++,,
Stanisław TYSZKA,Poland,Europe of Sovereign Nations Group,++,,
Tomasz FROELICH,Germany,Europe of Sovereign Nations Group,++,,
Volker SCHNURRBUSCH,Germany,Europe of Sovereign Nations Group,++,,
Zsuzsanna BORVENDÉG,Hungary,Europe of Sovereign Nations Group,++,,
Alberico GAMBINO,Italy,European Conservatives and Reformists Group,++,,
Alessandro CIRIANI,Italy,European Conservatives and Reformists Group,++,,
Antonella SBERNA,Italy,European Conservatives and Reformists Group,++,,
Arkadiusz MULARCZYK,Poland,European Conservatives and Reformists Group,++,,
Aurelijus VERYGA,Lithuania,European Conservatives and Reformists Group,++,,
Beata SZYDŁO,Poland,European Conservatives and Reformists Group,++,,
Beatrice TIMGREN,Sweden,European Conservatives and Reformists Group,++,,
Carlo CICCIOLI,Italy,European Conservatives and Reformists Group,++,,
Carlo FIDANZA,Italy,European Conservatives and Reformists Group,++,,
Charlie WEIMERS,Sweden,European Conservatives and Reformists Group,++,,
Chiara GEMMA,Italy,European Conservatives and Reformists Group,++,,
Claudiu-Richard TÂRZIU,Romania,European Conservatives and Reformists Group,++,,
Cristian TERHEŞ,Romania,European Conservatives and Reformists Group,++,,
Daniel OBAJTEK,Poland,European Conservatives and Reformists Group,++,,
Daniele POLATO,Italy,European Conservatives and Reformists Group,++,,
Denis NESCI,Italy,European Conservatives and Reformists Group,++,,
Dick ERIXON,Sweden,European Conservatives and Reformists Group,++,,
Diego SOLIER,Spain,European Conservatives and Reformists Group,++,,
Dominik TARCZYŃSKI,Poland,European Conservatives and Reformists Group,++,,
Elena DONAZZAN,Italy,European Conservatives and Reformists Group,++,,
Elena YONCHEVA,Bulgaria,European Conservatives and Reformists Group,++,,
Emmanouil FRAGKOS,Greece,European Conservatives and Reformists Group,++,,
Francesco TORSELLI,Italy,European Conservatives and Reformists Group,++,,
Francesco VENTOLA,Italy,European Conservatives and Reformists Group,++,,
Galato ALEXANDRAKI,Greece,European Conservatives and Reformists Group,++,,
Gheorghe PIPEREA,Romania,European Conservatives and Reformists Group,++,,
Giovanni CROSETTO,Italy,European Conservatives and Reformists Group,++,,
Giuseppe MILAZZO,Italy,European Conservatives and Reformists Group,++,,
Guillaume PELTIER,France,European Conservatives and Reformists Group,++,,
Ivaylo VALCHEV,Bulgaria,European Conservatives and Reformists Group,++,,
Jaak MADISON,Estonia,European Conservatives and Reformists Group,++,,
Jacek OZDOBA,Poland,European Conservatives and Reformists Group,++,,
Jessika VAN LEEUWEN,Netherlands,European Conservatives and Reformists Group,++,,
Kristoffer STORM,Denmark,European Conservatives and Reformists Group,++,,
Lara MAGONI,Italy,European Conservatives and Reformists Group,++,,
Laurence TROCHU,France,European Conservatives and Reformists Group,++,,
Maciej WĄSIK,Poland,European Conservatives and Reformists Group,++,,
Mariateresa VIVALDINI,Italy,European Conservatives and Reformists Group,++,,
Mario MANTOVANI,Italy,European Conservatives and Reformists Group,++,,
Marion MARÉCHAL,France,European Conservatives and Reformists Group,++,,
Michał DWORCZYK,Poland,European Conservatives and Reformists Group,++,,
Michele PICARO,Italy,European Conservatives and Reformists Group,++,,
Nicolas BAY,France,European Conservatives and Reformists Group,++,,
Nora JUNCO GARCÍA,Spain,European Conservatives and Reformists Group,++,,
Ondřej KRUTÍLEK,Czechia,European Conservatives and Reformists Group,++,,
Paolo INSELVINI,Italy,European Conservatives and Reformists Group,++,,
Pietro FIOCCHI,Italy,European Conservatives and Reformists Group,++,,
Piotr MÜLLER,Poland,European Conservatives and Reformists Group,++,,
Ruggero RAZZA,Italy,European Conservatives and Reformists Group,++,,
Sander SMIT,Netherlands,European Conservatives and Reformists Group,++,,
Sebastian TYNKKYNEN,Finland,European Conservatives and Reformists Group,++,,
Sergio BERLATO,Italy,European Conservatives and Reformists Group,++,,
Stefano CAVEDAGNA,Italy,European Conservatives and Reformists Group,++,,
Stephen Nikola BARTULICA,Croatia,European Conservatives and Reformists Group,++,,
Taner KABILOV,Bulgaria,European Conservatives and Reformists Group,++,,
Tobiasz BOCHEŃSKI,Poland,European Conservatives and Reformists Group,++,,
Waldemar BUDA,Poland,European Conservatives and Reformists Group,++,,
Waldemar TOMASZEWSKI,Lithuania,European Conservatives and Reformists Group,++,,
Şerban Dimitrie STURDZA,Romania,European Conservatives and Reformists Group,++,,
Milan ZVER,Slovenia,Group of the European People's Party (Christian Democrats),++,with us AGAINST their group on ePrivacy scanning derogation: fast-track request (1 of 173 Group of the European People's Party (Christian Democrats)),
Alvise PÉREZ,Spain,Non-attached Members,++,,
Branislav ONDRUŠ,Slovakia,Non-attached Members,++,,
Branko GRIMS,Slovenia,Non-attached Members,++,,
Erik KALIŇÁK,Slovakia,Non-attached Members,++,,
Fernand KARTHEISER,Luxembourg,Non-attached Members,++,,
Fidias PANAYIOTOU,Cyprus,Non-attached Members,++,,
Friedrich PÜRNER,Germany,Non-attached Members,++,,
Grzegorz BRAUN,Poland,Non-attached Members,++,,
Judita LAŠŠÁKOVÁ,Slovakia,Non-attached Members,++,,
Katarína ROTH NEVEĎALOVÁ,Slovakia,Non-attached Members,++,,
Kateřina KONEČNÁ,Czechia,Non-attached Members,++,,
Kostas PAPADAKIS,Greece,Non-attached Members,++,,
Lefteris NIKOLAOU-ALAVANOS,Greece,Non-attached Members,++,,
Luis-Vicențiu LAZARUS,Romania,Non-attached Members,++,,
Maria ZACHARIA,Greece,Non-attached Members,++,,
Martin SONNEBORN,Germany,Non-attached Members,++,,
Monika BEŇOVÁ,Slovakia,Non-attached Members,++,,
Nikolaos ANADIOTIS,Greece,Non-attached Members,++,,
Ondřej DOSTÁL,Czechia,Non-attached Members,++,,
Ľuboš BLAHA,Slovakia,Non-attached Members,++,,
Afroditi LATINOPOULOU,Greece,Patriots for Europe Group,++,,
Anna BRYŁKA,Poland,Patriots for Europe Group,++,,
Anna Maria CISINT,Italy,Patriots for Europe Group,++,,
Antonín STANĚK,Czechia,Patriots for Europe Group,++,,
António TÂNGER CORRÊA,Portugal,Patriots for Europe Group,++,,
Auke ZIJLSTRA,Netherlands,Patriots for Europe Group,++,,
Barbara BONTE,Belgium,Patriots for Europe Group,++,,
Catherine GRISET,France,Patriots for Europe Group,++,,
Elisabeth DIERINGER,Austria,Patriots for Europe Group,++,,
Ewa ZAJĄCZKOWSKA-HERNIK,Poland,Patriots for Europe Group,++,,
Georg MAYER,Austria,Patriots for Europe Group,++,,
Gerald HAUSER,Austria,Patriots for Europe Group,++,,
Gerolf ANNEMANS,Belgium,Patriots for Europe Group,++,,
Harald VILIMSKY,Austria,Patriots for Europe Group,++,,
Hermann TERTSCH,Spain,Patriots for Europe Group,++,,
Jean-Paul GARRAUD,France,Patriots for Europe Group,++,,
Jorge BUXADÉ VILLALBA,Spain,Patriots for Europe Group,++,,
Jorge MARTÍN FRÍAS,Spain,Patriots for Europe Group,++,,
Julien LEONARDELLI,France,Patriots for Europe Group,++,,
Julien SANCHEZ,France,Patriots for Europe Group,++,,
Kinga GÁL,Hungary,Patriots for Europe Group,++,,
Margarita DE LA PISA CARRIÓN,Spain,Patriots for Europe Group,++,,
Marieke EHLERS,Netherlands,Patriots for Europe Group,++,,
Mieke ANDRIESE,Netherlands,Patriots for Europe Group,++,,
Mireia BORRÁS PABÓN,Spain,Patriots for Europe Group,++,,
Paolo BORCHIA,Italy,Patriots for Europe Group,++,,
Pascale PIERA,France,Patriots for Europe Group,++,,
Petra STEGER,Austria,Patriots for Europe Group,++,,
Pierre PIMPIE,France,Patriots for Europe Group,++,,
Rachel BLOM,Netherlands,Patriots for Europe Group,++,,
Raffaele STANCANELLI,Italy,Patriots for Europe Group,++,,
Rody TOLASSY,France,Patriots for Europe Group,++,,
Roman HAIDER,Austria,Patriots for Europe Group,++,,
Sebastian KRUIS,Netherlands,Patriots for Europe Group,++,,
Silvia SARDONE,Italy,Patriots for Europe Group,++,,
Susanna CECCARDI,Italy,Patriots for Europe Group,++,,
Thierry MARIANI,France,Patriots for Europe Group,++,,
Tiago MOREIRA DE SÁ,Portugal,Patriots for Europe Group,++,,
Tom VANDENDRIESSCHE,Belgium,Patriots for Europe Group,++,,
Tomasz BUCZEK,Poland,Patriots for Europe Group,++,,
Tomáš KUBÍN,Czechia,Patriots for Europe Group,++,,
Ton DIEPEVEEN,Netherlands,Patriots for Europe Group,++,,
Vilis KRIŠTOPANS,Latvia,Patriots for Europe Group,++,,
Virginie JORON,France,Patriots for Europe Group,++,,
Carolina MORACE,Italy,The Left group in the European Parliament - GUE/NGL,++,,
Danilo DELLA VALLE,Italy,The Left group in the European Parliament - GUE/NGL,++,,
Dario TAMBURRANO,Italy,The Left group in the European Parliament - GUE/NGL,++,,
Gaetano PEDULLA',Italy,The Left group in the European Parliament - GUE/NGL,++,,
Isabel SERRA SÁNCHEZ,Spain,The Left group in the European Parliament - GUE/NGL,++,,
João OLIVEIRA,Portugal,The Left group in the European Parliament - GUE/NGL,++,,
Leila CHAIBI,France,The Left group in the European Parliament - GUE/NGL,++,,
Luke Ming FLANAGAN,Ireland,The Left group in the European Parliament - GUE/NGL,++,,
Marc BOTENGA,Belgium,The Left group in the European Parliament - GUE/NGL,++,,
Marina MESURE,France,The Left group in the European Parliament - GUE/NGL,++,,
Mario FURORE,Italy,The Left group in the European Parliament - GUE/NGL,++,,
Martin GÜNTHER,Germany,The Left group in the European Parliament - GUE/NGL,++,,
Martin SCHIRDEWAN,Germany,The Left group in the European Parliament - GUE/NGL,++,,
Pasquale TRIDICO,Italy,The Left group in the European Parliament - GUE/NGL,++,,
Per CLAUSEN,Denmark,The Left group in the European Parliament - GUE/NGL,++,,
Rudi KENNES,Belgium,The Left group in the European Parliament - GUE/NGL,++,,
Valentina PALMISANO,Italy,The Left group in the European Parliament - GUE/NGL,++,,
Younous OMARJEE,France,The Left group in the European Parliament - GUE/NGL,++,,
Giuseppe ANTOCI,,,++,,
Christine ANDERSON,Germany,Europe of Sovereign Nations Group,+,,
Alexandr VONDRA,Czechia,European Conservatives and Reformists Group,+,,
Marco SQUARTA,Italy,European Conservatives and Reformists Group,+,,
Nicola PROCACCINI,Italy,European Conservatives and Reformists Group,+,,
Diana IOVANOVICI ŞOŞOACĂ,Romania,Non-attached Members,+,,
Ernő SCHALLER-BAROSS,Hungary,Patriots for Europe Group,+,,
Isabella TOVAGLIERI,Italy,Patriots for Europe Group,+,,
Jordan BARDELLA,France,Patriots for Europe Group,+,,
Juan Carlos GIRAUTA VIDAL,Spain,Patriots for Europe Group,+,,
Philippe OLIVIER,France,Patriots for Europe Group,+,,
Séverine WERBROUCK,France,Patriots for Europe Group,+,,
Anja HAZEKAMP,Netherlands,The Left group in the European Parliament - GUE/NGL,+,,
Arash SAEIDI,France,The Left group in the European Parliament - GUE/NGL,+,,
Catarina MARTINS,Portugal,The Left group in the European Parliament - GUE/NGL,+,,
Damien CARÊME,France,The Left group in the European Parliament - GUE/NGL,+,,
Emma FOURREAU,France,The Left group in the European Parliament - GUE/NGL,+,,
Estrella GALÁN,Spain,The Left group in the European Parliament - GUE/NGL,+,,
Giorgos GEORGIOU,Cyprus,The Left group in the European Parliament - GUE/NGL,+,,
Irene MONTERO,Spain,The Left group in the European Parliament - GUE/NGL,+,,
Konstantinos ARVANITIS,Greece,The Left group in the European Parliament - GUE/NGL,+,,
Lynn BOYLAN,Ireland,The Left group in the European Parliament - GUE/NGL,+,,
Manon AUBRY,France,The Left group in the European Parliament - GUE/NGL,+,,
Pernando BARRENA ARZA,Spain,The Left group in the European Parliament - GUE/NGL,+,,
Özlem DEMIREL,Germany,The Left group in the European Parliament - GUE/NGL,+,,
Sebastian EVERDING,Germany,,+,,
Nikola BARTŮŠEK,Czechia,European Conservatives and Reformists Group,0,,
Veronika VRECIONOVÁ,Czechia,European Conservatives and Reformists Group,0,,
Gabriella GERZSENYI,Hungary,Group of the European People's Party (Christian Democrats),0,,
Roberta METSOLA,Malta,Group of the European People's Party (Christian Democrats),0,,
Jaume ASENS LLODRÀ,Spain,Group of the Greens/European Free Alliance,0,,
Aldo PATRICIELLO,Italy,Patriots for Europe Group,0,,
Anthony SMITH,France,The Left group in the European Parliament - GUE/NGL,0,,
Ilaria SALIS,Italy,The Left group in the European Parliament - GUE/NGL,0,,
Kathleen FUNCHION,Ireland,The Left group in the European Parliament - GUE/NGL,0,,
Mimmo LUCANO,Italy,The Left group in the European Parliament - GUE/NGL,0,,
Rima HASSAN,France,The Left group in the European Parliament - GUE/NGL,0,,
Anders VISTISEN,Denmark,,0,,
Andrius KUBILIUS,Lithuania,,0,,
Antonio DECARO,Italy,,0,,
Balázs GYŐRFFY,Hungary,,0,,
Bas EICKHOUT,Netherlands,,0,,
Carola RACKETE,Germany,,0,,
Christine SCHNEIDER,Germany,,0,,
Christophe HANSEN,Luxembourg,,0,,
Daniel CASPARY,Germany,,0,,
Filip TUREK,Czechia,,0,,
Gaëtan DUSSAUSAYE,France,,0,,
Henna VIRKKUNEN,Finland,,0,,
Marcin KIERWIŃSKI,Poland,,0,,
Marie-Pierre VEDRENNE,France,,0,,
Martin HLAVÁČEK,Czechia,,0,,
Maximilian KRAH,Germany,,0,,
Ondřej KOVAŘÍK,Czechia,,0,,
Predrag Fred MATIĆ,Croatia,,0,,
Péter MAGYAR,Hungary,,0,,
Roxana MÎNZATU,Romania,,0,,
Sebastiaan STÖTELER,Netherlands,,0,,
Sylvie JOSSERAND,France,,0,,
Tom BERENDSEN,Netherlands,,0,,
Zoltán TARR,Hungary,,0,,
Adam BIELAN,Poland,European Conservatives and Reformists Group,-,"against us, defying their group, on ePrivacy scanning derogation: fast-track request",
Adrian-George AXINIA,Romania,European Conservatives and Reformists Group,-,"against us, defying their group, on ePrivacy scanning derogation: fast-track request",
Anna ZALEWSKA,Poland,European Conservatives and Reformists Group,-,"against us, defying their group, on ePrivacy scanning derogation: fast-track request",
Assita KANKO,Belgium,European Conservatives and Reformists Group,-,"against us, defying their group, on ePrivacy scanning derogation: fast-track request",
Bert-Jan RUISSEN,Netherlands,European Conservatives and Reformists Group,-,"against us, defying their group, on ePrivacy scanning derogation: fast-track request",
Bogdan RZOŃCA,Poland,European Conservatives and Reformists Group,-,"against us, defying their group, on ePrivacy scanning derogation: fast-track request",
Geadis GEADI,Cyprus,European Conservatives and Reformists Group,-,"against us, defying their group, on ePrivacy scanning derogation: fast-track request",
Georgiana TEODORESCU,Romania,European Conservatives and Reformists Group,-,"against us, defying their group, on ePrivacy scanning derogation: fast-track request",
Jadwiga WIŚNIEWSKA,Poland,European Conservatives and Reformists Group,-,"against us, defying their group, on Nigeria: persecution of Christians resolution; against us, defying their group, on ePrivacy scanning derogation: fast-track request",
Joachim Stanisław BRUDZIŃSKI,Poland,European Conservatives and Reformists Group,-,"against us, defying their group, on ePrivacy scanning derogation: fast-track request",
Johan VAN OVERTVELDT,Belgium,European Conservatives and Reformists Group,-,"against us, defying their group, on ePrivacy scanning derogation: fast-track request",
Kosma ZŁOTOWSKI,Poland,European Conservatives and Reformists Group,-,"against us, defying their group, on ePrivacy scanning derogation: fast-track request",
Kris VAN DIJCK,Belgium,European Conservatives and Reformists Group,-,"against us, defying their group, on ePrivacy scanning derogation: fast-track request",
Mariusz KAMIŃSKI,Poland,European Conservatives and Reformists Group,-,"against us, defying their group, on ePrivacy scanning derogation: fast-track request",
Marlena MALĄG,Poland,European Conservatives and Reformists Group,-,"against us, defying their group, on ePrivacy scanning derogation: fast-track request",
Małgorzata GOSIEWSKA,Poland,European Conservatives and Reformists Group,-,"against us, defying their group, on ePrivacy scanning derogation: fast-track request",
Patryk JAKI,Poland,European Conservatives and Reformists Group,-,"against us, defying their group, on ePrivacy scanning derogation: fast-track request",
Reinis POZŅAKS,Latvia,European Conservatives and Reformists Group,-,"against us, defying their group, on European Democracy Shield: special committee report",
Rihards KOLS,Latvia,European Conservatives and Reformists Group,-,"against us, defying their group, on European Democracy Shield: special committee report",
Roberts ZĪLE,Latvia,European Conservatives and Reformists Group,-,"against us, defying their group, on European Democracy Shield: special committee report",
Adina VĂLEAN,Romania,Group of the European People's Party (Christian Democrats),-,,
Adrián VÁZQUEZ LÁZARA,Spain,Group of the European People's Party (Christian Democrats),-,,
Alexander BERNHUBER,Austria,Group of the European People's Party (Christian Democrats),-,,
Alexandra MEHNERT,Germany,Group of the European People's Party (Christian Democrats),-,,
Alice TEODORESCU MÅWE,Sweden,Group of the European People's Party (Christian Democrats),-,with us AGAINST their group on SDG resolution (2026 High-Level Political Forum) (3 of 127 Group of the European People's Party (Christian Democrats)),
Alma EZCURRA ALMANSA,Spain,Group of the European People's Party (Christian Democrats),-,,
Andrea WECHSLER,Germany,Group of the European People's Party (Christian Democrats),-,,
Andreas SCHWAB,Germany,Group of the European People's Party (Christian Democrats),-,,
Andrey KOVATCHEV,Bulgaria,Group of the European People's Party (Christian Democrats),-,,
Andrzej HALICKI,Poland,Group of the European People's Party (Christian Democrats),-,,
András Tivadar KULJA,Hungary,Group of the European People's Party (Christian Democrats),-,,
Angelika NIEBLER,Germany,Group of the European People's Party (Christian Democrats),-,,
Angelika WINZIG,Austria,Group of the European People's Party (Christian Democrats),-,,
Antonio LÓPEZ-ISTÚRIZ WHITE,Spain,Group of the European People's Party (Christian Democrats),-,,
Arba KOKALARI,Sweden,Group of the European People's Party (Christian Democrats),-,,
Bartosz ARŁUKOWICZ,Poland,Group of the European People's Party (Christian Democrats),-,,
Bartłomiej SIENKIEWICZ,Poland,Group of the European People's Party (Christian Democrats),-,,
Bogdan Andrzej ZDROJEWSKI,Poland,Group of the European People's Party (Christian Democrats),-,,
Borys BUDKA,Poland,Group of the European People's Party (Christian Democrats),-,,
Carmen CRESPO DÍAZ,Spain,Group of the European People's Party (Christian Democrats),-,,
Caterina CHINNICI,Italy,Group of the European People's Party (Christian Democrats),-,,
Christian DOLESCHAL,Germany,Group of the European People's Party (Christian Democrats),-,,
Christian EHLER,Germany,Group of the European People's Party (Christian Democrats),-,,
Christophe GOMART,France,Group of the European People's Party (Christian Democrats),-,,
Csaba BOGDÁN,Hungary,Group of the European People's Party (Christian Democrats),-,,
Céline IMART,France,Group of the European People's Party (Christian Democrats),-,,
Dan-Ştefan MOTREANU,Romania,Group of the European People's Party (Christian Democrats),-,,
Daniel BUDA,Romania,Group of the European People's Party (Christian Democrats),-,,
Danuše NERUDOVÁ,Czechia,Group of the European People's Party (Christian Democrats),-,,
Dariusz JOŃSKI,Poland,Group of the European People's Party (Christian Democrats),-,,
David CASA,Malta,Group of the European People's Party (Christian Democrats),-,,
David MCALLISTER,Germany,Group of the European People's Party (Christian Democrats),-,,
Davor Ivo STIER,Croatia,Group of the European People's Party (Christian Democrats),-,,
Dennis RADTKE,Germany,Group of the European People's Party (Christian Democrats),-,,
Dimitris TSIODRAS,Greece,Group of the European People's Party (Christian Democrats),-,,
Dirk GOTINK,Netherlands,Group of the European People's Party (Christian Democrats),-,,
Dolors MONTSERRAT,Spain,Group of the European People's Party (Christian Democrats),-,,
Dóra DÁVID,Hungary,Group of the European People's Party (Christian Democrats),-,,
Eleonora MELETI,Greece,Group of the European People's Party (Christian Democrats),-,,
Elissavet VOZEMBERG-VRIONIDI,Greece,Group of the European People's Party (Christian Democrats),-,with us AGAINST their group on SDG resolution (2026 High-Level Political Forum) (3 of 127 Group of the European People's Party (Christian Democrats)),
Elżbieta Katarzyna ŁUKACIJEWSKA,Poland,Group of the European People's Party (Christian Democrats),-,,
Emmanouil KEFALOGIANNIS,Greece,Group of the European People's Party (Christian Democrats),-,,
Esteban GONZÁLEZ PONS,Spain,Group of the European People's Party (Christian Democrats),-,,
Eszter LAKOS,Hungary,Group of the European People's Party (Christian Democrats),-,,
Ewa KOPACZ,Poland,Group of the European People's Party (Christian Democrats),-,,
Fernando NAVARRETE ROJAS,Spain,Group of the European People's Party (Christian Democrats),-,,
Flavio TOSI,Italy,Group of the European People's Party (Christian Democrats),-,,
Francisco José MILLÁN MON,Spain,Group of the European People's Party (Christian Democrats),-,,
François-Xavier BELLAMY,France,Group of the European People's Party (Christian Democrats),-,,
Fredis BELERIS,Greece,Group of the European People's Party (Christian Democrats),-,,
Fulvio MARTUSCIELLO,Italy,Group of the European People's Party (Christian Democrats),-,,
Gabriel MATO,Spain,Group of the European People's Party (Christian Democrats),-,,
Georgios AFTIAS,Greece,Group of the European People's Party (Christian Democrats),-,,
Gheorghe FALCĂ,Romania,Group of the European People's Party (Christian Democrats),-,,
Giusi PRINCI,Italy,Group of the European People's Party (Christian Democrats),-,,
Hanna GRONKIEWICZ-WALTZ,Poland,Group of the European People's Party (Christian Democrats),-,,
Henrik DAHL,Denmark,Group of the European People's Party (Christian Democrats),-,,
Herbert DORFMANN,Italy,Group of the European People's Party (Christian Democrats),-,,
Hélder SOUSA SILVA,Portugal,Group of the European People's Party (Christian Democrats),-,,
Ilia LAZAROV,Bulgaria,Group of the European People's Party (Christian Democrats),-,with us AGAINST their group on SDG resolution (2026 High-Level Political Forum) (3 of 127 Group of the European People's Party (Christian Democrats)),
Inese VAIDERE,Latvia,Group of the European People's Party (Christian Democrats),-,,
Ingeborg TER LAAK,Netherlands,Group of the European People's Party (Christian Democrats),-,,
Ioan-Rareş BOGDAN,Romania,Group of the European People's Party (Christian Democrats),-,,
Isabel BENJUMEA BENJUMEA,Spain,Group of the European People's Party (Christian Democrats),-,,
Isabel WISELER-LIMA,Luxembourg,Group of the European People's Party (Christian Democrats),-,,
Isabelle LE CALLENNEC,France,Group of the European People's Party (Christian Democrats),-,,
Iuliu WINKLER,Romania,Group of the European People's Party (Christian Democrats),-,,
Jacek PROTAS,Poland,Group of the European People's Party (Christian Democrats),-,,
Jagna MARCZUŁAJTIS-WALCZAK,Poland,Group of the European People's Party (Christian Democrats),-,,
Jan FARSKÝ,Czechia,Group of the European People's Party (Christian Democrats),-,,
Janusz LEWANDOWSKI,Poland,Group of the European People's Party (Christian Democrats),-,,
Javier ZARZALEJOS,Spain,Group of the European People's Party (Christian Democrats),-,,
Jens GIESEKE,Germany,Group of the European People's Party (Christian Democrats),-,,
Jeroen LENAERS,Netherlands,Group of the European People's Party (Christian Democrats),-,,
Jessica POLFJÄRD,Sweden,Group of the European People's Party (Christian Democrats),-,,
Juan Ignacio ZOIDO ÁLVAREZ,Spain,Group of the European People's Party (Christian Democrats),-,,
Jörgen WARBORN,Sweden,Group of the European People's Party (Christian Democrats),-,,
Jüri RATAS,Estonia,Group of the European People's Party (Christian Democrats),-,,
Kamila GASIUK-PIHOWICZ,Poland,Group of the European People's Party (Christian Democrats),-,,
Karlo RESSLER,Croatia,Group of the European People's Party (Christian Democrats),-,,
Kinga KOLLÁR,Hungary,Group of the European People's Party (Christian Democrats),-,,
Krzysztof BREJZA,Poland,Group of the European People's Party (Christian Democrats),-,,
Krzysztof HETMAN,Poland,Group of the European People's Party (Christian Democrats),-,,
Lena DÜPONT,Germany,Group of the European People's Party (Christian Democrats),-,,
Letizia MORATTI,Italy,Group of the European People's Party (Christian Democrats),-,,
Liesbet SOMMEN,Belgium,Group of the European People's Party (Christian Democrats),-,,
Liudas MAŽYLIS,Lithuania,Group of the European People's Party (Christian Democrats),-,,
Loránt VINCZE,Romania,Group of the European People's Party (Christian Democrats),-,,
Luděk NIEDERMAYER,Czechia,Group of the European People's Party (Christian Democrats),-,,
Lukas MANDL,Austria,Group of the European People's Party (Christian Democrats),-,,
Lídia PEREIRA,Portugal,Group of the European People's Party (Christian Democrats),-,,
Magdalena ADAMOWICZ,Poland,Group of the European People's Party (Christian Democrats),-,,
Manfred WEBER,Germany,Group of the European People's Party (Christian Democrats),-,,
Manuela RIPA,Germany,Group of the European People's Party (Christian Democrats),-,,
Maravillas ABADÍA JOVER,Spain,Group of the European People's Party (Christian Democrats),-,,
Maria WALSH,Ireland,Group of the European People's Party (Christian Democrats),-,,
Marie-Sophie CHRIST,Germany,Group of the European People's Party (Christian Democrats),-,,
Marion WALSMANN,Germany,Group of the European People's Party (Christian Democrats),-,,
Markus FERBER,Germany,Group of the European People's Party (Christian Democrats),-,,
Marta WCISŁO,Poland,Group of the European People's Party (Christian Democrats),-,,
Martine KEMP,Luxembourg,Group of the European People's Party (Christian Democrats),-,,
Massimiliano SALINI,Italy,Group of the European People's Party (Christian Democrats),-,,
Matej TONIN,Slovenia,Group of the European People's Party (Christian Democrats),-,,
Michael GAHLER,Germany,Group of the European People's Party (Christian Democrats),-,,
Michalis HADJIPANTELA,Cyprus,Group of the European People's Party (Christian Democrats),-,,
Michał SZCZERBA,Poland,Group of the European People's Party (Christian Democrats),-,,
Michał WAWRYKIEWICZ,Poland,Group of the European People's Party (Christian Democrats),-,,
Mika AALTOLA,Finland,Group of the European People's Party (Christian Democrats),-,,
Mircea-Gheorghe HAVA,Romania,Group of the European People's Party (Christian Democrats),-,,
Miriam LEXMANN,Slovakia,Group of the European People's Party (Christian Democrats),-,,
Mirosława NYKIEL,Poland,Group of the European People's Party (Christian Democrats),-,,
Monika HOHLMEIER,Germany,Group of the European People's Party (Christian Democrats),-,,
Nadine MORANO,France,Group of the European People's Party (Christian Democrats),-,,
Niclas HERBST,Germany,Group of the European People's Party (Christian Democrats),-,,
Nicolás PASCUAL DE LA PARTE,Spain,Group of the European People's Party (Christian Democrats),-,,
Niels Flemming HANSEN,Denmark,Group of the European People's Party (Christian Democrats),-,,
Niels GEUKING,Germany,Group of the European People's Party (Christian Democrats),-,,
Nina CARBERRY,Ireland,Group of the European People's Party (Christian Democrats),-,,
Norbert HERHAMMER,Germany,Group of the European People's Party (Christian Democrats),-,,
Norbert LINS,Germany,Group of the European People's Party (Christian Democrats),-,,
Oliver SCHENK,Germany,Group of the European People's Party (Christian Democrats),-,,
Ondřej KOLÁŘ,Czechia,Group of the European People's Party (Christian Democrats),-,,
Pablo ARIAS ECHEVERRÍA,Spain,Group of the European People's Party (Christian Democrats),-,,
Pascal ARIMONT,Belgium,Group of the European People's Party (Christian Democrats),-,,
Paulius SAUDARGAS,Lithuania,Group of the European People's Party (Christian Democrats),-,,
Paulo DO NASCIMENTO CABRAL,Portugal,Group of the European People's Party (Christian Democrats),-,,
Pekka TOVERI,Finland,Group of the European People's Party (Christian Democrats),-,,
Peter AGIUS,Malta,Group of the European People's Party (Christian Democrats),-,,
Rasa JUKNEVIČIENĖ,Lithuania,Group of the European People's Party (Christian Democrats),-,,
Raúl DE LA HOZ QUINTANO,Spain,Group of the European People's Party (Christian Democrats),-,,
Regina DOHERTY,Ireland,Group of the European People's Party (Christian Democrats),-,,
Reinhold LOPATKA,Austria,Group of the European People's Party (Christian Democrats),-,,
Riho TERRAS,Estonia,Group of the European People's Party (Christian Democrats),-,,
Sabine VERHEYEN,Germany,Group of the European People's Party (Christian Democrats),-,,
Salvatore DE MEO,Italy,Group of the European People's Party (Christian Democrats),-,,
Sandra KALNIETE,Latvia,Group of the European People's Party (Christian Democrats),-,,
Sebastião BUGALHO,Portugal,Group of the European People's Party (Christian Democrats),-,,
Seán KELLY,Ireland,Group of the European People's Party (Christian Democrats),-,,
Siegfried MUREŞAN,Romania,Group of the European People's Party (Christian Democrats),-,,
Sirpa PIETIKÄINEN,Finland,Group of the European People's Party (Christian Democrats),-,,
Sophia KIRCHER,Austria,Group of the European People's Party (Christian Democrats),-,,
Stefan BERGER,Germany,Group of the European People's Party (Christian Democrats),-,,
Stefan KÖHLER,Germany,Group of the European People's Party (Christian Democrats),-,,
Susana SOLÍS PÉREZ,Spain,Group of the European People's Party (Christian Democrats),-,,
Sven SIMON,Germany,Group of the European People's Party (Christian Democrats),-,,
Sérgio HUMBERTO,Portugal,Group of the European People's Party (Christian Democrats),-,,
Tomas TOBÉ,Sweden,Group of the European People's Party (Christian Democrats),-,,
Tomislav SOKOL,Croatia,Group of the European People's Party (Christian Democrats),-,,
Tomáš ZDECHOVSKÝ,Czechia,Group of the European People's Party (Christian Democrats),-,,
Viktor WEISZ,Hungary,Group of the European People's Party (Christian Democrats),-,,
Virgil-Daniel POPESCU,Romania,Group of the European People's Party (Christian Democrats),-,,
Willemien KONING,Netherlands,Group of the European People's Party (Christian Democrats),-,,
Wouter BEKE,Belgium,Group of the European People's Party (Christian Democrats),-,,
Zala ČERNILEC TOMAŠIČ,Slovenia,Group of the European People's Party (Christian Democrats),-,,
Łukasz KOHUT,Poland,Group of the European People's Party (Christian Democrats),-,,
Željana ZOVKO,Croatia,Group of the European People's Party (Christian Democrats),-,,
Alexandra GEESE,Germany,Group of the Greens/European Free Alliance,-,,
Alice KUHNKE,Sweden,Group of the Greens/European Free Alliance,-,,
Ana MIRANDA PAZ,Spain,Group of the Greens/European Free Alliance,-,with us AGAINST their group on European Democracy Shield: special committee report (1 of 48 Group of the Greens/European Free Alliance),
Anna CAVAZZINI,Germany,Group of the Greens/European Free Alliance,-,,
Anna STROLENBERG,Netherlands,Group of the Greens/European Free Alliance,-,,
Benedetta SCUDERI,Italy,Group of the Greens/European Free Alliance,-,,
Catarina VIEIRA,Netherlands,Group of the Greens/European Free Alliance,-,,
Cristina GUARDA,Italy,Group of the Greens/European Free Alliance,-,,
Damian BOESELAGER,Germany,Group of the Greens/European Free Alliance,-,,
Daniel FREUND,Germany,Group of the Greens/European Free Alliance,-,,
David CORMAND,France,Group of the Greens/European Free Alliance,-,,
Diana RIBA I GINER,Spain,Group of the Greens/European Free Alliance,-,,
Erik MARQUARDT,Germany,Group of the Greens/European Free Alliance,-,,
Gordan BOSANAC,Croatia,Group of the Greens/European Free Alliance,-,,
Hannah NEUMANN,Germany,Group of the Greens/European Free Alliance,-,,
Ignazio Roberto MARINO,Italy,Group of the Greens/European Free Alliance,-,,
Isabella LÖVIN,Sweden,Group of the Greens/European Free Alliance,-,,
Jutta PAULUS,Germany,Group of the Greens/European Free Alliance,-,,
Kai TEGETHOFF,Germany,Group of the Greens/European Free Alliance,-,,
Katrin LANGENSIEPEN,Germany,Group of the Greens/European Free Alliance,-,,
Kira Marie PETER-HANSEN,Denmark,Group of the Greens/European Free Alliance,-,,
Lena SCHILLING,Austria,Group of the Greens/European Free Alliance,-,,
Maria OHISALO,Finland,Group of the Greens/European Free Alliance,-,,
Marie TOUSSAINT,France,Group of the Greens/European Free Alliance,-,,
Markéta GREGOROVÁ,Czechia,Group of the Greens/European Free Alliance,-,,
Martin HÄUSLING,Germany,Group of the Greens/European Free Alliance,-,,
Michael BLOSS,Germany,Group of the Greens/European Free Alliance,-,,
Mounir SATOURI,France,Group of the Greens/European Free Alliance,-,,
Mélissa CAMARA,France,Group of the Greens/European Free Alliance,-,,
Mārtiņš STAĶIS,Latvia,Group of the Greens/European Free Alliance,-,,
Nela RIEHL,Germany,Group of the Greens/European Free Alliance,-,,
Nicolae ȘTEFĂNUȚĂ,Romania,Group of the Greens/European Free Alliance,-,,
Pär HOLMGREN,Sweden,Group of the Greens/European Free Alliance,-,,
Rasmus ANDRESEN,Germany,Group of the Greens/European Free Alliance,-,,
Rasmus NORDQVIST,Denmark,Group of the Greens/European Free Alliance,-,,
Reinier VAN LANSCHOT,Netherlands,Group of the Greens/European Free Alliance,-,,
Sara MATTHIEU,Belgium,Group of the Greens/European Free Alliance,-,,
Saskia BRICMONT,Belgium,Group of the Greens/European Free Alliance,-,,
Sergey LAGODINSKY,Germany,Group of the Greens/European Free Alliance,-,,
Terry REINTKE,Germany,Group of the Greens/European Free Alliance,-,,
Thomas WAITZ,Austria,Group of the Greens/European Free Alliance,-,,
Tilly METZ,Luxembourg,Group of the Greens/European Free Alliance,-,,
Tineke STRIK,Netherlands,Group of the Greens/European Free Alliance,-,,
Ufuk KÂHYA,Netherlands,Group of the Greens/European Free Alliance,-,,
Vicent MARZÀ IBÁÑEZ,Spain,Group of the Greens/European Free Alliance,-,,
Ville NIINISTÖ,Finland,Group of the Greens/European Free Alliance,-,,
Villy SØVNDAL,Denmark,Group of the Greens/European Free Alliance,-,,
Virginijus SINKEVIČIUS,Lithuania,Group of the Greens/European Free Alliance,-,,
Vladimir PREBILIČ,Slovenia,Group of the Greens/European Free Alliance,-,,
Adnan DIBRANI,Sweden,Group of the Progressive Alliance of Socialists and Democrats in the European Parliament,-,,
Alessandra MORETTI,Italy,Group of the Progressive Alliance of Socialists and Democrats in the European Parliament,-,,
Alessandro ZAN,Italy,Group of the Progressive Alliance of Socialists and Democrats in the European Parliament,-,with us AGAINST their group on ePrivacy scanning derogation: fast-track request (39 of 119 Group of the Progressive Alliance of Socialists and Democrats in the European Parliament),
Alex AGIUS SALIBA,Malta,Group of the Progressive Alliance of Socialists and Democrats in the European Parliament,-,with us AGAINST their group on ePrivacy scanning derogation: fast-track request (39 of 119 Group of the Progressive Alliance of Socialists and Democrats in the European Parliament),
Alicia HOMS GINEL,Spain,Group of the Progressive Alliance of Socialists and Democrats in the European Parliament,-,,
Ana Catarina MENDES,Portugal,Group of the Progressive Alliance of Socialists and Democrats in the European Parliament,-,,
Andi CRISTEA,Romania,Group of the Progressive Alliance of Socialists and Democrats in the European Parliament,-,,
Andreas SCHIEDER,Austria,Group of the Progressive Alliance of Socialists and Democrats in the European Parliament,-,,
André FRANQUEIRA RODRIGUES,Portugal,Group of the Progressive Alliance of Socialists and Democrats in the European Parliament,-,,
Annalisa CORRADO,Italy,Group of the Progressive Alliance of Socialists and Democrats in the European Parliament,-,with us AGAINST their group on ePrivacy scanning derogation: fast-track request (39 of 119 Group of the Progressive Alliance of Socialists and Democrats in the European Parliament),
Aodhán Ó RÍORDÁIN,Ireland,Group of the Progressive Alliance of Socialists and Democrats in the European Parliament,-,,
Aurore LALUCQ,France,Group of the Progressive Alliance of Socialists and Democrats in the European Parliament,-,,
Bernd LANGE,Germany,Group of the Progressive Alliance of Socialists and Democrats in the European Parliament,-,,
Biljana BORZAN,Croatia,Group of the Progressive Alliance of Socialists and Democrats in the European Parliament,-,with us AGAINST their group on ePrivacy scanning derogation: fast-track request (39 of 119 Group of the Progressive Alliance of Socialists and Democrats in the European Parliament),
Birgit SIPPEL,Germany,Group of the Progressive Alliance of Socialists and Democrats in the European Parliament,-,with us AGAINST their group on ePrivacy scanning derogation: fast-track request (39 of 119 Group of the Progressive Alliance of Socialists and Democrats in the European Parliament),
Bruno GONÇALVES,Portugal,Group of the Progressive Alliance of Socialists and Democrats in the European Parliament,-,with us AGAINST their group on ePrivacy scanning derogation: fast-track request (39 of 119 Group of the Progressive Alliance of Socialists and Democrats in the European Parliament),
Bruno TOBBACK,Belgium,Group of the Progressive Alliance of Socialists and Democrats in the European Parliament,-,with us AGAINST their group on ePrivacy scanning derogation: fast-track request (39 of 119 Group of the Progressive Alliance of Socialists and Democrats in the European Parliament),
Carla TAVARES,Portugal,Group of the Progressive Alliance of Socialists and Democrats in the European Parliament,-,,
Cecilia STRADA,Italy,Group of the Progressive Alliance of Socialists and Democrats in the European Parliament,-,with us AGAINST their group on ePrivacy scanning derogation: fast-track request (39 of 119 Group of the Progressive Alliance of Socialists and Democrats in the European Parliament),
Christel SCHALDEMOSE,Denmark,Group of the Progressive Alliance of Socialists and Democrats in the European Parliament,-,,
Christophe CLERGEAU,France,Group of the Progressive Alliance of Socialists and Democrats in the European Parliament,-,,
Cristina MAESTRE,Spain,Group of the Progressive Alliance of Socialists and Democrats in the European Parliament,-,,
César LUENA,Spain,Group of the Progressive Alliance of Socialists and Democrats in the European Parliament,-,,
Daniel ATTARD,Malta,Group of the Progressive Alliance of Socialists and Democrats in the European Parliament,-,with us AGAINST their group on ePrivacy scanning derogation: fast-track request (39 of 119 Group of the Progressive Alliance of Socialists and Democrats in the European Parliament),
Dario NARDELLA,Italy,Group of the Progressive Alliance of Socialists and Democrats in the European Parliament,-,,
Delara BURKHARDT,Germany,Group of the Progressive Alliance of Socialists and Democrats in the European Parliament,-,with us AGAINST their group on ePrivacy scanning derogation: fast-track request (39 of 119 Group of the Progressive Alliance of Socialists and Democrats in the European Parliament),
Eero HEINÄLUOMA,Finland,Group of the Progressive Alliance of Socialists and Democrats in the European Parliament,-,,
Elena SANCHO MURILLO,Spain,Group of the Progressive Alliance of Socialists and Democrats in the European Parliament,-,,
Elisabeth GROSSMANN,Austria,Group of the Progressive Alliance of Socialists and Democrats in the European Parliament,-,,
Emma RAFOWICZ,France,Group of the Progressive Alliance of Socialists and Democrats in the European Parliament,-,with us AGAINST their group on ePrivacy scanning derogation: fast-track request (39 of 119 Group of the Progressive Alliance of Socialists and Democrats in the European Parliament),
Estelle CEULEMANS,Belgium,Group of the Progressive Alliance of Socialists and Democrats in the European Parliament,-,with us AGAINST their group on ePrivacy scanning derogation: fast-track request (39 of 119 Group of the Progressive Alliance of Socialists and Democrats in the European Parliament),
Evelyn REGNER,Austria,Group of the Progressive Alliance of Socialists and Democrats in the European Parliament,-,with us AGAINST their group on ePrivacy scanning derogation: fast-track request (39 of 119 Group of the Progressive Alliance of Socialists and Democrats in the European Parliament),
Evin INCIR,Sweden,Group of the Progressive Alliance of Socialists and Democrats in the European Parliament,-,,
François KALFON,France,Group of the Progressive Alliance of Socialists and Democrats in the European Parliament,-,with us AGAINST their group on ePrivacy scanning derogation: fast-track request (39 of 119 Group of the Progressive Alliance of Socialists and Democrats in the European Parliament),
Gabriela FIREA,Romania,Group of the Progressive Alliance of Socialists and Democrats in the European Parliament,-,,
Gabriele BISCHOFF,Germany,Group of the Progressive Alliance of Socialists and Democrats in the European Parliament,-,with us AGAINST their group on ePrivacy scanning derogation: fast-track request (39 of 119 Group of the Progressive Alliance of Socialists and Democrats in the European Parliament),
Georgia TRAMACERE,Italy,Group of the Progressive Alliance of Socialists and Democrats in the European Parliament,-,,
Giorgio GORI,Italy,Group of the Progressive Alliance of Socialists and Democrats in the European Parliament,-,with us AGAINST their group on ePrivacy scanning derogation: fast-track request (39 of 119 Group of the Progressive Alliance of Socialists and Democrats in the European Parliament),
Günther SIDL,Austria,Group of the Progressive Alliance of Socialists and Democrats in the European Parliament,-,,
Hana JALLOUL MURO,Spain,Group of the Progressive Alliance of Socialists and Democrats in the European Parliament,-,,
Hannes HEIDE,Austria,Group of the Progressive Alliance of Socialists and Democrats in the European Parliament,-,,
Heléne FRITZON,Sweden,Group of the Progressive Alliance of Socialists and Democrats in the European Parliament,-,,
Idoia MENDIA,Spain,Group of the Progressive Alliance of Socialists and Democrats in the European Parliament,-,,
Iratxe GARCÍA PÉREZ,Spain,Group of the Progressive Alliance of Socialists and Democrats in the European Parliament,-,,
Irene TINAGLI,Italy,Group of the Progressive Alliance of Socialists and Democrats in the European Parliament,-,,
Isilda GOMES,Portugal,Group of the Progressive Alliance of Socialists and Democrats in the European Parliament,-,,
Javi LÓPEZ,Spain,Group of the Progressive Alliance of Socialists and Democrats in the European Parliament,-,,
Javier MORENO SÁNCHEZ,Spain,Group of the Progressive Alliance of Socialists and Democrats in the European Parliament,-,,
Jens GEIER,Germany,Group of the Progressive Alliance of Socialists and Democrats in the European Parliament,-,with us AGAINST their group on ePrivacy scanning derogation: fast-track request (39 of 119 Group of the Progressive Alliance of Socialists and Democrats in the European Parliament),
Joanna SCHEURING-WIELGUS,Poland,Group of the Progressive Alliance of Socialists and Democrats in the European Parliament,-,,
Johan DANIELSSON,Sweden,Group of the Progressive Alliance of Socialists and Democrats in the European Parliament,-,,
Jonás FERNÁNDEZ,Spain,Group of the Progressive Alliance of Socialists and Democrats in the European Parliament,-,,
Juan Fernando LÓPEZ AGUILAR,Spain,Group of the Progressive Alliance of Socialists and Democrats in the European Parliament,-,,
Kathleen VAN BREMPT,Belgium,Group of the Progressive Alliance of Socialists and Democrats in the European Parliament,-,with us AGAINST their group on ePrivacy scanning derogation: fast-track request (39 of 119 Group of the Progressive Alliance of Socialists and Democrats in the European Parliament),
Klára DOBREV,Hungary,Group of the Progressive Alliance of Socialists and Democrats in the European Parliament,-,,
Kristian VIGENIN,Bulgaria,Group of the Progressive Alliance of Socialists and Democrats in the European Parliament,-,with us AGAINST their group on ePrivacy scanning derogation: fast-track request (39 of 119 Group of the Progressive Alliance of Socialists and Democrats in the European Parliament),
Krzysztof ŚMISZEK,Poland,Group of the Progressive Alliance of Socialists and Democrats in the European Parliament,-,,
Lara WOLTERS,Netherlands,Group of the Progressive Alliance of Socialists and Democrats in the European Parliament,-,with us AGAINST their group on ePrivacy scanning derogation: fast-track request (39 of 119 Group of the Progressive Alliance of Socialists and Democrats in the European Parliament),
Laura BALLARÍN CEREZA,Spain,Group of the Progressive Alliance of Socialists and Democrats in the European Parliament,-,,
Leire PAJÍN,Spain,Group of the Progressive Alliance of Socialists and Democrats in the European Parliament,-,,
Lina GÁLVEZ,Spain,Group of the Progressive Alliance of Socialists and Democrats in the European Parliament,-,,
Lucia ANNUNZIATA,Italy,Group of the Progressive Alliance of Socialists and Democrats in the European Parliament,-,,
Marc ANGEL,Luxembourg,Group of the Progressive Alliance of Socialists and Democrats in the European Parliament,-,,
Marco TARQUINIO,Italy,Group of the Progressive Alliance of Socialists and Democrats in the European Parliament,-,,
Marcos ROS SEMPERE,Spain,Group of the Progressive Alliance of Socialists and Democrats in the European Parliament,-,,
Maria GRAPINI,Romania,Group of the Progressive Alliance of Socialists and Democrats in the European Parliament,-,,
Maria GUZENINA,Finland,Group of the Progressive Alliance of Socialists and Democrats in the European Parliament,-,,
Maria NOICHL,Germany,Group of the Progressive Alliance of Socialists and Democrats in the European Parliament,-,,
Marianne VIND,Denmark,Group of the Progressive Alliance of Socialists and Democrats in the European Parliament,-,,
Marina KALJURAND,Estonia,Group of the Progressive Alliance of Socialists and Democrats in the European Parliament,-,with us AGAINST their group on ePrivacy scanning derogation: fast-track request (39 of 119 Group of the Progressive Alliance of Socialists and Democrats in the European Parliament),
Marit MAIJ,Netherlands,Group of the Progressive Alliance of Socialists and Democrats in the European Parliament,-,with us AGAINST their group on ePrivacy scanning derogation: fast-track request (39 of 119 Group of the Progressive Alliance of Socialists and Democrats in the European Parliament),
Marko VEŠLIGAJ,Croatia,Group of the Progressive Alliance of Socialists and Democrats in the European Parliament,-,with us AGAINST their group on ePrivacy scanning derogation: fast-track request (39 of 119 Group of the Progressive Alliance of Socialists and Democrats in the European Parliament),
Marta TEMIDO,Portugal,Group of the Progressive Alliance of Socialists and Democrats in the European Parliament,-,,
Matjaž NEMEC,Slovenia,Group of the Progressive Alliance of Socialists and Democrats in the European Parliament,-,with us AGAINST their group on ePrivacy scanning derogation: fast-track request (39 of 119 Group of the Progressive Alliance of Socialists and Democrats in the European Parliament),
Matthias ECKE,Germany,Group of the Progressive Alliance of Socialists and Democrats in the European Parliament,-,with us AGAINST their group on ePrivacy scanning derogation: fast-track request (39 of 119 Group of the Progressive Alliance of Socialists and Democrats in the European Parliament),
Mohammed CHAHIM,Netherlands,Group of the Progressive Alliance of Socialists and Democrats in the European Parliament,-,with us AGAINST their group on ePrivacy scanning derogation: fast-track request (39 of 119 Group of the Progressive Alliance of Socialists and Democrats in the European Parliament),
Murielle LAURENT,France,Group of the Progressive Alliance of Socialists and Democrats in the European Parliament,-,with us AGAINST their group on ePrivacy scanning derogation: fast-track request (39 of 119 Group of the Progressive Alliance of Socialists and Democrats in the European Parliament),
Nacho SÁNCHEZ AMOR,Spain,Group of the Progressive Alliance of Socialists and Democrats in the European Parliament,-,,
Nicolás GONZÁLEZ CASARES,Spain,Group of the Progressive Alliance of Socialists and Democrats in the European Parliament,-,,
Niels FUGLSANG,Denmark,Group of the Progressive Alliance of Socialists and Democrats in the European Parliament,-,,
Nikos PAPANDREOU,Greece,Group of the Progressive Alliance of Socialists and Democrats in the European Parliament,-,,
Nils UŠAKOVS,Latvia,Group of the Progressive Alliance of Socialists and Democrats in the European Parliament,-,with us AGAINST their group on ePrivacy scanning derogation: fast-track request (39 of 119 Group of the Progressive Alliance of Socialists and Democrats in the European Parliament),
Nora MEBAREK,France,Group of the Progressive Alliance of Socialists and Democrats in the European Parliament,-,,
Pierfrancesco MARAN,Italy,Group of the Progressive Alliance of Socialists and Democrats in the European Parliament,-,with us AGAINST their group on ePrivacy scanning derogation: fast-track request (39 of 119 Group of the Progressive Alliance of Socialists and Democrats in the European Parliament),
Pierre JOUVET,France,Group of the Progressive Alliance of Socialists and Democrats in the European Parliament,-,with us AGAINST their group on ePrivacy scanning derogation: fast-track request (39 of 119 Group of the Progressive Alliance of Socialists and Democrats in the European Parliament),
Raffaele TOPO,Italy,Group of the Progressive Alliance of Socialists and Democrats in the European Parliament,-,,
Raphaël GLUCKSMANN,France,Group of the Progressive Alliance of Socialists and Democrats in the European Parliament,-,,
René REPASI,Germany,Group of the Progressive Alliance of Socialists and Democrats in the European Parliament,-,with us AGAINST their group on ePrivacy scanning derogation: fast-track request (39 of 119 Group of the Progressive Alliance of Socialists and Democrats in the European Parliament),
Robert BIEDROŃ,Poland,Group of the Progressive Alliance of Socialists and Democrats in the European Parliament,-,,
Romana JERKOVIĆ,Croatia,Group of the Progressive Alliance of Socialists and Democrats in the European Parliament,-,,
Rosa SERRANO SIERRA,Spain,Group of the Progressive Alliance of Socialists and Democrats in the European Parliament,-,,
Sabrina REPP,Germany,Group of the Progressive Alliance of Socialists and Democrats in the European Parliament,-,,
Sakis ARNAOUTOGLOU,Greece,Group of the Progressive Alliance of Socialists and Democrats in the European Parliament,-,,
Sandra GÓMEZ LÓPEZ,Spain,Group of the Progressive Alliance of Socialists and Democrats in the European Parliament,-,,
Sofie ERIKSSON,Sweden,Group of the Progressive Alliance of Socialists and Democrats in the European Parliament,-,,
Stefano BONACCINI,Italy,Group of the Progressive Alliance of Socialists and Democrats in the European Parliament,-,,
Sven MIKSER,Estonia,Group of the Progressive Alliance of Socialists and Democrats in the European Parliament,-,with us AGAINST their group on ePrivacy scanning derogation: fast-track request (39 of 119 Group of the Progressive Alliance of Socialists and Democrats in the European Parliament),
Sérgio GONÇALVES,Portugal,Group of the Progressive Alliance of Socialists and Democrats in the European Parliament,-,,
Thijs REUTEN,Netherlands,Group of the Progressive Alliance of Socialists and Democrats in the European Parliament,-,with us AGAINST their group on ePrivacy scanning derogation: fast-track request (39 of 119 Group of the Progressive Alliance of Socialists and Democrats in the European Parliament),
Thomas BAJADA,Malta,Group of the Progressive Alliance of Socialists and Democrats in the European Parliament,-,with us AGAINST their group on ePrivacy scanning derogation: fast-track request (39 of 119 Group of the Progressive Alliance of Socialists and Democrats in the European Parliament),
Thomas PELLERIN-CARLIN,France,Group of the Progressive Alliance of Socialists and Democrats in the European Parliament,-,,
Tiemo WÖLKEN,Germany,Group of the Progressive Alliance of Socialists and Democrats in the European Parliament,-,with us AGAINST their group on ePrivacy scanning derogation: fast-track request (39 of 119 Group of the Progressive Alliance of Socialists and Democrats in the European Parliament),
Tobias CREMER,Germany,Group of the Progressive Alliance of Socialists and Democrats in the European Parliament,-,,
Tonino PICULA,Croatia,Group of the Progressive Alliance of Socialists and Democrats in the European Parliament,-,with us AGAINST their group on ePrivacy scanning derogation: fast-track request (39 of 119 Group of the Progressive Alliance of Socialists and Democrats in the European Parliament),
Tsvetelina PENKOVA,Bulgaria,Group of the Progressive Alliance of Socialists and Democrats in the European Parliament,-,,
Udo BULLMANN,Germany,Group of the Progressive Alliance of Socialists and Democrats in the European Parliament,-,with us AGAINST their group on ePrivacy scanning derogation: fast-track request (39 of 119 Group of the Progressive Alliance of Socialists and Democrats in the European Parliament),
Vasile DÎNCU,Romania,Group of the Progressive Alliance of Socialists and Democrats in the European Parliament,-,with us AGAINST their group on ePrivacy scanning derogation: fast-track request (39 of 119 Group of the Progressive Alliance of Socialists and Democrats in the European Parliament),
Victor NEGRESCU,Romania,Group of the Progressive Alliance of Socialists and Democrats in the European Parliament,-,,
Vilija BLINKEVIČIŪTĖ,Lithuania,Group of the Progressive Alliance of Socialists and Democrats in the European Parliament,-,,
Vivien COSTANZO,Germany,Group of the Progressive Alliance of Socialists and Democrats in the European Parliament,-,with us AGAINST their group on ePrivacy scanning derogation: fast-track request (39 of 119 Group of the Progressive Alliance of Socialists and Democrats in the European Parliament),
Vytenis Povilas ANDRIUKAITIS,Lithuania,Group of the Progressive Alliance of Socialists and Democrats in the European Parliament,-,,
Ştefan MUŞOIU,Romania,Group of the Progressive Alliance of Socialists and Democrats in the European Parliament,-,,
Fabio DE MASI,Germany,Non-attached Members,-,"against us, defying their group, on SDG resolution (2026 High-Level Political Forum)",
Jan-Peter WARNKE,Germany,Non-attached Members,-,"against us, defying their group, on SDG resolution (2026 High-Level Political Forum)",
Malika SOREL,France,Non-attached Members,-,"against us, defying their group, on SDG resolution (2026 High-Level Political Forum); against us, defying their group, on European Democracy Shield: special committee report",
Michael VON DER SCHULENBURG,Germany,Non-attached Members,-,"against us, defying their group, on SDG resolution (2026 High-Level Political Forum)",
Ruth FIRMENICH,Germany,Non-attached Members,-,"against us, defying their group, on SDG resolution (2026 High-Level Political Forum)",
Sibylle BERG,Germany,Non-attached Members,-,"against us, defying their group, on SDG resolution (2026 High-Level Political Forum)",
Thomas GEISEL,Germany,Non-attached Members,-,"against us, defying their group, on SDG resolution (2026 High-Level Political Forum)",
Aleksandar NIKOLIC,France,Patriots for Europe Group,-,"against us, defying their group, on ePrivacy scanning derogation: fast-track request",
Alexandre VARAUT,France,Patriots for Europe Group,-,"against us, defying their group, on ePrivacy scanning derogation: fast-track request",
András GYÜRK,Hungary,Patriots for Europe Group,-,"against us, defying their group, on ePrivacy scanning derogation: fast-track request",
András LÁSZLÓ,Hungary,Patriots for Europe Group,-,"against us, defying their group, on ePrivacy scanning derogation: fast-track request",
André ROUGÉ,France,Patriots for Europe Group,-,"against us, defying their group, on ePrivacy scanning derogation: fast-track request",
Angéline FURET,France,Patriots for Europe Group,-,"against us, defying their group, on ePrivacy scanning derogation: fast-track request",
Annamária VICSEK,Hungary,Patriots for Europe Group,-,"against us, defying their group, on ePrivacy scanning derogation: fast-track request",
Anne-Sophie FRIGOUT,France,Patriots for Europe Group,-,"against us, defying their group, on ePrivacy scanning derogation: fast-track request",
Christophe BAY,France,Patriots for Europe Group,-,"against us, defying their group, on ePrivacy scanning derogation: fast-track request",
Csaba DÖMÖTÖR,Hungary,Patriots for Europe Group,-,"against us, defying their group, on ePrivacy scanning derogation: fast-track request",
Enikő GYŐRI,Hungary,Patriots for Europe Group,-,"against us, defying their group, on ePrivacy scanning derogation: fast-track request",
Fabrice LEGGERI,France,Patriots for Europe Group,-,"against us, defying their group, on ePrivacy scanning derogation: fast-track request",
France JAMET,France,Patriots for Europe Group,-,"against us, defying their group, on ePrivacy scanning derogation: fast-track request",
Gilles PENNELLE,France,Patriots for Europe Group,-,"against us, defying their group, on ePrivacy scanning derogation: fast-track request",
György HÖLVÉNYI,Hungary,Patriots for Europe Group,-,"against us, defying their group, on ePrivacy scanning derogation: fast-track request",
Jana NAGYOVÁ,Czechia,Patriots for Europe Group,-,"against us, defying their group, on ePrivacy scanning derogation: fast-track request",
Jaroslav BŽOCH,Czechia,Patriots for Europe Group,-,"against us, defying their group, on ePrivacy scanning derogation: fast-track request",
Jaroslav KNOT,Czechia,Patriots for Europe Group,-,"against us, defying their group, on ePrivacy scanning derogation: fast-track request",
Jaroslava POKORNÁ JERMANOVÁ,Czechia,Patriots for Europe Group,-,"against us, defying their group, on ePrivacy scanning derogation: fast-track request",
Julie RECHAGNEUX,France,Patriots for Europe Group,-,"against us, defying their group, on ePrivacy scanning derogation: fast-track request",
Klara DOSTALOVA,Czechia,Patriots for Europe Group,-,"against us, defying their group, on ePrivacy scanning derogation: fast-track request",
Laurent CASTILLO,France,Patriots for Europe Group,-,"against us, defying their group, on ePrivacy scanning derogation: fast-track request",
Majbritt BIRKHOLM,Denmark,Patriots for Europe Group,-,"against us, defying their group, on ePrivacy scanning derogation: fast-track request",
Marie DAUCHY,France,Patriots for Europe Group,-,"against us, defying their group, on ePrivacy scanning derogation: fast-track request",
Marie-Luce BRASIER-CLAIN,France,Patriots for Europe Group,-,"against us, defying their group, on ePrivacy scanning derogation: fast-track request",
Mathilde ANDROUËT,France,Patriots for Europe Group,-,"against us, defying their group, on ePrivacy scanning derogation: fast-track request",
Matthieu VALET,France,Patriots for Europe Group,-,"against us, defying their group, on ePrivacy scanning derogation: fast-track request",
Mélanie DISDIER,France,Patriots for Europe Group,-,"against us, defying their group, on ePrivacy scanning derogation: fast-track request",
Ondřej KNOTEK,Czechia,Patriots for Europe Group,-,"against us, defying their group, on ePrivacy scanning derogation: fast-track request",
Pierre-Romain THIONNET,France,Patriots for Europe Group,-,"against us, defying their group, on ePrivacy scanning derogation: fast-track request",
Tamás DEUTSCH,Hungary,Patriots for Europe Group,-,"against us, defying their group, on ePrivacy scanning derogation: fast-track request",
Valérie DELOGE,France,Patriots for Europe Group,-,"against us, defying their group, on ePrivacy scanning derogation: fast-track request",
Viktória FERENC,Hungary,Patriots for Europe Group,-,"against us, defying their group, on ePrivacy scanning derogation: fast-track request",
Abir AL-SAHLANI,Sweden,Renew Europe Group,-,,
Ana VASCONCELOS,Portugal,Renew Europe Group,-,,
Andreas GLÜCK,Germany,Renew Europe Group,-,,
Anna-Maja HENRIKSSON,Finland,Renew Europe Group,-,"against us, defying their group, on ePrivacy scanning derogation: fast-track request",
Anouk VAN BRUG,Netherlands,Renew Europe Group,-,"against us, defying their group, on ePrivacy scanning derogation: fast-track request",
Asger CHRISTENSEN,Denmark,Renew Europe Group,-,,
Barry ANDREWS,Ireland,Renew Europe Group,-,"against us, defying their group, on ePrivacy scanning derogation: fast-track request",
Barry COWEN,Ireland,Renew Europe Group,-,,
Bart GROOTHUIS,Netherlands,Renew Europe Group,-,"against us, defying their group, on ePrivacy scanning derogation: fast-track request",
Benoit CASSART,Belgium,Renew Europe Group,-,"against us, defying their group, on ePrivacy scanning derogation: fast-track request",
Billy KELLEHER,Ireland,Renew Europe Group,-,"against us, defying their group, on ePrivacy scanning derogation: fast-track request",
Charles GOERENS,Luxembourg,Renew Europe Group,-,"against us, defying their group, on ePrivacy scanning derogation: fast-track request",
Christine SINGER,Germany,Renew Europe Group,-,,
Christophe GRUDLER,France,Renew Europe Group,-,"against us, defying their group, on ePrivacy scanning derogation: fast-track request",
Ciaran MULLOOLY,Ireland,Renew Europe Group,-,,
Cynthia NÍ MHURCHÚ,Ireland,Renew Europe Group,-,"against us, defying their group, on ePrivacy scanning derogation: fast-track request",
Dainius ŽALIMAS,Lithuania,Renew Europe Group,-,,
Dan BARNA,Romania,Renew Europe Group,-,,
Elisabetta GUALMINI,Italy,Renew Europe Group,-,,
Elsi KATAINEN,Finland,Renew Europe Group,-,"against us, defying their group, on ePrivacy scanning derogation: fast-track request",
Emma WIESNER,Sweden,Renew Europe Group,-,,
Engin EROGLU,Germany,Renew Europe Group,-,,
Eugen TOMAC,Romania,Renew Europe Group,-,"against us, defying their group, on ePrivacy scanning derogation: fast-track request",
Fabienne KELLER,France,Renew Europe Group,-,"against us, defying their group, on ePrivacy scanning derogation: fast-track request",
Gerben-Jan GERBRANDY,Netherlands,Renew Europe Group,-,,
Gilles BOYER,France,Renew Europe Group,-,"against us, defying their group, on ePrivacy scanning derogation: fast-track request",
Grégory ALLIONE,France,Renew Europe Group,-,"against us, defying their group, on ePrivacy scanning derogation: fast-track request",
Helmut BRANDSTÄTTER,Austria,Renew Europe Group,-,,
Hilde VAUTMANS,Belgium,Renew Europe Group,-,,
Hristo PETROV,Bulgaria,Renew Europe Group,-,,
Ilhan KYUCHYUK,Bulgaria,Renew Europe Group,-,,
Irena JOVEVA,Slovenia,Renew Europe Group,-,,
Ivars IJABS,Latvia,Renew Europe Group,-,,
Jan-Christoph OETJEN,Germany,Renew Europe Group,-,,
Jana TOOM,Estonia,Renew Europe Group,-,,
Jeannette BALJEU,Netherlands,Renew Europe Group,-,"against us, defying their group, on ePrivacy scanning derogation: fast-track request",
Joachim STREIT,Germany,Renew Europe Group,-,,
João COTRIM DE FIGUEIREDO,Portugal,Renew Europe Group,-,,
Jérémy DECERLE,France,Renew Europe Group,-,"against us, defying their group, on ePrivacy scanning derogation: fast-track request",
Karin KARLSBRO,Sweden,Renew Europe Group,-,,
Katri KULMUNI,Finland,Renew Europe Group,-,"against us, defying their group, on ePrivacy scanning derogation: fast-track request",
Laurence FARRENG,France,Renew Europe Group,-,"against us, defying their group, on ePrivacy scanning derogation: fast-track request",
Lucia YAR,Slovakia,Renew Europe Group,-,,
Lukas SIEPER,Germany,Renew Europe Group,-,,
Malik AZMANI,Netherlands,Renew Europe Group,-,"against us, defying their group, on ePrivacy scanning derogation: fast-track request",
Marie-Agnes STRACK-ZIMMERMANN,Germany,Renew Europe Group,-,,
Marjan ŠAREC,Slovenia,Renew Europe Group,-,,
Martin HOJSÍK,Slovakia,Renew Europe Group,-,,
Michael MCNAMARA,Ireland,Renew Europe Group,-,,
Michal WIEZIK,Slovakia,Renew Europe Group,-,,
Michał KOBOSKO,Poland,Renew Europe Group,-,,
Moritz KÖRNER,Germany,Renew Europe Group,-,,
Morten LØKKEGAARD,Denmark,Renew Europe Group,-,,
Nathalie LOISEAU,France,Renew Europe Group,-,"against us, defying their group, on ePrivacy scanning derogation: fast-track request",
Nikola MINCHEV,Bulgaria,Renew Europe Group,-,,
Oihane AGIRREGOITIA MARTÍNEZ,Spain,Renew Europe Group,-,,
Pascal CANFIN,France,Renew Europe Group,-,"against us, defying their group, on ePrivacy scanning derogation: fast-track request",
Petras AUŠTREVIČIUS,Lithuania,Renew Europe Group,-,,
Raquel GARCÍA HERMIDA-VAN DER WALLE,Netherlands,Renew Europe Group,-,,
Sandro GOZI,Italy,Renew Europe Group,-,"against us, defying their group, on ePrivacy scanning derogation: fast-track request",
Sigrid FRIIS,Denmark,Renew Europe Group,-,,
Stine BOSSE,Denmark,Renew Europe Group,-,,
Svenja HAHN,Germany,Renew Europe Group,-,,
Urmas PAET,Estonia,Renew Europe Group,-,,
Valérie DEVAUX,France,Renew Europe Group,-,"against us, defying their group, on ePrivacy scanning derogation: fast-track request",
Valérie HAYER,France,Renew Europe Group,-,,
Vlad VASILE-VOICULESCU,Romania,Renew Europe Group,-,,
Yvan VEROUGSTRAETE,Belgium,Renew Europe Group,-,"against us, defying their group, on ePrivacy scanning derogation: fast-track request",
Ľubica KARVAŠOVÁ,Slovakia,Renew Europe Group,-,,
Ľudovít ÓDOR,Slovakia,Renew Europe Group,-,,
Elena KOUNTOURA,Greece,The Left group in the European Parliament - GUE/NGL,-,,
Hanna GEDIN,Sweden,The Left group in the European Parliament - GUE/NGL,-,"against us, defying their group, on European Democracy Shield: special committee report",
Jonas SJÖSTEDT,Sweden,The Left group in the European Parliament - GUE/NGL,-,"against us, defying their group, on European Democracy Shield: special committee report",
Jussi SARAMO,Finland,The Left group in the European Parliament - GUE/NGL,-,"against us, defying their group, on European Democracy Shield: special committee report",
Merja KYLLÖNEN,Finland,The Left group in the European Parliament - GUE/NGL,-,"against us, defying their group, on European Democracy Shield: special committee report",
Nikos PAPPAS,Greece,The Left group in the European Parliament - GUE/NGL,-,,
Pál SZEKERES,Hungary,,-,,
Adam JARUBAS,Poland,Group of the European People's Party (Christian Democrats),--,,
Ana Miguel PEDRO,Portugal,Group of the European People's Party (Christian Democrats),--,,
Andrey NOVAKOV,Bulgaria,Group of the European People's Party (Christian Democrats),--,,
Andrzej BUŁA,Poland,Group of the European People's Party (Christian Democrats),--,,
Aura SALLA,Finland,Group of the European People's Party (Christian Democrats),--,,
Axel VOSS,Germany,Group of the European People's Party (Christian Democrats),--,,
Borja GIMÉNEZ LARRAZ,Spain,Group of the European People's Party (Christian Democrats),--,,
Elena NEVADO DEL CAMPO,Spain,Group of the European People's Party (Christian Democrats),--,,
Emil RADEV,Bulgaria,Group of the European People's Party (Christian Democrats),--,,
Esther HERRANZ GARCÍA,Spain,Group of the European People's Party (Christian Democrats),--,,
Eva MAYDELL,Bulgaria,Group of the European People's Party (Christian Democrats),--,,
Hildegard BENTELE,Germany,Group of the European People's Party (Christian Democrats),--,,
Loucas FOURLAS,Cyprus,Group of the European People's Party (Christian Democrats),--,,
Marco FALCONE,Italy,Group of the European People's Party (Christian Democrats),--,,
Nikolina BRNJAC,Croatia,Group of the European People's Party (Christian Democrats),--,,
Paulo CUNHA,Portugal,Group of the European People's Party (Christian Democrats),--,,
Peter LIESE,Germany,Group of the European People's Party (Christian Democrats),--,,
Pilar DEL CASTILLO VERA,Spain,Group of the European People's Party (Christian Democrats),--,,
Radan KANEV,Bulgaria,Group of the European People's Party (Christian Democrats),--,,
Ralf SEEKATZ,Germany,Group of the European People's Party (Christian Democrats),--,,
Romana TOMC,Slovenia,Group of the European People's Party (Christian Democrats),--,,
Rosa ESTARÀS FERRAGUT,Spain,Group of the European People's Party (Christian Democrats),--,,
Sunčana GLAVAK,Croatia,Group of the European People's Party (Christian Democrats),--,,
Vangelis MEIMARAKIS,Greece,Group of the European People's Party (Christian Democrats),--,,
Verena MERTENS,Germany,Group of the European People's Party (Christian Democrats),--,,
Kim VAN SPARRENTAK,Netherlands,Group of the Greens/European Free Alliance,--,,
Leoluca ORLANDO,Italy,Group of the Greens/European Free Alliance,--,,
Majdouline SBAI,France,Group of the Greens/European Free Alliance,--,,
Brando BENIFEI,Italy,Group of the Progressive Alliance of Socialists and Democrats in the European Parliament,--,,
Camilla LAURETI,Italy,Group of the Progressive Alliance of Socialists and Democrats in the European Parliament,--,,
Chloé RIDEL,France,Group of the Progressive Alliance of Socialists and Democrats in the European Parliament,--,,
Claire FITA,France,Group of the Progressive Alliance of Socialists and Democrats in the European Parliament,--,,
Claudiu MANDA,Romania,Group of the Progressive Alliance of Socialists and Democrats in the European Parliament,--,,
Costas MAVRIDES,Cyprus,Group of the Progressive Alliance of Socialists and Democrats in the European Parliament,--,,
Csaba MOLNÁR,Hungary,Group of the Progressive Alliance of Socialists and Democrats in the European Parliament,--,,
Dan NICA,Romania,Group of the Progressive Alliance of Socialists and Democrats in the European Parliament,--,,
Dragoş BENEA,Romania,Group of the Progressive Alliance of Socialists and Democrats in the European Parliament,--,,
Elio DI RUPO,Belgium,Group of the Progressive Alliance of Socialists and Democrats in the European Parliament,--,,
Eric SARGIACOMO,France,Group of the Progressive Alliance of Socialists and Democrats in the European Parliament,--,,
Francisco ASSIS,Portugal,Group of the Progressive Alliance of Socialists and Democrats in the European Parliament,--,,
Gheorghe CÂRCIU,Romania,Group of the Progressive Alliance of Socialists and Democrats in the European Parliament,--,,
Giuseppe LUPO,Italy,Group of the Progressive Alliance of Socialists and Democrats in the European Parliament,--,,
Jean-Marc GERMAIN,France,Group of the Progressive Alliance of Socialists and Democrats in the European Parliament,--,,
José CEPEDA,Spain,Group of the Progressive Alliance of Socialists and Democrats in the European Parliament,--,,
Katarina BARLEY,Germany,Group of the Progressive Alliance of Socialists and Democrats in the European Parliament,--,,
Matteo RICCI,Italy,Group of the Progressive Alliance of Socialists and Democrats in the European Parliament,--,,
Mihai TUDOSE,Romania,Group of the Progressive Alliance of Socialists and Democrats in the European Parliament,--,,
Nicola ZINGARETTI,Italy,Group of the Progressive Alliance of Socialists and Democrats in the European Parliament,--,,
Nikolas FARANTOURIS,Greece,Group of the Progressive Alliance of Socialists and Democrats in the European Parliament,--,,
Sandro RUOTOLO,Italy,Group of the Progressive Alliance of Socialists and Democrats in the European Parliament,--,,
Yannis MANIATIS,Greece,Group of the Progressive Alliance of Socialists and Democrats in the European Parliament,--,,
Anna STÜRGKH,Austria,Renew Europe Group,--,,
Bernard GUETTA,France,Renew Europe Group,--,"against us, defying their group, on ePrivacy scanning derogation: fast-track request",
Brigitte VAN DEN BERG,Netherlands,Renew Europe Group,--,,
Olivier CHASTEL,Belgium,Renew Europe Group,--,"against us, defying their group, on ePrivacy scanning derogation: fast-track request",
Pina PICIERNO,Italy,Renew Europe Group,--,"against us, defying their group, on ePrivacy scanning derogation: fast-track request",
Sophie WILMÈS,Belgium,Renew Europe Group,--,"against us, defying their group, on ePrivacy scanning derogation: fast-track request",
Stéphanie YON-COURTIN,France,Renew Europe Group,--,,
Veronika CIFROVÁ OSTRIHOŇOVÁ,Slovakia,Renew Europe Group,--,,
Li ANDERSSON,Finland,The Left group in the European Parliament - GUE/NGL,--,"against us, defying their group, on European Democracy Shield: special committee report",
