Campaign Name,Campaigner,Date of Submission,Urgency,List,Sub-List,Notes,Approval Date
"[CAMPAIGNER: campaign name, English, max 60 characters, CitizenGO framing]",cjoyce@citizengo.net,(set by Zapier when the form is submitted),Non-Urgent,ES MX,,"Drafted with brief builder, see Builder tab · NOT READY: awaiting sign-off",
GENERAL INFORMATION
Type of Campaign,Opportunity: the default; nothing on the record points to Obligatory or Survival.
Topic,Life
Main Purposes,[CAMPAIGNER: no decision date in the record: confirm the purpose]
Background / Context,"What: Que adiciona un artículo 67 Bis a la Ley General de Salud, en materia de maternidad subrogada. Who: [CAMPAIGNER: who brought it]. The decision lies with the Cámara de Diputados. Where it stands: Turnada a la Comisión de Salud. (last recorded event: 2026-09-29). What's next: [CAMPAIGNER: the next key date (the record publishes none yet)] Why it matters: [CAMPAIGNER: why it matters: what changes in law or practice]

Path to victory: the vote count awaits the sign-off of CitizenGO's readings; nobody is placed yet.

- What: Que adiciona un artículo 67 Bis a la Ley General de Salud, en materia de maternidad subrogada. (66/7722)
- Who: [CAMPAIGNER: who brought it]; Cámara de Diputados
- Stage: Turnada a la Comisión de Salud. (2026-09-29)
- Next date: none published
- 5CA summary: the vote count awaits the sign-off of CitizenGO's readings; nobody is placed yet. seats in the Cámara de Diputados: MORENA 254, PAN 69, ? 63, PVEM 61, PT 49, PRI 37, MC 29, IND 1.
- Our history: [CAMPAIGNER: earlier CitizenGO campaigns on this issue, with signatures and links]"
Estimated Launch date,"2026-10-14 (the earliest: submission plus three working days; weekends counted, public holidays not checked)"
Estimated date for Delivering Signatures,"2026-11-04 (estimate: launch plus 21 days; the record publishes no key date)
Method:
1. emails to the diputados during the campaign, one per signature
2. on the delivery date, each member receives the number of signatures from their own constituency
3. a photographed handover at the Cámara de Diputados and a PDF of the total for every member"
Ideas for eventual Offline Actions,"1. **Handover.** A photographed delivery of the signatures at the Cámara de Diputados on 2026-11-04. Cost: €. Owner: Media Campaigner.
2. **Constituency letters.** Supporters write to their own diputados in the week before 2026-11-04. Cost: €. Owner: Media Campaigner.
3. **Press conference.** With allied experts on the day of the handover, in front of the Cámara de Diputados. Cost: €€. Owner: Media Campaigner.
4. **Geo-targeted ads.** In the constituencies of the undecided members, in the last two weeks before 2026-11-04. Cost: €€. Owner: Media Campaigner.
5. **Vigil.** Near the Cámara de Diputados on the eve of 2026-11-04, where it fits the list. Cost: €. Owner: Media Campaigner."
Petitions related TIM project (Targeting Inactive Members),"[CAMPAIGNER: up to 10 related petitions from Bluebook (12 to 24 months ago, same list)]"
PROMPTS FOR AI - PLAN PHASE
What is the language for this petition?,"Spanish (Latin American, Mexico). diputados, la Cámara de Diputados, el Pleno, el dictamen, en lo general y en lo particular, la iniciativa"
Who will sign the emails for this petition?,Christopher Joyce
Who is the petition addressed to?,"All members of the Cámara de Diputados (diputados).
[CAMPAIGNER: if this is a government bill: the responsible minister, named and checked against an official source]"
What are we asking for in the petition?,"[CAMPAIGNER: the ask, once CitizenGO's position on this bill is confirmed]"
Why would they listen to us?,"[CAMPAIGNER: the lead sentence: if we <action>, <target> will <behaviour>, because <pressure point>]
1. **Vote arithmetic:** seats in the Cámara de Diputados: MORENA 254, PAN 69, ? 63, PVEM 61, PT 49, PRI 37, MC 29, IND 1.
2. **Whip:** [CAMPAIGNER: free vote or whipped, and by whom]
3. **Our members in their seats:** [CAMPAIGNER: our members in each constituency, from the postcode data]"
What is happening that we are responding to?,"2026-09-29: Que adiciona un artículo 67 Bis a la Ley General de Salud, en materia de maternidad subrogada., stage 'Turnada a la Comisión de Salud.'.
[CAMPAIGNER: the storytelling line, once CitizenGO's position on this bill is confirmed]"
What is the key point of injustice that is at stake here?,"[CAMPAIGNER: 5 to 10 injustices, each sourced: who is harmed, who is doing it, what they lose]"
PROMPTS FOR AI - PREPARE PHASE
What are some arguments supporting our point of view?,"[CAMPAIGNER: 5 to 10 sourced arguments, then the opponents' top three claims with our answers]"
Why is it urgent that we take action now?,"[CAMPAIGNER: why act now: the record publishes no date, and no deadline may be invented]"
Describe a bad outcome if we do not win this campaign:,"[CAMPAIGNER: the bad outcome: 60 to 120 words of concrete scenes, then two one-line alternates]"
Describe a good outcome if we do win this campaign:,"[CAMPAIGNER: the good outcome: 60 to 120 words, then two one-line alternates]"
"If we are going to raise funds, what will we spend the money on?",N/A: AA emails carry the generic monthly-donation footer only.
Which sources do you want to include? Please provide the titles plus URLs:,"- Que adiciona un artículo 67 Bis a la Ley General de Salud, en materia de maternidad subrogada. [Cámara de Diputados]: https://gaceta.diputados.gob.mx/Gaceta/66/2026/sep/20260929-II-3.html#Iniciativa6
- [CAMPAIGNER: a news report, in the list's language]
- [CAMPAIGNER: the study or report behind the strongest argument]"
What should the image for this campaign look like?,"Text-free 16:9 editorial photograph: the empty chamber of the Cámara de Diputados in soft morning light, papers on a desk in the foreground. Mood: a decision is coming. Avoid: identifiable real people, party colours or logos, anything graphic.
Alternative 1: a close-up of a voting button panel, shallow depth of field.
Alternative 2: the building's facade at dusk, lights on in the windows.
Overlay: [CAMPAIGNER: overlay text for Canva, at most six words]"
RED FOX FOUR
PLAN STAGE,,,,EVALUATE STAGE,,
#,Question,"Scoring 
(-10 to +10)",Comments,"Scoring
(-10 to +10)",Delta,Comments
RF#1,"Win or lose, just by fighting this fight, will it bring people or money to our cause?",,"[CAMPAIGNER: 3 to 5 comparable campaigns from Bluebook, people and money against the list median]",,,
RF#2,"Win or lose, just by fighting this fight, will it help our friends or allies?",,[CAMPAIGNER: 3 to 5 allies and how this campaign helps them],,,
RF#3,"Win or lose, just by fighting this fight, will it hurt our enemies and their allies?",,"[CAMPAIGNER: 3 to 5 named opponents and how this campaign costs them, sourced]",,,
RF#4/1,What's the gain for freedom and our values if we win?,,See the good outcome. [CAMPAIGNER: one sourced line on what the win is worth beyond this campaign],,,
RF#4/2,What's the cost to freedom and our values if we lose?,,See the bad outcome. No backlash risk identified: expect 0.,,,
TOTAL IF WE WIN,,0,,0,0,
TOTAL IF WE LOSE,,0,,0,0,
FIVE COLUMNS ANALYSIS,No recorded vote on this bill yet. the vote count awaits the sign-off of CitizenGO's readings; nobody is placed yet.
EVALUATE DASHBOARD
Emails Bluebook link related to this campaign,
Number of total emails sent for this campaign,
Total Signatures,
New List Members,
Reactivated Members,
Acquired %,
Total € raised,
Total € spent,
Cost of the offline actions,
Asana link related to this campaign,
Asana link to the Evaluate task,
Google Doc link to the wording copy package,
Political impact evaluation,
Did you win the political fight?,
Did the media talk about the campaign?,
Did any politician talk about the campaign?,
Did you deliver the signatures?,
How did you deliver the signatures?,
Was it a good decision to run this campaign?,
"Which good practices, if any, can we drawn from this campaign and repeat in future campaigns?",
"Which improvement areas can you identify in this campaign, so that we can do better in future campaigns?",
Which specific conclusions can you draw analyzing data of this campaign?,
Top 3 Sources of New Members (by channel & % of total),
Social Media Strategy in One Line,
Top 5 signature sources (% each) and Top 5 new list member sources (% each),
"Paid vs. Organic: spend, signups, cost per paid signup, and most efficient channel",
Best-performing post: link + why it worked + one transferable learning,
Political impact: how social media was used to increase pressure or influence decision-makers?,
Other comments,
Moving forward,
BUILDER TAB
"Tier: B (open parliamentary data, the MX store). Drafted by tools/country_briefs.py (rules and the record; no AI model)."
"Subject: WATCHED `66/7722`, https://gaceta.diputados.gob.mx/Gaceta/66/2026/sep/20260929-II-3.html#Iniciativa6, areas 1 (abortion), 10 (surrogacy and embryology)."
"Watchlist note: Maternidad subrogada: new article 67 Bis of the Ley General de Salud (PVEM, Carrillo Soberanis)."
Store takeaway: Iniciativa from a deputy or group (PVEM). Now: sent to committee
Key dates: introduced 2026-09-29; last recorded event 2026-09-29; next none in the store (no Urgent proposed: news-only dates never trigger it).
Launch window: earliest 2026-10-14; delivery 2026-11-04 (estimate). Working days skip weekends only; the country's public holidays are not checked.
"SIGN-OFF: bill direction `66/7722` = against is a DRAFT (Maternidad subrogada: new article 67 Bis of the Ley General de Salud (PVEM, Carrillo Soberanis).). Confirm with `python3 tools/country_5ca.py --cc mx --confirm-direction 66/7722 --by NAME`; the ask, the storytelling line and the campaign name wait for it."
No watched or tier-1 vote on this bill in the store yet.
"Language: campaigner text in English (rulebook rule 6); the petition itself is in Spanish (Latin American, Mexico)."
"Not available to the builder: Bluebook (comparables, TIM, RF#1), the Asana campaigns calendar (launch clash check), postcode member counts, the framing glossary (0 entries), the allies and opponents registers (0 / 0), the hostile-outlet deny-list."
Campaigner checklist (cells holding [CAMPAIGNER: ...]): Background / Context; Campaign Name; Main Purposes; Petitions related TIM project; Who is the petition addressed to?; What are we asking for in the petition?; What is happening that we are responding to?; Why would they listen to us?; What is the key point of injustice; Why is it urgent that we take action now?; Which sources do you want to include?; What should the image look like?; What are some arguments; Describe a bad outcome; Describe a good outcome; RF#1 comment; RF#2 comment; RF#3 comment; RF#4/1 comment.
Changelog: 2026-10-10 tools/country_briefs.py drafted every cell
