Decision-Maker,Planned placement,Vote,Alignment,Comments
"Abtisam Mohamed (Labour, Sheffield Central)",++,N,with us,
"Adam Dance (Liberal Democrat, Yeovil)",--,Y,against us,
"Adam Jogee (Labour, Newcastle-under-Lyme)",++,N,with us,
"Adam Thompson (Labour, Erewash)",--,Y,against us,
"Adrian Ramsay (Green Party, Waveney Valley)",--,Y,against us,
"Afzal Khan (Labour, Manchester Rusholme)",++,N,with us,
"Al Carns (Labour, Birmingham Selly Oak)",--,Y,against us,
"Alan Gemmell (Labour, Central Ayrshire)",--,Y,against us,
"Alan Mak (Conservative, Havant)",++,N,with us,
"Alan Strickland (Labour, Newton Aycliffe and Spennymoor)",++,N,with us,
"Alberto Costa (Conservative, South Leicestershire)",++,N,with us,
"Alex Baker (Labour, Aldershot)",++,N,with us,
"Alex Ballinger (Labour, Halesowen)",--,Y,against us,
"Alex Brewer (Liberal Democrat, North East Hampshire)",--,Y,against us,
"Alex Burghart (Conservative, Brentwood and Ongar)",++,N,with us,
"Alex Davies-Jones (Labour, Pontypridd)",--,Y,against us,
"Alex Easton (Independent, North Down)",++,N,with us,
"Alex Mayer (Labour, Dunstable and Leighton Buzzard)",--,Y,against us,
"Alex McIntyre (Labour, Gloucester)",++,N,with us,
"Alex Norris (Labour (Co-op), Nottingham North and Kimberley)",--,Y,against us,
"Alex Sobel (Labour (Co-op), Leeds Central and Headingley)",0,0,no vote recorded,
"Alice Macdonald (Labour (Co-op), Norwich North)",--,Y,against us,
"Alicia Kearns (Conservative, Rutland and Stamford)",--,Y,against us,
"Alison Bennett (Liberal Democrat, Mid Sussex)",--,Y,against us,
"Alison Griffiths (Conservative, Bognor Regis and Littlehampton)",++,N,with us,
"Alison Hume (Labour, Scarborough and Whitby)",--,Y,against us,
"Alison McGovern (Labour, Birkenhead)",--,Y,against us,
"Alison Taylor (Labour, Paisley and Renfrewshire North)",++,N,with us,
"Alistair Strathern (Labour, Hitchin)",--,Y,against us,
"Amanda Hack (Labour, North West Leicestershire)",++,N,with us,
"Amanda Martin (Labour, Portsmouth North)",--,Y,against us,
"Andrew Bowie (Conservative, West Aberdeenshire and Kincardine)",++,N,with us,
"Andrew Cooper (Labour, Mid Cheshire)",--,Y,against us,
"Andrew George (Liberal Democrat, St Ives)",--,Y,against us,
"Andrew Griffith (Conservative, Arundel and South Downs)",++,N,with us,
"Andrew Lewin (Labour, Welwyn Hatfield)",--,Y,against us,
"Andrew Pakes (Labour (Co-op), Peterborough)",++,N,with us,
"Andrew Ranger (Labour, Wrexham)",--,Y,against us,
"Andrew Rosindell (Reform UK, Romford)",++,N,with us,
"Andrew Western (Labour, Stretford and Urmston)",--,Y,against us,
"Andy Burnham (Labour (Co-op), Makerfield)",0,0,no vote recorded,
"Andy MacNae (Labour, Rossendale and Darwen)",--,Y,against us,
"Andy McDonald (Labour, Middlesbrough and Thornaby East)",++,N,with us,
"Andy Slaughter (Labour, Hammersmith and Chiswick)",--,Y,against us,
"Angela Rayner (Labour, Ashton-under-Lyne)",++,N,with us,
"Ann Davies (Plaid Cymru, Caerfyrddin)",++,N,with us,
"Anna Dixon (Labour, Shipley)",++,N,with us,
"Anna Gelderd (Labour, South East Cornwall)",--,Y,against us,
"Anna McMorrin (Labour, Cardiff North)",--,Y,against us,
"Anna Sabine (Liberal Democrat, Frome and East Somerset)",--,Y,against us,
"Anna Turley (Labour (Co-op), Redcar)",--,Y,against us,
"Anneliese Dodds (Labour (Co-op), Oxford East)",++,N,with us,
"Anneliese Midgley (Labour, Knowsley)",++,N,with us,
"Antonia Bance (Labour, Tipton and Wednesbury)",++,N,with us,
"Aphra Brandreth (Conservative, Chester South and Eddisbury)",--,Y,against us,
"Apsana Begum (Labour, Poplar and Limehouse)",++,N,with us,
"Ashley Dalton (Labour, West Lancashire)",++,N,with us,
"Ayoub Khan (Independent, Birmingham Perry Barr)",++,N,with us,
"Baggy Shanker (Labour (Co-op), Derby South)",--,0,no vote recorded,
"Bambos Charalambous (Labour, Southgate and Wood Green)",+,0,no vote recorded,
"Barry Gardiner (Labour, Brent West)",++,N,with us,
"Becky Gittins (Labour, Clwyd East)",--,Y,against us,
"Bell Ribeiro-Addy (Labour, Clapham and Brixton Hill)",++,N,with us,
"Ben Coleman (Labour, Chelsea and Fulham)",++,N,with us,
"Ben Goldsborough (Labour, South Norfolk)",++,N,with us,
"Ben Lake (Plaid Cymru, Ceredigion Preseli)",--,Y,against us,
"Ben Maguire (Liberal Democrat, North Cornwall)",--,Y,against us,
"Ben Obese-Jecty (Conservative, Huntingdon)",++,N,with us,
"Bill Esterson (Labour, Sefton Central)",--,0,no vote recorded,
"Blair McDougall (Labour, East Renfrewshire)",++,N,with us,
"Blake Stephenson (Conservative, Mid Bedfordshire)",++,N,with us,
"Bob Blackman (Conservative, Harrow East)",++,N,with us,
"Bobby Dean (Liberal Democrat, Carshalton and Wallington)",--,Y,against us,
"Bradley Thomas (Conservative, Bromsgrove)",++,N,with us,
"Brendan O'Hara (Scottish National Party, Argyll, Bute and South Lochaber)",0,0,no vote recorded,
"Brian Leishman (Labour, Alloa and Grangemouth)",++,N,with us,
"Brian Mathew (Liberal Democrat, Melksham and Devizes)",++,N,with us,
"Bridget Phillipson (Labour, Houghton and Sunderland South)",++,N,with us,
"Callum Anderson (Labour, Buckingham and Bletchley)",--,Y,against us,
"Calum Miller (Liberal Democrat, Bicester and Woodstock)",++,N,with us,
"Cameron Thomas (Independent, Tewkesbury)",--,Y,against us,
"Carla Denyer (Green Party, Bristol Central)",--,Y,against us,
"Carla Lockhart (Democratic Unionist Party, Upper Bann)",++,N,with us,
"Caroline Nokes (Conservative, Romsey and Southampton North)",0,0,no vote recorded,
"Caroline Voaden (Liberal Democrat, South Devon)",--,Y,against us,
"Carolyn Harris (Labour, Neath and Swansea East)",0,0,no vote recorded,
"Cat Eccles (Labour, Stourbridge)",--,Y,against us,
"Cat Smith (Labour, Lancaster and Wyre)",--,Y,against us,
"Catherine Atkinson (Labour, Derby North)",++,N,with us,
"Catherine Fookes (Labour, Monmouthshire)",--,Y,against us,
"Catherine McKinnell (Labour, Newcastle upon Tyne North)",++,N,with us,
"Catherine West (Labour, Hornsey and Friern Barnet)",--,0,no vote recorded,
"Charlie Dewhirst (Conservative, Bridlington and The Wolds)",++,N,with us,
"Charlie Maynard (Liberal Democrat, Witney)",--,Y,against us,
"Charlotte Cane (Liberal Democrat, Ely and East Cambridgeshire)",--,Y,against us,
"Charlotte Nichols (Labour, Warrington North)",--,Y,against us,
"Chris Bloore (Labour, Redditch)",--,Y,against us,
"Chris Bryant (Labour, Rhondda and Ogmore)",--,Y,against us,
"Chris Coghlan (Liberal Democrat, Dorking and Horley)",--,Y,against us,
"Chris Curtis (Labour, Milton Keynes North)",--,Y,against us,
"Chris Elmore (Labour, Bridgend)",--,Y,against us,
"Chris Evans (Labour (Co-op), Caerphilly)",++,N,with us,
"Chris Hazzard (Sinn Féin, South Down)",0,0,no vote recorded,
"Chris Hinchliff (Labour, North East Hertfordshire)",++,N,with us,
"Chris Kane (Labour, Stirling and Strathallan)",--,Y,against us,
"Chris Law (Scottish National Party, Dundee Central)",0,0,no vote recorded,
"Chris McDonald (Labour, Stockton North)",++,N,with us,
"Chris Murray (Labour, Edinburgh East and Musselburgh)",--,Y,against us,
"Chris Philp (Conservative, Croydon South)",--,Y,against us,
"Chris Vince (Labour (Co-op), Harlow)",--,Y,against us,
"Chris Ward (Labour, Brighton Kemptown and Peacehaven)",--,Y,against us,
"Chris Webb (Labour, Blackpool South)",--,Y,against us,
"Christian Wakeford (Labour, Bury South)",--,Y,against us,
"Christine Jardine (Liberal Democrat, Edinburgh West)",--,Y,against us,
"Claire Coutinho (Conservative, East Surrey)",++,N,with us,
"Claire Hanna (Social Democratic & Labour Party, Belfast South and Mid Down)",0,0,no vote recorded,
"Claire Hazelgrove (Labour, Filton and Bradley Stoke)",--,Y,against us,
"Claire Hughes (Labour, Bangor Aberconwy)",--,Y,against us,
"Claire Young (Liberal Democrat, Thornbury and Yate)",--,Y,against us,
"Clive Efford (Labour, Eltham and Chislehurst)",--,0,no vote recorded,
"Clive Jones (Liberal Democrat, Wokingham)",--,Y,against us,
"Clive Lewis (Labour, Norwich South)",--,Y,against us,
"Colum Eastwood (Social Democratic & Labour Party, Foyle)",--,Y,against us,
"Connor Naismith (Labour, Crewe and Nantwich)",--,Y,against us,
"Daisy Cooper (Liberal Democrat, St Albans)",--,Y,against us,
"Dame Angela Eagle (Labour, Wallasey)",--,Y,against us,
"Dame Caroline Dinenage (Conservative, Gosport)",--,0,no vote recorded,
"Dame Chi Onwurah (Labour, Newcastle upon Tyne Central and West)",++,N,with us,
"Dame Diana Johnson (Labour, Kingston upon Hull North and Cottingham)",--,Y,against us,
"Dame Harriett Baldwin (Conservative, West Worcestershire)",++,N,with us,
"Dame Karen Bradley (Conservative, Staffordshire Moorlands)",++,0,no vote recorded,
"Dame Meg Hillier (Labour (Co-op), Hackney South and Shoreditch)",++,N,with us,
"Dame Nia Griffith (Labour, Llanelli)",++,N,with us,
"Dame Siobhain McDonagh (Labour, Mitcham and Morden)",++,N,with us,
"Damian Hinds (Conservative, East Hampshire)",++,N,with us,
"Damien Egan (Labour, Bristol North East)",--,Y,against us,
"Dan Aldridge (Labour, Weston-super-Mare)",--,Y,against us,
"Dan Carden (Labour, Liverpool Walton)",++,N,with us,
"Dan Jarvis (Labour, Barnsley North)",--,Y,against us,
"Dan Norris (Independent, North East Somerset and Hanham)",--,Y,against us,
"Dan Tomlinson (Labour, Chipping Barnet)",++,N,with us,
"Daniel Francis (Labour, Bexleyheath and Crayford)",++,N,with us,
"Daniel Zeichner (Labour, Cambridge)",--,Y,against us,
"Danny Beales (Labour, Uxbridge and South Ruislip)",--,Y,against us,
"Danny Kruger (Reform UK, East Wiltshire)",++,N,with us,
"Darren Jones (Labour, Bristol North West)",++,N,with us,
"Darren Paffey (Labour, Southampton Itchen)",++,N,with us,
"Dave Doogan (Scottish National Party, Angus and Perthshire Glens)",0,0,no vote recorded,
"Dave Robertson (Labour, Lichfield)",--,Y,against us,
"David Baines (Labour, St Helens North)",++,N,with us,
"David Burton-Sampson (Labour, Southend West and Leigh)",--,Y,against us,
"David Chadwick (Liberal Democrat, Brecon, Radnor and Cwm Tawe)",--,Y,against us,
"David Davis (Conservative, Goole and Pocklington)",--,Y,against us,
"David Mundell (Conservative, Dumfriesshire, Clydesdale and Tweeddale)",++,N,with us,
"David Pinto-Duschinsky (Labour, Hendon)",++,N,with us,
"David Reed (Conservative, Exmouth and Exeter East)",++,N,with us,
"David Simmonds (Conservative, Ruislip, Northwood and Pinner)",++,N,with us,
"David Smith (Labour, North Northumberland)",++,N,with us,
"David Taylor (Labour, Hemel Hempstead)",--,Y,against us,
"David Williams (Labour, Stoke-on-Trent North)",++,N,with us,
"Dawn Butler (Labour, Brent East)",++,N,with us,
"Debbie Abrahams (Labour, Oldham East and Saddleworth)",++,N,with us,
"Deirdre Costigan (Labour, Ealing Southall)",--,Y,against us,
"Derek Twigg (Labour, Widnes and Halewood)",++,N,with us,
"Douglas Lumsden (Conservative, Aberdeen South)",0,0,no vote recorded,
"Douglas McAllister (Labour, West Dunbartonshire)",++,N,with us,
"Dr Al Pinkerton (Liberal Democrat, Surrey Heath)",++,N,with us,
"Dr Allison Gardner (Labour, Stoke-on-Trent South)",++,N,with us,
"Dr Andrew Murrison (Conservative, South West Wiltshire)",++,N,with us,
"Dr Beccy Cooper (Labour, Worthing West)",--,Y,against us,
"Dr Ben Spencer (Conservative, Runnymede and Weybridge)",++,N,with us,
"Dr Caroline Johnson (Conservative, Sleaford and North Hykeham)",++,N,with us,
"Dr Danny Chambers (Liberal Democrat, Winchester)",--,Y,against us,
"Dr Ellie Chowns (Green Party, North Herefordshire)",--,Y,against us,
"Dr Jeevun Sandher (Labour, Loughborough)",--,Y,against us,
"Dr Kieran Mullan (Conservative, Bexhill and Battle)",++,N,with us,
"Dr Lauren Sullivan (Labour, Gravesham)",++,N,with us,
"Dr Luke Evans (Conservative, Hinckley and Bosworth)",--,Y,against us,
"Dr Marie Tidball (Labour, Penistone and Stocksbridge)",--,Y,against us,
"Dr Neil Hudson (Conservative, Epping Forest)",++,N,with us,
"Dr Neil Shastri-Hurst (Conservative, Solihull West and Shirley)",--,Y,against us,
"Dr Peter Prinsley (Labour, Bury St Edmunds and Stowmarket)",--,Y,against us,
"Dr Rosena Allin-Khan (Labour, Tooting)",++,N,with us,
"Dr Roz Savage (Liberal Democrat, South Cotswolds)",--,Y,against us,
"Dr Rupa Huq (Labour, Ealing Central and Acton)",++,N,with us,
"Dr Scott Arthur (Labour, Edinburgh South West)",++,N,with us,
"Dr Simon Opher (Labour, Stroud)",--,Y,against us,
"Dr Zubir Ahmed (Labour, Glasgow South West)",++,N,with us,
"Dáire Hughes (Sinn Féin, Newry and Armagh)",0,0,no vote recorded,
"Ed Davey (Liberal Democrat, Kingston and Surbiton)",++,0,no vote recorded,
"Ed Miliband (Labour, Doncaster North)",--,Y,against us,
"Edward Argar (Conservative, Melton and Syston)",++,N,with us,
"Edward Morello (Liberal Democrat, West Dorset)",--,Y,against us,
"Elaine Stewart (Labour, Ayr, Carrick and Cumnock)",--,Y,against us,
"Ellie Reeves (Labour, Lewisham West and East Dulwich)",--,Y,against us,
"Emily Darlington (Labour, Milton Keynes Central)",--,Y,against us,
"Emily Thornberry (Labour, Islington South and Finsbury)",--,Y,against us,
"Emma Foody (Labour (Co-op), Cramlington and Killingworth)",--,Y,against us,
"Emma Hardy (Labour, Kingston upon Hull West and Haltemprice)",++,N,with us,
"Emma Lewell (Labour, South Shields)",++,N,with us,
"Emma Reynolds (Labour, Wycombe)",--,Y,against us,
"Esther McVey (Conservative, Tatton)",++,0,no vote recorded,
"Euan Stainbank (Labour, Falkirk)",--,Y,against us,
"Fabian Hamilton (Labour, Leeds North East)",--,0,no vote recorded,
"Feryal Clark (Labour, Enfield North)",++,N,with us,
"Fleur Anderson (Labour, Putney)",++,N,with us,
"Florence Eshalomi (Labour (Co-op), Vauxhall and Camberwell Green)",++,N,with us,
"Frank McNally (Labour, Coatbridge and Bellshill)",++,N,with us,
"Fred Thomas (Labour, Plymouth Moor View)",--,Y,against us,
"Freddie van Mierlo (Liberal Democrat, Henley and Thame)",--,Y,against us,
"Gareth Bacon (Conservative, Orpington)",++,N,with us,
"Gareth Davies (Conservative, Grantham and Bourne)",++,N,with us,
"Gareth Snell (Labour (Co-op), Stoke-on-Trent Central)",--,Y,against us,
"Gareth Thomas (Labour (Co-op), Harrow West)",--,Y,against us,
"Gavin Robinson (Democratic Unionist Party, Belfast East)",++,N,with us,
"Gen Kitchen (Labour, Wellingborough and Rushden)",--,Y,against us,
"George Freeman (Conservative, Mid Norfolk)",--,0,no vote recorded,
"Georgia Gould (Labour, Queen's Park and Maida Vale)",--,Y,against us,
"Gerald Jones (Labour, Merthyr Tydfil and Aberdare)",--,Y,against us,
"Gideon Amos (Liberal Democrat, Taunton and Wellington)",++,N,with us,
"Gill Furniss (Labour, Sheffield Brightside and Hillsborough)",++,N,with us,
"Gill German (Labour, Clwyd North)",--,Y,against us,
"Gordon McKee (Labour, Glasgow South)",++,N,with us,
"Graeme Downie (Labour, Dunfermline and Dollar)",--,Y,against us,
"Graham Leadbitter (Scottish National Party, Moray West, Nairn and Strathspey)",0,0,no vote recorded,
"Graham Stringer (Labour, Blackley and Middleton South)",++,N,with us,
"Graham Stuart (Conservative, Beverley and Holderness)",++,N,with us,
"Grahame Morris (Labour, Easington)",++,N,with us,
"Greg Smith (Conservative, Mid Buckinghamshire)",++,N,with us,
"Gregor Poynton (Labour, Livingston)",--,Y,against us,
"Gregory Stafford (Conservative, Farnham and Bordon)",++,N,with us,
"Gurinder Singh Josan (Labour, Smethwick)",++,N,with us,
"Hannah Spencer (Green Party, Gorton and Denton)",0,0,no vote recorded,
"Harpreet Uppal (Labour, Huddersfield)",--,Y,against us,
"Harriet Cross (Conservative, Gordon and Buchan)",++,N,with us,
"Heidi Alexander (Labour, Swindon South)",--,Y,against us,
"Helen Grant (Conservative, Maidstone and Malling)",++,N,with us,
"Helen Hayes (Labour, Dulwich and West Norwood)",++,N,with us,
"Helen Maguire (Liberal Democrat, Epsom and Ewell)",--,0,no vote recorded,
"Helen Morgan (Liberal Democrat, North Shropshire)",--,Y,against us,
"Helen Whately (Conservative, Faversham and Mid Kent)",++,N,with us,
"Helena Dollimore (Labour (Co-op), Hastings and Rye)",--,Y,against us,
"Henry Tufnell (Labour, Mid and South Pembrokeshire)",--,Y,against us,
"Hilary Benn (Labour, Leeds South)",--,Y,against us,
"Ian Byrne (Labour, Liverpool West Derby)",++,N,with us,
"Ian Lavery (Labour, Blyth and Ashington)",++,N,with us,
"Ian Murray (Labour, Edinburgh South)",--,Y,against us,
"Ian Roome (Liberal Democrat, North Devon)",--,Y,against us,
"Ian Sollom (Liberal Democrat, St Neots and Mid Cambridgeshire)",--,Y,against us,
"Imogen Walker (Labour, Hamilton and Clyde Valley)",++,N,with us,
"Imran Hussain (Labour, Bradford East)",++,N,with us,
"Iqbal Mohamed (Independent, Dewsbury and Batley)",++,N,with us,
"Irene Campbell (Labour, North Ayrshire and Arran)",--,Y,against us,
"Jack Abbott (Labour (Co-op), Ipswich)",--,Y,against us,
"Jack Rankin (Conservative, Windsor)",++,N,with us,
"Jacob Collier (Labour, Burton and Uttoxeter)",--,Y,against us,
"Jade Botterill (Labour, Ossett and Denby Dale)",--,Y,against us,
"Jake Richards (Labour, Rother Valley)",--,Y,against us,
"James Asser (Labour, West Ham and Beckton)",++,N,with us,
"James Cartlidge (Conservative, South Suffolk)",--,Y,against us,
"James MacCleary (Liberal Democrat, Lewes)",--,Y,against us,
"James McMurdock (Independent, South Basildon and East Thurrock)",++,N,with us,
"James Murray (Labour (Co-op), Ealing North)",--,Y,against us,
"James Naish (Labour, Rushcliffe)",++,N,with us,
"James Wild (Conservative, North West Norfolk)",--,Y,against us,
"Jamie Stone (Liberal Democrat, Caithness, Sutherland and Easter Ross)",++,N,with us,
"Janet Daby (Labour, Lewisham East)",--,Y,against us,
"Jas Athwal (Labour, Ilford South)",--,Y,against us,
"Jayne Kirkham (Labour (Co-op), Truro and Falmouth)",--,Y,against us,
"Jeff Smith (Labour, Manchester Withington)",--,Y,against us,
"Jen Craft (Labour, Thurrock)",++,N,with us,
"Jenny Riddell-Carpenter (Labour, Suffolk Coastal)",--,Y,against us,
"Jeremy Corbyn (Your Party, Islington North)",++,N,with us,
"Jerome Mayhew (Conservative, Broadland and Fakenham)",++,N,with us,
"Jess Asato (Labour, Lowestoft)",++,N,with us,
"Jess Brown-Fuller (Liberal Democrat, Chichester)",++,N,with us,
"Jess Phillips (Labour, Birmingham Yardley)",--,Y,against us,
"Jesse Norman (Conservative, Hereford and South Herefordshire)",++,N,with us,
"Jessica Morden (Labour, Newport East)",--,Y,against us,
"Jessica Toale (Labour, Bournemouth West)",--,Y,against us,
"Jim Allister (Traditional Unionist Voice, North Antrim)",++,N,with us,
"Jim Dickson (Labour, Dartford)",--,Y,against us,
"Jim McMahon (Labour (Co-op), Oldham West, Chadderton and Royton)",++,N,with us,
"Jim Shannon (Democratic Unionist Party, Strangford)",++,N,with us,
"Jo Platt (Labour (Co-op), Leigh and Atherton)",--,Y,against us,
"Jo Stevens (Labour, Cardiff East)",--,Y,against us,
"Jo White (Labour, Bassetlaw)",--,Y,against us,
"Joani Reid (Labour, East Kilbride and Strathaven)",--,Y,against us,
"Jodie Gosling (Labour, Nuneaton)",--,Y,against us,
"Joe Morris (Labour, Hexham)",--,Y,against us,
"Joe Powell (Labour, Kensington and Bayswater)",--,Y,against us,
"Joe Robertson (Conservative, Isle of Wight East)",++,N,with us,
"Johanna Baxter (Labour, Paisley and Renfrewshire South)",++,N,with us,
"John Cooper (Conservative, Dumfries and Galloway)",++,N,with us,
"John Finucane (Sinn Féin, Belfast North)",0,0,no vote recorded,
"John Glen (Conservative, Salisbury)",++,N,with us,
"John Grady (Labour, Glasgow East)",++,N,with us,
"John Healey (Labour, Rawmarsh and Conisbrough)",--,Y,against us,
"John Lamont (Conservative, Berwickshire, Roxburgh and Selkirk)",++,N,with us,
"John McDonnell (Labour, Hayes and Harlington)",--,Y,against us,
"John Milne (Liberal Democrat, Horsham)",--,Y,against us,
"John Slinger (Labour, Rugby)",--,Y,against us,
"John Whitby (Labour, Derbyshire Dales)",--,Y,against us,
"Jon Pearce (Labour, High Peak)",--,Y,against us,
"Jon Trickett (Labour, Normanton and Hemsworth)",++,N,with us,
"Jonathan Davies (Labour, Mid Derbyshire)",++,N,with us,
"Jonathan Hinder (Labour, Pendle and Clitheroe)",++,N,with us,
"Jonathan Reynolds (Labour (Co-op), Stalybridge and Hyde)",++,N,with us,
"Josh Babarinde (Liberal Democrat, Eastbourne)",--,Y,against us,
"Josh Dean (Labour, Hertford and Stortford)",--,Y,against us,
"Josh Fenton-Glynn (Labour, Calder Valley)",++,N,with us,
"Josh MacAlister (Labour, Whitehaven and Workington)",--,Y,against us,
"Josh Newbury (Labour, Cannock Chase)",++,N,with us,
"Joy Morrissey (Conservative, Beaconsfield)",++,N,with us,
"Judith Cummins (Labour, Bradford South)",0,0,no vote recorded,
"Julia Buckley (Labour, Shrewsbury)",--,Y,against us,
"Julia Lopez (Conservative, Hornchurch and Upminster)",++,N,with us,
"Juliet Campbell (Labour, Broxtowe)",++,N,with us,
"Justin Madders (Labour, Ellesmere Port and Bromborough)",++,N,with us,
"Kanishka Narayan (Labour, Vale of Glamorgan)",++,N,with us,
"Karin Smyth (Labour, Bristol South)",--,Y,against us,
"Karl Turner (Independent, Kingston upon Hull East)",--,0,no vote recorded,
"Kate Dearden (Labour (Co-op), Halifax)",--,Y,against us,
"Kate Osamor (Labour (Co-op), Edmonton and Winchmore Hill)",++,N,with us,
"Kate Osborne (Labour, Jarrow and Gateshead East)",--,Y,against us,
"Katie Lam (Conservative, Weald of Kent)",++,N,with us,
"Katie White (Labour, Leeds North West)",--,Y,against us,
"Katrina Murray (Labour, Cumbernauld and Kirkintilloch)",++,N,with us,
"Keir Mather (Labour, Selby)",--,Y,against us,
"Kenneth Stevenson (Labour, Airdrie and Shotts)",++,N,with us,
"Kerry McCarthy (Labour, Bristol East)",--,Y,against us,
"Kevin Bonavia (Labour, Stevenage)",--,Y,against us,
"Kevin Hollinrake (Conservative, Thirsk and Malton)",--,Y,against us,
"Kevin McKenna (Labour, Sittingbourne and Sheppey)",--,Y,against us,
"Kim Johnson (Labour, Liverpool Riverside)",--,Y,against us,
"Kim Leadbeater (Labour, Spen Valley)",--,Y,against us,
"Kirith Entwistle (Labour, Bolton North East)",--,0,no vote recorded,
"Kirsteen Sullivan (Labour (Co-op), Bathgate and Linlithgow)",++,N,with us,
"Kirsty Blackman (Scottish National Party, Aberdeen North)",0,0,no vote recorded,
"Kirsty McNeill (Labour (Co-op), Midlothian)",--,Y,against us,
"Kit Malthouse (Conservative, North West Hampshire)",--,Y,against us,
"Lara Bird (Scottish National Party, Arbroath and Broughty Ferry)",0,0,no vote recorded,
"Laura Kyrke-Smith (Labour, Aylesbury)",--,Y,against us,
"Laura Trott (Conservative, Sevenoaks)",--,Y,against us,
"Lauren Edwards (Labour, Rochester and Strood)",--,Y,against us,
"Laurence Turner (Labour, Birmingham Northfield)",++,N,with us,
"Layla Moran (Liberal Democrat, Oxford West and Abingdon)",--,Y,against us,
"Lee Anderson (Reform UK, Ashfield)",++,N,with us,
"Lee Barron (Labour, Corby and East Northamptonshire)",--,Y,against us,
"Lee Pitcher (Labour, Doncaster East and the Isle of Axholme)",--,Y,against us,
"Leigh Ingham (Labour, Stafford)",--,Y,against us,
"Lewis Atkinson (Labour, Sunderland Central)",--,Y,against us,
"Lewis Cocking (Conservative, Broxbourne)",++,N,with us,
"Liam Byrne (Labour, Birmingham Hodge Hill and Solihull North)",++,N,with us,
"Liam Conlon (Labour, Beckenham and Penge)",++,N,with us,
"Lilian Greenwood (Labour, Nottingham South)",--,Y,against us,
"Lillian Jones (Labour, Kilmarnock and Loudoun)",++,N,with us,
"Lincoln Jopp (Conservative, Spelthorne)",++,N,with us,
"Linsey Farnsworth (Labour, Amber Valley)",--,Y,against us,
"Lisa Nandy (Labour, Wigan)",--,0,no vote recorded,
"Lisa Smart (Liberal Democrat, Hazel Grove)",--,Y,against us,
"Liz Jarvis (Liberal Democrat, Eastleigh)",--,Y,against us,
"Liz Kendall (Labour, Leicester West)",--,Y,against us,
"Liz Saville Roberts (Plaid Cymru, Dwyfor Meirionnydd)",--,Y,against us,
"Liz Twist (Labour, Blaydon and Consett)",++,N,with us,
"Lizzi Collinge (Labour, Morecambe and Lunesdale)",--,Y,against us,
"Llinos Medi (Plaid Cymru, Ynys Môn)",--,Y,against us,
"Lloyd Hatton (Labour, South Dorset)",--,Y,against us,
"Lola McEvoy (Labour, Darlington)",++,N,with us,
"Lorraine Beavers (Labour, Blackpool North and Fleetwood)",--,Y,against us,
"Louise Haigh (Labour, Sheffield Heeley)",--,Y,against us,
"Louise Sandher-Jones (Labour, North East Derbyshire)",--,Y,against us,
"Lucy Powell (Labour (Co-op), Manchester Central)",--,Y,against us,
"Lucy Rigby (Labour, Northampton North)",--,Y,against us,
"Luke Akehurst (Labour, North Durham)",--,Y,against us,
"Luke Murphy (Labour, Basingstoke)",--,Y,against us,
"Luke Myer (Labour, Middlesbrough South and East Cleveland)",--,Y,against us,
"Luke Pollard (Labour (Co-op), Plymouth Sutton and Devonport)",--,0,no vote recorded,
"Luke Taylor (Liberal Democrat, Sutton and Cheam)",--,Y,against us,
"Manuela Perteghella (Liberal Democrat, Stratford-on-Avon)",--,Y,against us,
"Margaret Mullane (Labour, Dagenham and Rainham)",++,N,with us,
"Maria Eagle (Labour, Liverpool Garston)",--,Y,against us,
"Marie Goldman (Liberal Democrat, Chelmsford)",--,Y,against us,
"Mark Ferguson (Labour, Gateshead Central and Whickham)",--,Y,against us,
"Mark Garnier (Conservative, Wyre Forest)",--,Y,against us,
"Mark Pritchard (Conservative, The Wrekin)",++,N,with us,
"Mark Sewards (Labour, Leeds South West and Morley)",--,Y,against us,
"Markus Campbell-Savours (Labour, Penrith and Solway)",++,N,with us,
"Marsha De Cordova (Labour, Battersea)",++,N,with us,
"Martin McCluskey (Labour, Inverclyde and Renfrewshire West)",++,N,with us,
"Martin Rhodes (Labour, Glasgow North)",++,N,with us,
"Martin Vickers (Conservative, Brigg and Immingham)",++,N,with us,
"Martin Wrigley (Liberal Democrat, Newton Abbot)",--,Y,against us,
"Mary Creagh (Labour, Coventry East)",++,N,with us,
"Mary Glindon (Labour, Newcastle upon Tyne East and Wallsend)",++,N,with us,
"Mary Kelly Foy (Labour, City of Durham)",++,N,with us,
"Matt Bishop (Labour, Forest of Dean)",--,Y,against us,
"Matt Rodda (Labour, Reading Central)",++,N,with us,
"Matt Turmaine (Labour, Watford)",--,Y,against us,
"Matt Vickers (Conservative, Stockton West)",++,N,with us,
"Matt Western (Labour, Warwick and Leamington)",--,Y,against us,
"Matthew Patrick (Labour, Wirral West)",++,N,with us,
"Matthew Pennycook (Labour, Greenwich and Woolwich)",--,Y,against us,
"Maureen Burke (Labour, Glasgow North East)",--,Y,against us,
"Max Wilkinson (Liberal Democrat, Cheltenham)",--,Y,against us,
"Maya Ellis (Labour, Ribble Valley)",++,N,with us,
"Melanie Onn (Labour, Great Grimsby and Cleethorpes)",--,Y,against us,
"Melanie Ward (Labour, Cowdenbeath and Kirkcaldy)",++,N,with us,
"Miatta Fahnbulleh (Labour (Co-op), Peckham)",--,Y,against us,
"Michael Payne (Labour, Gedling)",--,Y,against us,
"Michael Shanks (Labour, Rutherglen)",++,N,with us,
"Michael Wheeler (Labour, Worsley and Eccles)",--,Y,against us,
"Michelle Scrogham (Labour, Barrow and Furness)",++,N,with us,
"Michelle Welsh (Labour, Sherwood Forest)",--,Y,against us,
"Mike Kane (Labour, Wythenshawe and Sale East)",++,N,with us,
"Mike Martin (Liberal Democrat, Tunbridge Wells)",--,Y,against us,
"Mike Reader (Labour, Northampton South)",++,N,with us,
"Mike Tapp (Labour, Dover and Deal)",--,Y,against us,
"Mike Wood (Conservative, Kingswinford and South Staffordshire)",++,N,with us,
"Mims Davies (Conservative, East Grinstead and Uckfield)",++,N,with us,
"Mohammad Yasin (Labour, Bedford)",++,N,with us,
"Monica Harding (Liberal Democrat, Esher and Walton)",++,N,with us,
"Mr Adnan Hussain (Independent, Blackburn)",++,N,with us,
"Mr Alex Barros-Curtis (Labour, Cardiff West)",--,Y,against us,
"Mr Alistair Carmichael (Liberal Democrat, Orkney and Shetland)",--,Y,against us,
"Mr Andrew Snowden (Conservative, Fylde)",++,N,with us,
"Mr Angus MacDonald (Liberal Democrat, Inverness, Skye and West Ross-shire)",++,N,with us,
"Mr Bayo Alaba (Labour, Southend East and Rochford)",++,N,with us,
"Mr Calvin Bailey (Labour, Leyton and Wanstead)",--,Y,against us,
"Mr Cathal Mallaghan (Sinn Féin, Mid Ulster)",0,0,no vote recorded,
"Mr Clive Betts (Labour, Sheffield South East)",--,Y,against us,
"Mr Connor Rand (Labour, Altrincham and Sale West)",--,Y,against us,
"Mr David Lammy (Labour, Tottenham)",++,0,no vote recorded,
"Mr Douglas Alexander (Labour (Co-op), Lothian East)",--,Y,against us,
"Mr Gagan Mohindra (Conservative, South West Hertfordshire)",++,N,with us,
"Mr Gregory Campbell (Democratic Unionist Party, East Londonderry)",++,N,with us,
"Mr Hamish Falconer (Labour, Lincoln)",--,Y,against us,
"Mr James Frith (Labour, Bury North)",++,N,with us,
"Mr Jonathan Brash (Labour, Hartlepool)",--,Y,against us,
"Mr Joshua Reynolds (Liberal Democrat, Maidenhead)",--,Y,against us,
"Mr Lee Dillon (Liberal Democrat, Newbury)",--,Y,against us,
"Mr Louie French (Conservative, Old Bexley and Sidcup)",++,N,with us,
"Mr Luke Charters (Labour, York Outer)",--,Y,against us,
"Mr Mark Francois (Conservative, Rayleigh and Wickford)",++,0,no vote recorded,
"Mr Paul Foster (Labour, South Ribble)",++,N,with us,
"Mr Paul Kohler (Liberal Democrat, Wimbledon)",++,N,with us,
"Mr Peter Bedford (Conservative, Mid Leicestershire)",--,Y,against us,
"Mr Richard Holden (Conservative, Basildon and Billericay)",++,N,with us,
"Mr Tanmanjeet Singh Dhesi (Labour, Slough)",++,N,with us,
"Mr Toby Perkins (Labour, Chesterfield)",--,Y,against us,
"Mr Will Forster (Liberal Democrat, Woking)",--,Y,against us,
"Mrs Elsie Blundell (Labour, Heywood and Middleton North)",++,N,with us,
"Mrs Kemi Badenoch (Conservative, North West Essex)",++,N,with us,
"Mrs Sharon Hodgson (Labour, Washington and Gateshead South)",--,0,no vote recorded,
"Ms Abena Oppong-Asare (Labour, Erith and Thamesmead)",++,N,with us,
"Ms Diane Abbott (Labour, Hackney North and Stoke Newington)",++,N,with us,
"Ms Julie Minns (Labour, Carlisle)",++,0,no vote recorded,
"Ms Marie Rimmer (Labour, St Helens South and Whiston)",++,N,with us,
"Ms Nusrat Ghani (Conservative, Sussex Weald)",0,0,no vote recorded,
"Ms Polly Billington (Labour, East Thanet)",++,N,with us,
"Ms Stella Creasy (Labour (Co-op), Walthamstow)",--,Y,against us,
"Munira Wilson (Liberal Democrat, Twickenham)",++,N,with us,
"Nadia Whittome (Labour, Nottingham East)",--,Y,against us,
"Natalie Fleet (Labour, Bolsover)",--,Y,against us,
"Natasha Irons (Labour, Croydon East)",--,Y,against us,
"Naushabah Khan (Labour, Gillingham and Rainham)",++,N,with us,
"Navendu Mishra (Labour, Stockport)",--,Y,against us,
"Naz Shah (Labour, Bradford West)",++,N,with us,
"Neil Coyle (Labour, Bermondsey and Old Southwark)",++,N,with us,
"Neil Duncan-Jordan (Labour, Poole)",--,Y,against us,
"Neil O'Brien (Conservative, Harborough, Oadby and Wigston)",++,N,with us,
"Nesil Caliskan (Labour, Barking)",++,N,with us,
"Nick Smith (Labour, Blaenau Gwent and Rhymney)",--,Y,against us,
"Nick Thomas-Symonds (Labour, Torfaen)",++,N,with us,
"Nick Timothy (Conservative, West Suffolk)",++,N,with us,
"Nigel Huddleston (Conservative, Droitwich and Evesham)",++,N,with us,
"Noah Law (Labour, St Austell and Newquay)",--,Y,against us,
"Oliver Ryan (Labour (Co-op), Burnley)",--,Y,against us,
"Olivia Bailey (Labour, Reading West and Mid Berkshire)",++,N,with us,
"Olivia Blake (Labour, Sheffield Hallam)",--,Y,against us,
"Olly Glover (Liberal Democrat, Didcot and Wantage)",--,Y,against us,
"Pam Cox (Labour, Colchester)",--,Y,against us,
"Pamela Nash (Labour, Motherwell, Wishaw and Carluke)",--,Y,against us,
"Pat Cullen (Sinn Féin, Fermanagh and South Tyrone)",0,0,no vote recorded,
"Pat McFadden (Labour, Wolverhampton South East)",--,Y,against us,
"Patricia Ferguson (Labour, Glasgow West)",++,N,with us,
"Patrick Hurley (Labour, Southport)",++,N,with us,
"Patrick Spencer (Independent, Central Suffolk and North Ipswich)",++,N,with us,
"Paul Davies (Labour, Colne Valley)",--,Y,against us,
"Paul Holmes (Conservative, Hamble Valley)",++,N,with us,
"Paul Maskey (Sinn Féin, Belfast West)",0,0,no vote recorded,
"Paul Waugh (Labour (Co-op), Rochdale)",++,N,with us,
"Paula Barker (Labour, Liverpool Wavertree)",--,Y,against us,
"Paulette Hamilton (Labour, Birmingham Erdington)",++,N,with us,
"Perran Moon (Labour, Camborne and Redruth)",--,Y,against us,
"Pete Wishart (Scottish National Party, Perth and Kinross-shire)",--,0,no vote recorded,
"Peter Dowd (Labour, Bootle)",--,0,no vote recorded,
"Peter Fortune (Conservative, Bromley and Biggin Hill)",++,N,with us,
"Peter Kyle (Labour, Hove and Portslade)",--,Y,against us,
"Peter Lamb (Labour, Crawley)",++,N,with us,
"Peter Swallow (Labour, Bracknell)",--,Y,against us,
"Phil Brickell (Labour, Bolton West)",--,Y,against us,
"Pippa Heylings (Liberal Democrat, South Cambridgeshire)",--,Y,against us,
"Preet Kaur Gill (Labour (Co-op), Birmingham Edgbaston)",++,N,with us,
"Priti Patel (Conservative, Witham)",++,N,with us,
"Rachael Maskell (Labour (Co-op), York Central)",++,N,with us,
"Rachel Blake (Labour (Co-op), Cities of London and Westminster)",--,Y,against us,
"Rachel Gilmour (Liberal Democrat, Tiverton and Minehead)",--,Y,against us,
"Rachel Hopkins (Labour, Luton South and South Bedfordshire)",--,Y,against us,
"Rachel Reeves (Labour, Leeds West and Pudsey)",--,Y,against us,
"Rachel Taylor (Labour, North Warwickshire and Bedworth)",--,Y,against us,
"Rebecca Harris (Conservative, Castle Point)",++,N,with us,
"Rebecca Long Bailey (Labour, Salford)",++,N,with us,
"Rebecca Paul (Conservative, Reigate)",++,N,with us,
"Rebecca Smith (Conservative, South West Devon)",++,N,with us,
"Richard Baker (Labour, Glenrothes and Mid Fife)",++,N,with us,
"Richard Burgon (Labour, Leeds East)",++,N,with us,
"Richard Foord (Liberal Democrat, Honiton and Sidmouth)",--,Y,against us,
"Richard Fuller (Conservative, North Bedfordshire)",++,N,with us,
"Richard Quigley (Labour, Isle of Wight West)",++,N,with us,
"Richard Tice (Reform UK, Boston and Skegness)",--,Y,against us,
"Rishi Sunak (Conservative, Richmond and Northallerton)",--,Y,against us,
"Robbie Moore (Conservative, Keighley and Ilkley)",++,N,with us,
"Robert Jenrick (Reform UK, Newark)",++,N,with us,
"Robin Swann (Ulster Unionist Party, South Antrim)",++,N,with us,
"Rosie Duffield (Independent, Canterbury)",++,N,with us,
"Rosie Wrighting (Labour, Kettering)",--,Y,against us,
"Rupert Lowe (Restore Britain, Great Yarmouth)",++,N,with us,
"Rushanara Ali (Labour, Bethnal Green and Stepney)",++,N,with us,
"Ruth Cadbury (Labour, Brentford and Isleworth)",--,Y,against us,
"Ruth Jones (Labour, Newport West and Islwyn)",++,0,no vote recorded,
"Sadik Al-Hassan (Labour, North Somerset)",--,Y,against us,
"Sally Jameson (Labour (Co-op), Doncaster Central)",++,N,with us,
"Sam Carling (Labour, North West Cambridgeshire)",--,Y,against us,
"Sam Rushworth (Labour, Bishop Auckland)",++,N,with us,
"Samantha Dixon (Labour, Chester North and Neston)",--,Y,against us,
"Samantha Niblett (Labour, South Derbyshire)",--,Y,against us,
"Sammy Wilson (Democratic Unionist Party, East Antrim)",++,N,with us,
"Saqib Bhatti (Conservative, Meriden and Solihull East)",++,N,with us,
"Sarah Bool (Conservative, South Northamptonshire)",++,N,with us,
"Sarah Champion (Labour, Rotherham)",--,Y,against us,
"Sarah Coombes (Labour, West Bromwich)",--,Y,against us,
"Sarah Dyke (Liberal Democrat, Glastonbury and Somerton)",--,Y,against us,
"Sarah Edwards (Labour, Tamworth)",--,Y,against us,
"Sarah Gibson (Liberal Democrat, Chippenham)",--,Y,against us,
"Sarah Green (Liberal Democrat, Chesham and Amersham)",--,Y,against us,
"Sarah Hall (Labour (Co-op), Warrington South)",--,Y,against us,
"Sarah Jones (Labour, Croydon West)",--,Y,against us,
"Sarah Olney (Liberal Democrat, Richmond Park)",++,N,with us,
"Sarah Owen (Labour, Luton North)",0,0,no vote recorded,
"Sarah Pochin (Reform UK, Runcorn and Helsby)",--,Y,against us,
"Sarah Russell (Labour, Congleton)",--,Y,against us,
"Sarah Sackman (Labour, Finchley and Golders Green)",--,Y,against us,
"Sarah Smith (Labour, Hyndburn)",++,N,with us,
"Satvir Kaur (Labour, Southampton Test)",++,N,with us,
"Seamus Logan (Scottish National Party, Aberdeenshire North and Moray East)",+,0,no vote recorded,
"Sean Woodcock (Labour, Banbury)",++,N,with us,
"Seema Malhotra (Labour (Co-op), Feltham and Heston)",++,N,with us,
"Shabana Mahmood (Labour, Birmingham Ladywood)",++,N,with us,
"Shaun Davies (Labour, Telford)",--,Y,against us,
"Shivani Raja (Conservative, Leicester East)",++,N,with us,
"Shockat Adam (Independent, Leicester South)",++,N,with us,
"Simon Hoare (Conservative, North Dorset)",++,N,with us,
"Simon Lightwood (Labour (Co-op), Wakefield and Rothwell)",--,Y,against us,
"Sir Alan Campbell (Labour, Tynemouth)",--,Y,against us,
"Sir Alec Shelbrooke (Conservative, Wetherby and Easingwold)",++,N,with us,
"Sir Andrew Mitchell (Conservative, Sutton Coldfield)",--,Y,against us,
"Sir Ashley Fox (Conservative, Bridgwater)",--,Y,against us,
"Sir Bernard Jenkin (Conservative, Harwich and North Essex)",++,N,with us,
"Sir Christopher Chope (Conservative, Christchurch)",++,N,with us,
"Sir Desmond Swayne (Conservative, New Forest West)",++,N,with us,
"Sir Edward Leigh (Conservative, Gainsborough)",++,N,with us,
"Sir Gavin Williamson (Conservative, Stone, Great Wyrley and Penkridge)",++,N,with us,
"Sir Geoffrey Clifton-Brown (Conservative, North Cotswolds)",++,N,with us,
"Sir Geoffrey Cox (Conservative, Torridge and Tavistock)",++,N,with us,
"Sir Iain Duncan Smith (Conservative, Chingford and Woodford Green)",++,N,with us,
"Sir James Cleverly (Conservative, Braintree)",++,N,with us,
"Sir Jeremy Hunt (Conservative, Godalming and Ash)",--,Y,against us,
"Sir Jeremy Wright (Conservative, Kenilworth and Southam)",++,N,with us,
"Sir John Hayes (Conservative, South Holland and The Deepings)",++,N,with us,
"Sir John Whittingdale (Conservative, Maldon)",++,N,with us,
"Sir Julian Lewis (Conservative, New Forest East)",++,N,with us,
"Sir Julian Smith (Conservative, Skipton and Ripon)",++,N,with us,
"Sir Keir Starmer (Labour, Holborn and St Pancras)",--,Y,against us,
"Sir Lindsay Hoyle (Speaker, Chorley)",0,0,no vote recorded,
"Sir Mark Hendrick (Labour (Co-op), Preston)",++,N,with us,
"Sir Mark Tami (Labour, Alyn and Deeside)",--,Y,against us,
"Sir Mel Stride (Conservative, Central Devon)",--,Y,against us,
"Sir Nicholas Dakin (Labour, Scunthorpe)",--,Y,against us,
"Sir Oliver Dowden (Conservative, Hertsmere)",--,Y,against us,
"Sir Roger Gale (Conservative, Herne Bay and Sandwich)",++,0,no vote recorded,
"Sir Stephen Timms (Labour, East Ham)",++,N,with us,
"Siân Berry (Green Party, Brighton Pavilion)",--,Y,against us,
"Sojan Joseph (Labour, Ashford)",++,N,with us,
"Sonia Kumar (Labour, Dudley)",--,Y,against us,
"Sorcha Eastwood (Alliance, Lagan Valley)",++,N,with us,
"Steff Aquarone (Liberal Democrat, North Norfolk)",--,Y,against us,
"Stephanie Peacock (Labour, Barnsley South)",++,N,with us,
"Stephen Doughty (Labour (Co-op), Cardiff South and Penarth)",++,N,with us,
"Stephen Kinnock (Labour, Aberafan Maesteg)",--,Y,against us,
"Stephen Morgan (Labour, Portsmouth South)",--,Y,against us,
"Steve Barclay (Conservative, North East Cambridgeshire)",++,N,with us,
"Steve Darling (Liberal Democrat, Torbay)",++,N,with us,
"Steve Race (Labour, Exeter)",--,Y,against us,
"Steve Reed (Labour (Co-op), Streatham and Croydon North)",--,Y,against us,
"Steve Witherden (Labour, Montgomeryshire and Glyndŵr)",--,Y,against us,
"Steve Yemm (Labour, Mansfield)",--,Y,against us,
"Stuart Anderson (Conservative, South Shropshire)",++,N,with us,
"Stuart Andrew (Conservative, Daventry)",++,N,with us,
"Suella Braverman (Reform UK, Fareham and Waterlooville)",++,N,with us,
"Sureena Brackenridge (Labour, Wolverhampton North East)",++,N,with us,
"Susan Murray (Liberal Democrat, Mid Dunbartonshire)",--,Y,against us,
"Tahir Ali (Labour, Birmingham Hall Green and Moseley)",++,N,with us,
"Taiwo Owatemi (Labour, Coventry North West)",++,N,with us,
"Terry Jermy (Labour, South West Norfolk)",--,Y,against us,
"Tessa Munt (Liberal Democrat, Wells and Mendip Hills)",--,Y,against us,
"Tim Farron (Liberal Democrat, Westmorland and Lonsdale)",++,N,with us,
"Tim Roca (Labour, Macclesfield)",--,Y,against us,
"Tom Collins (Labour, Worcester)",++,N,with us,
"Tom Gordon (Liberal Democrat, Harrogate and Knaresborough)",--,Y,against us,
"Tom Hayes (Labour, Bournemouth East)",--,Y,against us,
"Tom Morrison (Liberal Democrat, Cheadle)",++,N,with us,
"Tom Rutland (Labour, East Worthing and Shoreham)",--,Y,against us,
"Tom Tugendhat (Conservative, Tonbridge)",++,N,with us,
"Tonia Antoniazzi (Labour, Gower)",--,Y,against us,
"Tony Vaughan (Labour, Folkestone and Hythe)",--,Y,against us,
"Torcuil Crichton (Labour, Na h-Eileanan an Iar)",++,N,with us,
"Torsten Bell (Labour, Swansea West)",--,Y,against us,
"Tracy Gilbert (Labour, Edinburgh North and Leith)",--,Y,against us,
"Tristan Osborne (Labour, Chatham and Aylesford)",--,Y,against us,
"Tulip Siddiq (Labour, Hampstead and Highgate)",--,Y,against us,
"Uma Kumaran (Labour, Stratford and Bow)",++,N,with us,
"Valerie Vaz (Labour, Walsall and Bloxwich)",++,N,with us,
"Vicky Foxcroft (Labour, Lewisham North)",++,N,with us,
"Victoria Atkins (Conservative, Louth and Horncastle)",--,Y,against us,
"Victoria Collins (Liberal Democrat, Harpenden and Berkhamsted)",--,Y,against us,
"Vikki Slade (Liberal Democrat, Mid Dorset and North Poole)",--,Y,against us,
"Warinder Juss (Labour, Wolverhampton West)",--,Y,against us,
"Wendy Chamberlain (Liberal Democrat, North East Fife)",--,N,with us,"placed as an opponent, voted with us"
"Wendy Morton (Conservative, Aldridge-Brownhills)",++,N,with us,
"Wera Hobhouse (Liberal Democrat, Bath)",--,Y,against us,
"Wes Streeting (Labour, Ilford North)",++,N,with us,
"Will Stone (Labour, Swindon North)",--,Y,against us,
"Yasmin Qureshi (Labour, Bolton South and Walkden)",++,N,with us,
"Yuan Yang (Labour, Earley and Woodley)",++,N,with us,
"Yvette Cooper (Labour, Pontefract, Castleford and Knottingley)",--,Y,against us,
"Zarah Sultana (Your Party, Coventry South)",++,N,with us,
"Zöe Franklin (Liberal Democrat, Guildford)",--,Y,against us,
"Órfhlaith Begley (Sinn Féin, West Tyrone)",0,0,no vote recorded,
