Decision-Maker,++,+,0,-,--,Target (Y/N),Comments
"Carla Lockhart (Democratic Unionist Party, Upper Bann)",1,,,,,,"2026-07-01 PQ: Surrogacy ""Surrogacy"" [0: Neutral probing of policy consistency on surrogacy parental orders] | 2026-06-24 PQ: Nigeria: Surrogacy ""To ask the Secretary of State for Foreign, Commonwealth and Development Affairs, whether she has made an assessment of the (i) risks to women involved in commercial surrogacy arrangements in Nigeria, including (a) maternal mortality, (b) contractual condi"" [+: Highlights risks to women in commercial surrogacy abroad] | 2026-06-17 PQ: Social Security Benefits: Surrogacy ""Social Security Benefits: Surrogacy"" [0: Technical benefits question about surrogate income treatment, neutral] | 2026-06-01 PQ: Human Rights: Surrogacy ""Human Rights: Surrogacy"" [++: Seeks government response to report advocating universal surrogacy ban] | 2026-03-23 PQ: Surrogacy ""Surrogacy"" [0: Factual data request on surrogacy trends abroad] | 2026-03-23 PQ: Surrogacy ""To ask the Secretary of State for Health and Social Care, whether he has made an assessment of the potential impact of the increase in the number of children entering the UK who have been born through surrogacy in countries where commercial surrogacy oper"" [+: Raises concern over rising children from commercial surrogacy abroad] | 2026-03-23 PQ: Social Security Benefits: Surrogacy ""Social Security Benefits: Surrogacy"" [0: Technical benefits question, no surrogacy stance shown] | 2026-02-05 PQ: Surrogacy: Social Media ""Surrogacy: Social Media"" [+: Flags risks of social media groups promoting surrogacy, implying concern over its normalisation] | 2026-01-26 PQ: Surrogacy: Cross Border Cooperation ""To ask the Secretary of State for Foreign, Commonwealth and Development Affairs, what assessment he has made of the adequacy of regulations for a) the health and welfare of surrogate mothers and children born through surrogacy and b) ethical concerns asso"" [unscored] | 2026-01-26 PQ: Surrogacy: International Law ""Surrogacy: International Law"" [unscored]"
"Dame Harriett Baldwin (Conservative, West Worcestershire)",1,,,,,,"2025-06-13 DEBATE: Spoke: Terminally Ill Adults (End of Life) Bill ""Terminally Ill Adults (End of Life) Bill"" [++: Explicitly states implacable opposition to assisted dying and its harms]"
"Jess Brown-Fuller (Liberal Democrat, Chichester)",1,,,,,,"2025-06-26 DEBATE: Spoke: IVF Egg Donation: Young Women ""I will briefly touch on an equally complex and emotionally charged topic: surrogacy and legal parenthood from the point of birth. For the sake of the child, the surrogate and the legal parents, the matter needs to be handled with great sensitivity. The..."" [++: Warns against commercialising egg donation and surrogacy, favours protective regulation]"
"Jim Shannon (Democratic Unionist Party, Strangford)",,1,,,,,"2025-10-14 EDM-SIGNED: Signed EDM: UN Special Rapporteur Report on Violence Against Women and Girls in the context of surrogacy [unscored] | 2025-06-26 DEBATE: Spoke: IVF Egg Donation: Young Women ""IVF Egg Donation: Young Women"" [+: Raises concern over unregulated young egg donation, calling for stricter regulation] | 2025-06-26 DEBATE: Spoke: IVF Egg Donation: Young Women ""IVF Egg Donation: Young Women"" [0: Informational discussion of egg donation risks and advertising, no clear surrogacy or family stance] | 2025-06-26 DEBATE: Spoke: IVF Egg Donation: Young Women ""Women as young as 18 can donate their eggs for use by others—either for IVF for older people or for surrogacy —and demand is soaring. According to the HFEA, women can undergo as many as 10 donation rounds—a huge toll on any lady’s body. Later, I will give the..."" [+: Raises concern over adverts exploiting young women for egg donation, echoing anti-commodification stance] | 2024-12-10 PQ: IVF: Donors [unscored] | 2024-12-10 PQ: IVF: Donors [unscored] | 2024-12-10 PQ: IVF: Donors ""To ask the Secretary of State for Health and Social Care, if he will make an assessment of the potential merits of a minimum age of 25 for egg donation."" [unscored] | 2024-12-10 PQ: IVF: Donors [unscored] | 2020-01-21 DEBATE: Spoke:  Surrogacy: Government Policy ""Surrogacy: Government Policy"" [unscored]"
"Tracy Gilbert (Labour, Edinburgh North and Leith)",,1,,,,,"2026-06-25 PQ: Surrogacy ""Surrogacy"" [+: Questions adequacy of surrogacy safeguarding, critical framing] | 2026-06-01 PQ: Surrogacy ""Surrogacy"" [+: Focuses on children's rights in surrogacy, aligns with child-centred anti-surrogacy view] | 2026-06-01 PQ: Surrogacy ""Surrogacy"" [+: Raises safeguarding compliance concerns about surrogacy, aligns with critical stance] | 2026-05-22 PQ: Surrogacy ""Surrogacy"" [+: Proposes restricting surrogacy like prohibited adoption countries, anti-surrogacy leaning] | 2025-10-14 EDM: Sponsored EDM: UN Special Rapporteur Report on Violence Against Women and Girls in the context of surrogacy (9 signatures) [unscored] | 2025-09-01 PQ: Surrogacy: Research ""Surrogacy: Research"" [unscored] | 2025-09-01 PQ: IVF: Pressure Groups ""To ask the Secretary of State for Health and Social Care, if he will meet with women's rights campaigners to discuss the impact of egg donation on young women."" [unscored]"
"Mims Davies (Conservative, East Grinstead and Uckfield)",,1,,,,,"2026-07-17 PQ: Surrogacy: Nigeria ""Surrogacy: Nigeria"" [+: Highlights growing surrogacy trend abroad, consistent with concern over commercial surrogacy] | 2026-07-17 PQ: Surrogacy: Nigeria ""Surrogacy: Nigeria"" [+: Raises concern over international surrogacy destination, implying scrutiny of commercial surrogacy] | 2026-07-16 PQ: Surrogacy: Parenting Orders ""Surrogacy: Parenting Orders"" [+: Flags safeguarding concerns over surrogacy by single men, aligning with surrogacy opposition]"
"Danny Kruger (Reform UK, East Wiltshire)",,1,,,,,"2025-03-18 DEBATE: Spoke: Terminally Ill Adults (End of Life) Bill (Twenty-fifth sitting) ""“social workers have duties in relation to both mental capacity and adult safeguarding, so it is concerning that legal protection in Section 23 of the Bill is given to healthcare professionals but not to social workers. All professionals that could..."" [unscored] | 2025-03-18 DEBATE: Spoke: Terminally Ill Adults (End of Life) Bill (Twenty-fifth sitting) ""I am very pleased to hear it. I thank the hon. Lady for that. That helps me because I was perplexed about the difference. It is good to hear from her that there is no particular group of professionals who she thinks should not be included in the conscience..."" [+: Proposes conscience clause protecting professionals from involvement in assisted dying]"
"Claire Hazelgrove (Labour, Filton and Bradley Stoke)",,1,,,,,"2026-07-01 PQ: Surrogacy ""To ask the Secretary of State for Health and Social Care, what his Department's planned timetable is for publishing a response to the Law Commission’s 2023 report on surrogacy; and what steps it is taking to address concerns about the impact of potential"" [+: Flags concerns about impact of surrogacy law reform, aligning with caution on commercial surrogacy]"
"Paul Waugh (Labour (Co-op), Rochdale)",,1,,,,,"2025-06-13 DEBATE: Spoke: Terminally Ill Adults (End of Life) Bill ""Terminally Ill Adults (End of Life) Bill"" [+: Warns against commercialised advertising for assisted death, seeking stronger safeguards]"
"Dame Nia Griffith (Labour, Llanelli)",,,1,,,,"2025-04-24 DEBATE: Spoke: Lesbian Visibility Week (re: conversion practices) ""As we continue to work towards meaningful visibility and equality, it is also essential that we have legal clarity on the rights of women, including lesbian women, to single-sex spaces and services. Last week’s ruling by the Supreme Court in the case of For..."" [unscored] | 2024-12-12 DEBATE: Spoke: Employment Rights Bill (Eleventh sitting) (re: surrogacy) ""Additionally, clause 21(5)(b) clarifies that parents looking to take bereaved partners paternity leave who have adopted from overseas or had their children via a surrogacy arrangement can be included in regulations creating protections against redundancy, as..."" [0: Technical discussion of pregnancy redundancy protections, no substantive surrogacy content despite tag] | 2024-12-10 DEBATE: Spoke: Employment Rights Bill (Ninth sitting) (re: surrogacy) ""The point of clause 13 is to give employed fathers, partners and secondary adopters, including those who have their children through a surrogacy arrangement, the ability to take paternity leave and pay after taking shared parental leave and pay. The clause..."" [unscored] | 2023-11-29 DEBATE: Spoke:  Section 28 Repeal: 20th Anniversary (re: conversion therapy) ""Thankfully, the Labour Governments of 1997 to 2010 faced down fierce opposition and championed LGBT rights, including by repealing section 28. Not only did Labour repeal section 28, with the repeal taking effect on 18 November 2003, but we achieved an equal..."" [unscored]"
"Neil Coyle (Labour, Bermondsey and Old Southwark)",,,1,,,,"2022-01-24 PQ: Surrogacy ""Surrogacy"" [unscored] | 2022-01-24 PQ: Surrogacy ""To ask the Secretary of State for Health and Social Care, what steps his Department is taking to ensure there is greater clarity and transparency on legitimate expenses paid for UK surrogacy, including (a) compensation paid to a surrogate and (b) a recupe"" [unscored] | 2022-01-24 PQ: Surrogacy ""Surrogacy"" [unscored] | 2022-01-24 PQ: Surrogacy ""To ask the Secretary of State for Health and Social Care, what steps his Department is taking to reform surrogacy law in response to the proposals set out in the Law Commission’s 2019 Consultation Paper Building families through surrogacy: a new law; and"" [unscored]"
"Daisy Cooper (Liberal Democrat, St Albans)",,,1,,,,"2025-03-04 PQ: Surrogacy ""To ask the Secretary of State for Health and Social Care, pursuant to the Answer of 31 January to Question 25639 on Surrogacy, whether he plans to respond to the Law Commission’s report on surrogacy in this Parliament."" [unscored] | 2024-10-14 PQ: Surrogacy: Ukraine ""Surrogacy: Ukraine"" [unscored] | 2022-04-06 PQ: Visas: Ukraine (re: surrogate) ""To ask the Secretary of State for the Home Department, with reference to her Department's guidance on applying for Ukraine Family Scheme visas, if she will make it her policy to include surrogate mothers who are carrying the children of British nationals"" [unscored]"
"Kevin Hollinrake (Conservative, Thirsk and Malton)",,,1,,,,"2024-03-20 DEBATE: Spoke: Shared Parental Leave and Pay (Bereavement) Bill (re: surrogacy) ""It was necessary for the Government to move a motion in the House to issue an instruction to allow the Committee to consider amendments to the Bill that would otherwise be out of scope. The instruction was debated and approved in the House on 5 March. Let me..."" [0: Procedural note on extending bereavement leave scope to surrogacy arrangements, no stance on commercial surrogacy] | 2024-03-05 DEBATE: Spoke:  Shared Parental Leave and Pay (Bereavement) Bill: Instruction (re: surrogacy) ""What is more, the instruction would enable a Committee to consider amendments that would extend the measures to new parents who have their children through other routes, such as adoption or surrogacy arrangements. Where possible and appropriate, the..."" [unscored] | 2024-02-27 DEBATE: Spoke: Draft Paternity Leave  (Amendment) Regulations 2024 (re: surrogacy) ""Our third change will shorten the notice period required for each period of leave. The new regulations will require an employee to give only four weeks’ notice prior to each period of leave, instead of 14 weeks before the expected week of childbirth. This..."" [0: Discusses paternity leave flexibility, unrelated to surrogacy]"
"Mr Andrew Snowden (Conservative, Fylde)",,,1,,,,"2025-07-03 PQ: Health Services: Parents and Surrogacy ""Health Services: Parents and Surrogacy"" [unscored] | 2025-07-01 PQ: Surrogacy: Mental Health ""To ask the Secretary of State for Justice, with reference to the Law Commission report entitled Building families through surrogacy: a new law, published on 28 March 2023, if she will make an assessment of the potential impact of implementing the recommen"" [unscored] | 2025-07-01 PQ: Health: Surrogacy ""Health: Surrogacy"" [unscored]"
"Sarah Olney (Liberal Democrat, Richmond Park)",,,1,,,,"2025-06-20 DEBATE: Spoke: Terminally Ill Adults (End of Life) Bill ""Remarkably, with the exception of amendments required to bring it into line with successive Human Fertilisation and Embryology Acts and to extend its provisions to Northern Ireland, the provisions that the Abortion Act brought into law have remained almost..."" [unscored] | 2023-11-14 PQ: Surrogacy ""To ask the Secretary of State for Health and Social Care, what assessment he has made of the implications for his policies of the report by the Law Commission entitled Building Families Through Surrogacy: A New Law, published on 29 March 2023; and whether"" [unscored] | 2023-07-03 PQ: Parental Pay: Self-employed (re: surrogacy) ""To ask the Secretary of State for Work and Pensions, if he will make it his policy to extend adoption pay to self-employed people who have a child via surrogacy."" [unscored]"
"Anna McMorrin (Labour, Cardiff North)",,,1,,,,"2020-01-30 PQ: Surrogacy ""To ask the Secretary of State for Health and Social Care, if he will publish the Government's response to the Law Commission's consultation entitled Building families through surrogacy: a new law, which closed on 11 October 2019."" [0: Neutral request to publish government response on surrogacy consultation] | 2020-01-30 PQ: Surrogacy ""To ask the Secretary of State for Health and Social Care, whether the Government plans to bring forward legislative proposals on surrogacy before the planned report on the issue by the Law Commission in 2021; and if he will make a statement."" [0: Neutral procedural question on surrogacy legislative timing]"
"Charlotte Nichols (Labour, Warrington North)",,,1,,,,"2025-12-22 PQ: IVF: Surrogacy ""IVF: Surrogacy"" [unscored] | 2021-10-18 PQ: Reproduction: LGBT+ People (re: Law Commission) [unscored]"
"Chris Elmore (Labour, Bridgend)",,,1,,,,"2024-04-26 DEBATE: Spoke:  Paternity Leave (Bereavement) Bill (re: surrogacy) ""Secondly, the Bill was amended to enable regulations to be made concerning the eligibility of adoptive and surrogacy parents for this entitlement. Once made, the regulations will allow the surviving parents of adopted children and of children born through..."" [unscored] | 2024-03-20 DEBATE: Spoke: Shared Parental Leave and Pay (Bereavement) Bill (re: surrogacy) ""Secondly, the entitlement establishes that the surviving partner of a parent who has opted to take adoption leave is in the scope of the entitlement. That allows the surviving parents of adopted children and of children born through surrogacy arrangements to..."" [0: Bereavement leave bill unrelated to surrogacy despite tag]"
"Fabian Hamilton (Labour, Leeds North East)",,,1,,,,"2025-09-08 PQ: Surrogacy ""To ask the Secretary of State for Health and Social Care, whether his Department has made an assessment of the (a) ethical, (b) legal, and (c) safeguarding implications of UK residents entering commercial surrogacy arrangements overseas; and whether the G"" [unscored] | 2025-01-31 PQ: Surrogacy ""Surrogacy"" [unscored]"
"Frank McNally (Labour, Coatbridge and Bellshill)",,,1,,,,"2025-06-12 PQ: Surrogacy ""Surrogacy"" [unscored] | 2024-10-18 PQ: Surrogacy ""To ask the Secretary of State for Health and Social Care, whether he plans to respond to the report by the Law Commission of England and Wales and the Scottish Law Commission entitled Building families through surrogacy: a new law, published on 28 March 2"" [unscored]"
"Harriet Cross (Conservative, Gordon and Buchan)",,,1,,,,"2025-03-10 PQ: Surrogacy: Regulation ""To ask the Secretary of State for Health and Social Care, what discussions his Department has had with the Human Fertilisation and Embryology Authority on the proposal for it to be designated as the regulator for surrogacy, as recommended in the Law Commi"" [unscored] | 2025-03-10 PQ: Surrogacy ""To ask the Secretary of State for Health and Social Care, when the Government plans to publish its full response to the Law Commission’s report Building Families Through Surrogacy: A New Law, published in March 2023, following its interim response on 8 No"" [unscored]"
"Justin Madders (Labour, Ellesmere Port and Bromborough)",,,1,,,,"2025-02-11 DEBATE: Spoke: Terms and Conditions of Employment (re: surrogacy) ""To ensure that as many parents as possible are eligible, the definition of “parent” in the regulations encompasses adoptive parents, foster-to-adopt parents and intended parents in surrogacy arrangements. Those who meet this definition will also be required..."" [0: Discusses neonatal care employment regulations, not related to surrogacy policy] | 2024-04-26 DEBATE: Spoke:  Paternity Leave (Bereavement) Bill (re: surrogacy) ""As we know, at present the only right to statutory bereavement leave is for parents who have lost children up to the age of 18. Leave is a day one right, but the entitlement to pay is conditional on their having been in employment and earning a certain amount..."" [0: Concerns paternity leave for bereaved partner, not surrogacy substance]"
"Kate Osborne (Labour, Jarrow and Gateshead East)",,,1,,,,"2023-12-14 PQ: Genetics: Screening (re: Human Fertilisation and Embryology) [unscored] | 2023-10-24 DEBATE: Spoke: IVF Provision ""Ministers have failed to keep their promise to ban so-called conversion therapy in full, allowing the barbaric practice to continue. As for IVF for same-sex couples, we are still waiting for the Government to keep their promise to remove the discriminatory..."" [unscored]"
"Liz Saville Roberts (Plaid Cymru, Dwyfor Meirionnydd)",,,1,,,,"2022-07-13 PQ: Mothers: Self-employed (re: surrogacy) ""To ask the Minister for Women and Equalities, if she will take steps with Cabinet colleagues to improve support for self-employed mothers who have children through surrogacy arrangements."" [unscored] | 2021-09-08 PQ: Self-employed: Mothers (re: surrogacy) ""To ask the Secretary of State for Work and Pensions, what estimate she has made of the number of self-employed mothers who have had a child through a surrogacy arrangement who have not been eligible for either (a) Statutory Adoption Pay or (b) Maternity A"" [unscored]"
"Rosie Duffield (Independent, Canterbury)",,,1,,,,"2025-10-14 EDM-SIGNED: Signed EDM: UN Special Rapporteur Report on Violence Against Women and Girls in the context of surrogacy [unscored] | 2025-03-27 PQ: Surrogacy ""To ask the Secretary of State for Health and Social Care, if he will meet representatives of women and children's rights groups to discuss proposals announced by the Law Commission on 29 March 2023 in relation to surrogacy."" [unscored]"
"Sarah Coombes (Labour, West Bromwich)",,,1,,,,2024-12-31 PQ: IVF: LGBT+ People [unscored] | 2024-12-31 PQ: IVF [unscored]
"Bill Esterson (Labour, Sefton Central)",,,1,,,,"2020-06-02 PQ: British Nationals Abroad: Coronavirus (re: surrogacy) ""To ask the Secretary of State for Foreign and Commonwealth Affairs, what assessment he has made of the ability of UK citizens to travel abroad during the covid-19 outbreak in order to register the birth of surrogate babies and accompany them to the UK."" [0: Neutral covid travel query, not addressing surrogacy policy directly]"
"Blair McDougall (Labour, East Renfrewshire)",,,1,,,,"2024-10-28 PQ: Italy: Surrogacy ""Italy: Surrogacy"" [unscored]"
"Blake Stephenson (Conservative, Mid Bedfordshire)",,,1,,,,"2025-12-11 PQ: Department of Health and Social Care: Visas (re: Human Fertilisation and Embryology) ""To ask the Secretary of State for Health and Social Care, how many visas a) his Department, b) the Medicines and Healthcare Regulatory Agency, c) the UK Health Security Agency, d) the Care Quality Commission, e) the Human Fertilisation and Embryology Auth"" [unscored]"
"Caroline Nokes (Conservative, Romsey and Southampton North)",,,1,,,,"2021-02-11 DEBATE: Spoke:  Ministerial and other Maternity Allowances Bill (re: surrogacy) ""Although I regret that the legislation is coming only now, at least it is coming now. But does it go far enough? It is painfully evident that it does not. Where is adoption leave, and what about provision for shared parental leave? Can my right hon. Friend..."" [0: Debate concerns ministerial maternity leave, not commercial surrogacy issue]"
"Dan Tomlinson (Labour, Chipping Barnet)",,,1,,,,"2024-12-23 PQ: Visas: Colombia (re: surrogacy) ""To ask the Secretary of State for the Home Department, whether she has made an assessment of the potential impact of the new visa requirements for Colombian citizens on UK citizens who are intending to return to the UK with children born through surrogacy"" [unscored]"
"Edward Argar (Conservative, Melton and Syston)",,,1,,,,"2023-03-01 DEBATE: Spoke:  Work of the Law Commission ""However, thanks to the new arrangements that my right hon. and learned Friend put in place, the work on it current and 13th programme, launched in 2017, can continue at pace, including on projects such as smart contracts, electronic signatures, automated..."" [0: General thanks to Law Commission, no substantive stance on listed areas]"
"Emma Hardy (Labour, Kingston upon Hull West and Haltemprice)",,,1,,,,2020-09-23 PQ: IVF [unscored]
"Gregory Stafford (Conservative, Farnham and Bordon)",,,1,,,,"2025-03-07 PQ: Surrogacy: Regulation ""To ask the Secretary of State for Health and Social Care, whether he has considered making the Human Fertilisation and Embryology Authority a surrogacy regulator."" [unscored]"
"Jess Asato (Labour, Lowestoft)",,,1,,,,2025-10-14 EDM-SIGNED: Signed EDM: UN Special Rapporteur Report on Violence Against Women and Girls in the context of surrogacy [unscored]
"Josh Newbury (Labour, Cannock Chase)",,,1,,,,"2025-05-19 DEBATE: Spoke: Gender Self-identification ""Let us begin by delivering on banning conversion practices in all their vile forms, equalising the punishment of all forms of hate crime, reviewing adult gender identity services and ensuring that all trans people receive appropriate and high-quality care,..."" [unscored]"
"Julia Lopez (Conservative, Hornchurch and Upminster)",,,1,,,,"2025-03-07 PQ: Surrogacy: Regulation ""Surrogacy: Regulation"" [unscored]"
"Kate Dearden (Labour (Co-op), Halifax)",,,1,,,,"2026-02-09 DEBATE: Spoke: Draft Bereaved Partner’s Paternity Leave Regulations 2026  Draft Employment

 Rights Act 1996 (Application of Section 80B to Adoptions from Overseas) (Amendment)  Regulations 2026  Draft Empl ""The Paternity Leave (Bereavement) Act 2024 established a new statutory entitlement to bereaved partner’s paternity leave of up to 52 weeks for employed fathers and partners if the mother or primary adopter dies in the first year of a child’s life or adoption...."" [unscored]"
"Lewis Atkinson (Labour, Sunderland Central)",,,1,,,,"2025-03-25 DEBATE: Spoke: Terminally Ill Adults (End of Life) Bill (Twenty-ninth sitting) ""Terminally Ill Adults (End of Life) Bill (Twenty-ninth sitting)"" [0: Procedural discussion of surrogacy advertising offence, no clear stance on assisted dying or surrogacy]"
"Lilian Greenwood (Labour, Nottingham South)",,,1,,,,"2023-11-09 DEBATE: Spoke:  Business of the House (re: surrogacy) ""I would welcome the Leader of the House’s advice on how to expedite a response from the Foreign, Commonwealth and Development Office for my constituents who are desperate to return home from Kyiv with their newborn son, who was born in September in Ukraine..."" [unscored]"
"Patricia Ferguson (Labour, Glasgow West)",,,1,,,,2025-10-14 EDM-SIGNED: Signed EDM: UN Special Rapporteur Report on Violence Against Women and Girls in the context of surrogacy [unscored]
"Priti Patel (Conservative, Witham)",,,1,,,,"2022-03-10 DEBATE: Spoke:  Refugees from Ukraine ""The hon. Gentleman is absolutely right to raise the issue of surrogacy cases—a number of those cases have been raised with me. We are absolutely looking to make changes to this: there are various requirements we need to make in the UK with those particular..."" [0: Notes surrogacy cases needing policy review, no clear stance on commercial surrogacy]"
"Rachael Maskell (Labour (Co-op), York Central)",,,1,,,,2025-10-14 EDM-SIGNED: Signed EDM: UN Special Rapporteur Report on Violence Against Women and Girls in the context of surrogacy [unscored]
"Rebecca Paul (Conservative, Reigate)",,,1,,,,"2025-10-22 PQ: Crimes of Violence: Women (re: surrogacy) ""To ask the Secretary of State for Health and Social Care, what assessment he has made of the potential implications for his policies of the recommendations on surrogacy in the report by the UN Special Rapporteur for Violence Against Women and Girls entitl"" [unscored]"
"Richard Foord (Liberal Democrat, Honiton and Sidmouth)",,,1,,,,"2024-04-18 DEBATE: Spoke: Access to Redress Schemes (re: surrogacy) ""“I lost my career as an IT consultant, it made me infertile so I have been unable to have a family, and we had we had to stop IVF and surrogacy attempts because I became too ill to be a parent. I’ve had brain, body, psychological and emotional impacts from..."" [0: Discusses bank loan redress case, unrelated to surrogacy despite tagged area]"
"Sam Carling (Labour, North West Cambridgeshire)",,,1,,,,"2026-05-20 DEBATE: Spoke: Defence Readiness (re: Islamis) ""To name just a few regulators, we have the Medicines and Healthcare products Regulatory Agency looking at safety and efficacy; the National Institute for Health and Care Excellence examining cost-effectiveness; the Health and Safety Executive examining..."" [unscored]"
"Stephen Kinnock (Labour, Aberafan Maesteg)",,,1,,,,"2023-12-01 PQ: Surrogacy ""To ask the Secretary of State for Health and Social Care, what plans she has to implement the recommendations of the Law Commission's report Building families through surrogacy: a new law, HC1236, on (a) establishing a new pathway for surrogacy in which i"" [unscored]"
"Taiwo Owatemi (Labour, Coventry North West)",,,1,,,,"2022-12-08 PQ: Fertility: HIV/AIDS (re: Human Fertilisation and Embryology) ""To ask the Secretary of State for Health and Social Care, what assessment his Department of the potential merits of making changes to the Human Fertilisation and Embryology Act to allow greater access to fertility treatment for people with HIV."" [unscored]"
"Tulip Siddiq (Labour, Hampstead and Highgate)",,,1,,,,"2023-05-09 PQ: Surrogacy ""Surrogacy"" [unscored]"
"Wendy Chamberlain (Liberal Democrat, North East Fife)",,,1,,,,"2026-04-23 DEBATE: Spoke:  Business of the House (re: surrogacy) ""First, I am grateful to the Leader of the House for bringing my previous concerns about the management of visa cases in the Home Office to the Department’s attention. However, at the moment I have a very acute issue with immediate support needs. A constituent..."" [0: Purely a constituent casework request about surrogacy travel, no policy stance]"
"Abtisam Mohamed (Labour, Sheffield Central)",,,1,,,,No recorded activity on this area (ledger from 2026-02-03)
"Adam Dance (Liberal Democrat, Yeovil)",,,1,,,,No recorded activity on this area (ledger from 2026-02-03)
"Adam Jogee (Labour, Newcastle-under-Lyme)",,,1,,,,No recorded activity on this area (ledger from 2026-02-03)
"Adam Thompson (Labour, Erewash)",,,1,,,,No recorded activity on this area (ledger from 2026-02-03)
"Adrian Ramsay (Green Party, Waveney Valley)",,,1,,,,No recorded activity on this area (ledger from 2026-02-03)
"Afzal Khan (Labour, Manchester Rusholme)",,,1,,,,No recorded activity on this area (ledger from 2026-02-03)
"Al Carns (Labour, Birmingham Selly Oak)",,,1,,,,No recorded activity on this area (ledger from 2026-02-03)
"Alan Gemmell (Labour, Central Ayrshire)",,,1,,,,No recorded activity on this area (ledger from 2026-02-03)
"Alan Mak (Conservative, Havant)",,,1,,,,No recorded activity on this area (ledger from 2026-02-03)
"Alan Strickland (Labour, Newton Aycliffe and Spennymoor)",,,1,,,,No recorded activity on this area (ledger from 2026-02-03)
"Alberto Costa (Conservative, South Leicestershire)",,,1,,,,No recorded activity on this area (ledger from 2026-02-03)
"Alex Baker (Labour, Aldershot)",,,1,,,,No recorded activity on this area (ledger from 2026-02-03)
"Alex Ballinger (Labour, Halesowen)",,,1,,,,No recorded activity on this area (ledger from 2026-02-03)
"Alex Brewer (Liberal Democrat, North East Hampshire)",,,1,,,,No recorded activity on this area (ledger from 2026-02-03)
"Alex Burghart (Conservative, Brentwood and Ongar)",,,1,,,,No recorded activity on this area (ledger from 2026-02-03)
"Alex Davies-Jones (Labour, Pontypridd)",,,1,,,,No recorded activity on this area (ledger from 2026-02-03)
"Alex Easton (Independent, North Down)",,,1,,,,No recorded activity on this area (ledger from 2026-02-03)
"Alex Mayer (Labour, Dunstable and Leighton Buzzard)",,,1,,,,No recorded activity on this area (ledger from 2026-02-03)
"Alex McIntyre (Labour, Gloucester)",,,1,,,,No recorded activity on this area (ledger from 2026-02-03)
"Alex Norris (Labour (Co-op), Nottingham North and Kimberley)",,,1,,,,No recorded activity on this area (ledger from 2026-02-03)
"Alex Sobel (Labour (Co-op), Leeds Central and Headingley)",,,1,,,,No recorded activity on this area (ledger from 2026-02-03)
"Alice Macdonald (Labour (Co-op), Norwich North)",,,1,,,,No recorded activity on this area (ledger from 2026-02-03)
"Alicia Kearns (Conservative, Rutland and Stamford)",,,1,,,,No recorded activity on this area (ledger from 2026-02-03)
"Alison Bennett (Liberal Democrat, Mid Sussex)",,,1,,,,No recorded activity on this area (ledger from 2026-02-03)
"Alison Griffiths (Conservative, Bognor Regis and Littlehampton)",,,1,,,,No recorded activity on this area (ledger from 2026-02-03)
"Alison Hume (Labour, Scarborough and Whitby)",,,1,,,,No recorded activity on this area (ledger from 2026-02-03)
"Alison McGovern (Labour, Birkenhead)",,,1,,,,No recorded activity on this area (ledger from 2026-02-03)
"Alison Taylor (Labour, Paisley and Renfrewshire North)",,,1,,,,No recorded activity on this area (ledger from 2026-02-03)
"Alistair Strathern (Labour, Hitchin)",,,1,,,,No recorded activity on this area (ledger from 2026-02-03)
"Amanda Hack (Labour, North West Leicestershire)",,,1,,,,No recorded activity on this area (ledger from 2026-02-03)
"Amanda Martin (Labour, Portsmouth North)",,,1,,,,No recorded activity on this area (ledger from 2026-02-03)
"Andrew Bowie (Conservative, West Aberdeenshire and Kincardine)",,,1,,,,No recorded activity on this area (ledger from 2026-02-03)
"Andrew Cooper (Labour, Mid Cheshire)",,,1,,,,No recorded activity on this area (ledger from 2026-02-03)
"Andrew George (Liberal Democrat, St Ives)",,,1,,,,No recorded activity on this area (ledger from 2026-02-03)
"Andrew Griffith (Conservative, Arundel and South Downs)",,,1,,,,No recorded activity on this area (ledger from 2026-02-03)
"Andrew Lewin (Labour, Welwyn Hatfield)",,,1,,,,No recorded activity on this area (ledger from 2026-02-03)
"Andrew Pakes (Labour (Co-op), Peterborough)",,,1,,,,No recorded activity on this area (ledger from 2026-02-03)
"Andrew Ranger (Labour, Wrexham)",,,1,,,,No recorded activity on this area (ledger from 2026-02-03)
"Andrew Rosindell (Reform UK, Romford)",,,1,,,,No recorded activity on this area (ledger from 2026-02-03)
"Andrew Western (Labour, Stretford and Urmston)",,,1,,,,No recorded activity on this area (ledger from 2026-02-03)
"Andy Burnham (Labour (Co-op), Makerfield)",,,1,,,,No recorded activity on this area (ledger from 2026-02-03)
"Andy MacNae (Labour, Rossendale and Darwen)",,,1,,,,No recorded activity on this area (ledger from 2026-02-03)
"Andy McDonald (Labour, Middlesbrough and Thornaby East)",,,1,,,,No recorded activity on this area (ledger from 2026-02-03)
"Andy Slaughter (Labour, Hammersmith and Chiswick)",,,1,,,,No recorded activity on this area (ledger from 2026-02-03)
"Angela Rayner (Labour, Ashton-under-Lyne)",,,1,,,,No recorded activity on this area (ledger from 2026-02-03)
"Ann Davies (Plaid Cymru, Caerfyrddin)",,,1,,,,No recorded activity on this area (ledger from 2026-02-03)
"Anna Dixon (Labour, Shipley)",,,1,,,,No recorded activity on this area (ledger from 2026-02-03)
"Anna Gelderd (Labour, South East Cornwall)",,,1,,,,No recorded activity on this area (ledger from 2026-02-03)
"Anna Sabine (Liberal Democrat, Frome and East Somerset)",,,1,,,,No recorded activity on this area (ledger from 2026-02-03)
"Anna Turley (Labour (Co-op), Redcar)",,,1,,,,No recorded activity on this area (ledger from 2026-02-03)
"Anneliese Midgley (Labour, Knowsley)",,,1,,,,No recorded activity on this area (ledger from 2026-02-03)
"Antonia Bance (Labour, Tipton and Wednesbury)",,,1,,,,No recorded activity on this area (ledger from 2026-02-03)
"Aphra Brandreth (Conservative, Chester South and Eddisbury)",,,1,,,,No recorded activity on this area (ledger from 2026-02-03)
"Apsana Begum (Labour, Poplar and Limehouse)",,,1,,,,No recorded activity on this area (ledger from 2026-02-03)
"Ashley Dalton (Labour, West Lancashire)",,,1,,,,No recorded activity on this area (ledger from 2026-02-03)
"Ayoub Khan (Independent, Birmingham Perry Barr)",,,1,,,,No recorded activity on this area (ledger from 2026-02-03)
"Baggy Shanker (Labour (Co-op), Derby South)",,,1,,,,No recorded activity on this area (ledger from 2026-02-03)
"Bambos Charalambous (Labour, Southgate and Wood Green)",,,1,,,,No recorded activity on this area (ledger from 2026-02-03)
"Barry Gardiner (Labour, Brent West)",,,1,,,,No recorded activity on this area (ledger from 2026-02-03)
"Becky Gittins (Labour, Clwyd East)",,,1,,,,No recorded activity on this area (ledger from 2026-02-03)
"Bell Ribeiro-Addy (Labour, Clapham and Brixton Hill)",,,1,,,,No recorded activity on this area (ledger from 2026-02-03)
"Ben Coleman (Labour, Chelsea and Fulham)",,,1,,,,No recorded activity on this area (ledger from 2026-02-03)
"Ben Goldsborough (Labour, South Norfolk)",,,1,,,,No recorded activity on this area (ledger from 2026-02-03)
"Ben Lake (Plaid Cymru, Ceredigion Preseli)",,,1,,,,No recorded activity on this area (ledger from 2026-02-03)
"Ben Maguire (Liberal Democrat, North Cornwall)",,,1,,,,No recorded activity on this area (ledger from 2026-02-03)
"Ben Obese-Jecty (Conservative, Huntingdon)",,,1,,,,No recorded activity on this area (ledger from 2026-02-03)
"Bob Blackman (Conservative, Harrow East)",,,1,,,,No recorded activity on this area (ledger from 2026-02-03)
"Bobby Dean (Liberal Democrat, Carshalton and Wallington)",,,1,,,,No recorded activity on this area (ledger from 2026-02-03)
"Bradley Thomas (Conservative, Bromsgrove)",,,1,,,,No recorded activity on this area (ledger from 2026-02-03)
"Brendan O'Hara (Scottish National Party, Argyll, Bute and South Lochaber)",,,1,,,,No recorded activity on this area (ledger from 2026-02-03)
"Brian Leishman (Labour, Alloa and Grangemouth)",,,1,,,,No recorded activity on this area (ledger from 2026-02-03)
"Brian Mathew (Liberal Democrat, Melksham and Devizes)",,,1,,,,No recorded activity on this area (ledger from 2026-02-03)
"Bridget Phillipson (Labour, Houghton and Sunderland South)",,,1,,,,No recorded activity on this area (ledger from 2026-02-03)
"Callum Anderson (Labour, Buckingham and Bletchley)",,,1,,,,No recorded activity on this area (ledger from 2026-02-03)
"Calum Miller (Liberal Democrat, Bicester and Woodstock)",,,1,,,,No recorded activity on this area (ledger from 2026-02-03)
"Cameron Thomas (Independent, Tewkesbury)",,,1,,,,No recorded activity on this area (ledger from 2026-02-03)
"Carla Denyer (Green Party, Bristol Central)",,,1,,,,No recorded activity on this area (ledger from 2026-02-03)
"Caroline Voaden (Liberal Democrat, South Devon)",,,1,,,,No recorded activity on this area (ledger from 2026-02-03)
"Carolyn Harris (Labour, Neath and Swansea East)",,,1,,,,No recorded activity on this area (ledger from 2026-02-03)
"Cat Eccles (Labour, Stourbridge)",,,1,,,,No recorded activity on this area (ledger from 2026-02-03)
"Cat Smith (Labour, Lancaster and Wyre)",,,1,,,,No recorded activity on this area (ledger from 2026-02-03)
"Catherine Atkinson (Labour, Derby North)",,,1,,,,No recorded activity on this area (ledger from 2026-02-03)
"Catherine Fookes (Labour, Monmouthshire)",,,1,,,,No recorded activity on this area (ledger from 2026-02-03)
"Catherine McKinnell (Labour, Newcastle upon Tyne North)",,,1,,,,No recorded activity on this area (ledger from 2026-02-03)
"Charlie Dewhirst (Conservative, Bridlington and The Wolds)",,,1,,,,No recorded activity on this area (ledger from 2026-02-03)
"Charlie Maynard (Liberal Democrat, Witney)",,,1,,,,No recorded activity on this area (ledger from 2026-02-03)
"Charlotte Cane (Liberal Democrat, Ely and East Cambridgeshire)",,,1,,,,No recorded activity on this area (ledger from 2026-02-03)
"Chris Bloore (Labour, Redditch)",,,1,,,,No recorded activity on this area (ledger from 2026-02-03)
"Chris Bryant (Labour, Rhondda and Ogmore)",,,1,,,,No recorded activity on this area (ledger from 2026-02-03)
"Chris Coghlan (Liberal Democrat, Dorking and Horley)",,,1,,,,No recorded activity on this area (ledger from 2026-02-03)
"Chris Curtis (Labour, Milton Keynes North)",,,1,,,,No recorded activity on this area (ledger from 2026-02-03)
"Chris Evans (Labour (Co-op), Caerphilly)",,,1,,,,No recorded activity on this area (ledger from 2026-02-03)
"Chris Hazzard (Sinn Féin, South Down)",,,1,,,,No recorded activity on this area (ledger from 2026-02-03)
"Chris Hinchliff (Labour, North East Hertfordshire)",,,1,,,,No recorded activity on this area (ledger from 2026-02-03)
"Chris Kane (Labour, Stirling and Strathallan)",,,1,,,,No recorded activity on this area (ledger from 2026-02-03)
"Chris Law (Scottish National Party, Dundee Central)",,,1,,,,No recorded activity on this area (ledger from 2026-02-03)
"Chris McDonald (Labour, Stockton North)",,,1,,,,No recorded activity on this area (ledger from 2026-02-03)
"Chris Murray (Labour, Edinburgh East and Musselburgh)",,,1,,,,No recorded activity on this area (ledger from 2026-02-03)
"Chris Philp (Conservative, Croydon South)",,,1,,,,No recorded activity on this area (ledger from 2026-02-03)
"Chris Vince (Labour (Co-op), Harlow)",,,1,,,,No recorded activity on this area (ledger from 2026-02-03)
"Chris Ward (Labour, Brighton Kemptown and Peacehaven)",,,1,,,,No recorded activity on this area (ledger from 2026-02-03)
"Chris Webb (Labour, Blackpool South)",,,1,,,,No recorded activity on this area (ledger from 2026-02-03)
"Christian Wakeford (Labour, Bury South)",,,1,,,,No recorded activity on this area (ledger from 2026-02-03)
"Christine Jardine (Liberal Democrat, Edinburgh West)",,,1,,,,No recorded activity on this area (ledger from 2026-02-03)
"Claire Coutinho (Conservative, East Surrey)",,,1,,,,No recorded activity on this area (ledger from 2026-02-03)
"Claire Hanna (Social Democratic & Labour Party, Belfast South and Mid Down)",,,1,,,,No recorded activity on this area (ledger from 2026-02-03)
"Claire Hughes (Labour, Bangor Aberconwy)",,,1,,,,No recorded activity on this area (ledger from 2026-02-03)
"Claire Young (Liberal Democrat, Thornbury and Yate)",,,1,,,,No recorded activity on this area (ledger from 2026-02-03)
"Clive Efford (Labour, Eltham and Chislehurst)",,,1,,,,No recorded activity on this area (ledger from 2026-02-03)
"Clive Jones (Liberal Democrat, Wokingham)",,,1,,,,No recorded activity on this area (ledger from 2026-02-03)
"Clive Lewis (Labour, Norwich South)",,,1,,,,No recorded activity on this area (ledger from 2026-02-03)
"Colum Eastwood (Social Democratic & Labour Party, Foyle)",,,1,,,,No recorded activity on this area (ledger from 2026-02-03)
"Connor Naismith (Labour, Crewe and Nantwich)",,,1,,,,No recorded activity on this area (ledger from 2026-02-03)
"Dame Angela Eagle (Labour, Wallasey)",,,1,,,,No recorded activity on this area (ledger from 2026-02-03)
"Dame Chi Onwurah (Labour, Newcastle upon Tyne Central and West)",,,1,,,,No recorded activity on this area (ledger from 2026-02-03)
"Dame Diana Johnson (Labour, Kingston upon Hull North and Cottingham)",,,1,,,,No recorded activity on this area (ledger from 2026-02-03)
"Dame Karen Bradley (Conservative, Staffordshire Moorlands)",,,1,,,,No recorded activity on this area (ledger from 2026-02-03)
"Dame Meg Hillier (Labour (Co-op), Hackney South and Shoreditch)",,,1,,,,No recorded activity on this area (ledger from 2026-02-03)
"Dame Siobhain McDonagh (Labour, Mitcham and Morden)",,,1,,,,No recorded activity on this area (ledger from 2026-02-03)
"Damian Hinds (Conservative, East Hampshire)",,,1,,,,No recorded activity on this area (ledger from 2026-02-03)
"Damien Egan (Labour, Bristol North East)",,,1,,,,No recorded activity on this area (ledger from 2026-02-03)
"Dan Aldridge (Labour, Weston-super-Mare)",,,1,,,,No recorded activity on this area (ledger from 2026-02-03)
"Dan Carden (Labour, Liverpool Walton)",,,1,,,,No recorded activity on this area (ledger from 2026-02-03)
"Dan Jarvis (Labour, Barnsley North)",,,1,,,,No recorded activity on this area (ledger from 2026-02-03)
"Dan Norris (Independent, North East Somerset and Hanham)",,,1,,,,No recorded activity on this area (ledger from 2026-02-03)
"Daniel Francis (Labour, Bexleyheath and Crayford)",,,1,,,,No recorded activity on this area (ledger from 2026-02-03)
"Daniel Zeichner (Labour, Cambridge)",,,1,,,,No recorded activity on this area (ledger from 2026-02-03)
"Danny Beales (Labour, Uxbridge and South Ruislip)",,,1,,,,No recorded activity on this area (ledger from 2026-02-03)
"Darren Jones (Labour, Bristol North West)",,,1,,,,No recorded activity on this area (ledger from 2026-02-03)
"Darren Paffey (Labour, Southampton Itchen)",,,1,,,,No recorded activity on this area (ledger from 2026-02-03)
"Dave Doogan (Scottish National Party, Angus and Perthshire Glens)",,,1,,,,No recorded activity on this area (ledger from 2026-02-03)
"Dave Robertson (Labour, Lichfield)",,,1,,,,No recorded activity on this area (ledger from 2026-02-03)
"David Baines (Labour, St Helens North)",,,1,,,,No recorded activity on this area (ledger from 2026-02-03)
"David Burton-Sampson (Labour, Southend West and Leigh)",,,1,,,,No recorded activity on this area (ledger from 2026-02-03)
"David Chadwick (Liberal Democrat, Brecon, Radnor and Cwm Tawe)",,,1,,,,No recorded activity on this area (ledger from 2026-02-03)
"David Davis (Conservative, Goole and Pocklington)",,,1,,,,No recorded activity on this area (ledger from 2026-02-03)
"David Mundell (Conservative, Dumfriesshire, Clydesdale and Tweeddale)",,,1,,,,No recorded activity on this area (ledger from 2026-02-03)
"David Pinto-Duschinsky (Labour, Hendon)",,,1,,,,No recorded activity on this area (ledger from 2026-02-03)
"David Reed (Conservative, Exmouth and Exeter East)",,,1,,,,No recorded activity on this area (ledger from 2026-02-03)
"David Simmonds (Conservative, Ruislip, Northwood and Pinner)",,,1,,,,No recorded activity on this area (ledger from 2026-02-03)
"David Smith (Labour, North Northumberland)",,,1,,,,No recorded activity on this area (ledger from 2026-02-03)
"David Taylor (Labour, Hemel Hempstead)",,,1,,,,No recorded activity on this area (ledger from 2026-02-03)
"David Williams (Labour, Stoke-on-Trent North)",,,1,,,,No recorded activity on this area (ledger from 2026-02-03)
"Dawn Butler (Labour, Brent East)",,,1,,,,No recorded activity on this area (ledger from 2026-02-03)
"Debbie Abrahams (Labour, Oldham East and Saddleworth)",,,1,,,,No recorded activity on this area (ledger from 2026-02-03)
"Deirdre Costigan (Labour, Ealing Southall)",,,1,,,,No recorded activity on this area (ledger from 2026-02-03)
"Derek Twigg (Labour, Widnes and Halewood)",,,1,,,,No recorded activity on this area (ledger from 2026-02-03)
"Douglas Lumsden (Conservative, Aberdeen South)",,,1,,,,No recorded activity on this area (ledger from 2026-02-03)
"Douglas McAllister (Labour, West Dunbartonshire)",,,1,,,,No recorded activity on this area (ledger from 2026-02-03)
"Dr Al Pinkerton (Liberal Democrat, Surrey Heath)",,,1,,,,No recorded activity on this area (ledger from 2026-02-03)
"Dr Allison Gardner (Labour, Stoke-on-Trent South)",,,1,,,,No recorded activity on this area (ledger from 2026-02-03)
"Dr Andrew Murrison (Conservative, South West Wiltshire)",,,1,,,,No recorded activity on this area (ledger from 2026-02-03)
"Dr Beccy Cooper (Labour, Worthing West)",,,1,,,,No recorded activity on this area (ledger from 2026-02-03)
"Dr Ben Spencer (Conservative, Runnymede and Weybridge)",,,1,,,,No recorded activity on this area (ledger from 2026-02-03)
"Dr Caroline Johnson (Conservative, Sleaford and North Hykeham)",,,1,,,,No recorded activity on this area (ledger from 2026-02-03)
"Dr Danny Chambers (Liberal Democrat, Winchester)",,,1,,,,No recorded activity on this area (ledger from 2026-02-03)
"Dr Ellie Chowns (Green Party, North Herefordshire)",,,1,,,,No recorded activity on this area (ledger from 2026-02-03)
"Dr Jeevun Sandher (Labour, Loughborough)",,,1,,,,No recorded activity on this area (ledger from 2026-02-03)
"Dr Kieran Mullan (Conservative, Bexhill and Battle)",,,1,,,,No recorded activity on this area (ledger from 2026-02-03)
"Dr Lauren Sullivan (Labour, Gravesham)",,,1,,,,No recorded activity on this area (ledger from 2026-02-03)
"Dr Luke Evans (Conservative, Hinckley and Bosworth)",,,1,,,,No recorded activity on this area (ledger from 2026-02-03)
"Dr Marie Tidball (Labour, Penistone and Stocksbridge)",,,1,,,,No recorded activity on this area (ledger from 2026-02-03)
"Dr Neil Hudson (Conservative, Epping Forest)",,,1,,,,No recorded activity on this area (ledger from 2026-02-03)
"Dr Neil Shastri-Hurst (Conservative, Solihull West and Shirley)",,,1,,,,No recorded activity on this area (ledger from 2026-02-03)
"Dr Peter Prinsley (Labour, Bury St Edmunds and Stowmarket)",,,1,,,,No recorded activity on this area (ledger from 2026-02-03)
"Dr Rosena Allin-Khan (Labour, Tooting)",,,1,,,,No recorded activity on this area (ledger from 2026-02-03)
"Dr Roz Savage (Liberal Democrat, South Cotswolds)",,,1,,,,No recorded activity on this area (ledger from 2026-02-03)
"Dr Rupa Huq (Labour, Ealing Central and Acton)",,,1,,,,No recorded activity on this area (ledger from 2026-02-03)
"Dr Scott Arthur (Labour, Edinburgh South West)",,,1,,,,No recorded activity on this area (ledger from 2026-02-03)
"Dr Simon Opher (Labour, Stroud)",,,1,,,,No recorded activity on this area (ledger from 2026-02-03)
"Dr Zubir Ahmed (Labour, Glasgow South West)",,,1,,,,No recorded activity on this area (ledger from 2026-02-03)
"Dáire Hughes (Sinn Féin, Newry and Armagh)",,,1,,,,No recorded activity on this area (ledger from 2026-02-03)
"Ed Davey (Liberal Democrat, Kingston and Surbiton)",,,1,,,,No recorded activity on this area (ledger from 2026-02-03)
"Ed Miliband (Labour, Doncaster North)",,,1,,,,No recorded activity on this area (ledger from 2026-02-03)
"Edward Morello (Liberal Democrat, West Dorset)",,,1,,,,No recorded activity on this area (ledger from 2026-02-03)
"Elaine Stewart (Labour, Ayr, Carrick and Cumnock)",,,1,,,,No recorded activity on this area (ledger from 2026-02-03)
"Ellie Reeves (Labour, Lewisham West and East Dulwich)",,,1,,,,No recorded activity on this area (ledger from 2026-02-03)
"Emily Darlington (Labour, Milton Keynes Central)",,,1,,,,No recorded activity on this area (ledger from 2026-02-03)
"Emily Thornberry (Labour, Islington South and Finsbury)",,,1,,,,No recorded activity on this area (ledger from 2026-02-03)
"Emma Foody (Labour (Co-op), Cramlington and Killingworth)",,,1,,,,No recorded activity on this area (ledger from 2026-02-03)
"Emma Lewell (Labour, South Shields)",,,1,,,,No recorded activity on this area (ledger from 2026-02-03)
"Emma Reynolds (Labour, Wycombe)",,,1,,,,No recorded activity on this area (ledger from 2026-02-03)
"Esther McVey (Conservative, Tatton)",,,1,,,,No recorded activity on this area (ledger from 2026-02-03)
"Euan Stainbank (Labour, Falkirk)",,,1,,,,No recorded activity on this area (ledger from 2026-02-03)
"Feryal Clark (Labour, Enfield North)",,,1,,,,No recorded activity on this area (ledger from 2026-02-03)
"Fleur Anderson (Labour, Putney)",,,1,,,,No recorded activity on this area (ledger from 2026-02-03)
"Florence Eshalomi (Labour (Co-op), Vauxhall and Camberwell Green)",,,1,,,,No recorded activity on this area (ledger from 2026-02-03)
"Fred Thomas (Labour, Plymouth Moor View)",,,1,,,,No recorded activity on this area (ledger from 2026-02-03)
"Freddie van Mierlo (Liberal Democrat, Henley and Thame)",,,1,,,,No recorded activity on this area (ledger from 2026-02-03)
"Gareth Bacon (Conservative, Orpington)",,,1,,,,No recorded activity on this area (ledger from 2026-02-03)
"Gareth Davies (Conservative, Grantham and Bourne)",,,1,,,,No recorded activity on this area (ledger from 2026-02-03)
"Gareth Snell (Labour (Co-op), Stoke-on-Trent Central)",,,1,,,,No recorded activity on this area (ledger from 2026-02-03)
"Gareth Thomas (Labour (Co-op), Harrow West)",,,1,,,,No recorded activity on this area (ledger from 2026-02-03)
"Gavin Robinson (Democratic Unionist Party, Belfast East)",,,1,,,,No recorded activity on this area (ledger from 2026-02-03)
"Gen Kitchen (Labour, Wellingborough and Rushden)",,,1,,,,No recorded activity on this area (ledger from 2026-02-03)
"George Freeman (Conservative, Mid Norfolk)",,,1,,,,No recorded activity on this area (ledger from 2026-02-03)
"Georgia Gould (Labour, Queen's Park and Maida Vale)",,,1,,,,No recorded activity on this area (ledger from 2026-02-03)
"Gerald Jones (Labour, Merthyr Tydfil and Aberdare)",,,1,,,,No recorded activity on this area (ledger from 2026-02-03)
"Gideon Amos (Liberal Democrat, Taunton and Wellington)",,,1,,,,No recorded activity on this area (ledger from 2026-02-03)
"Gill Furniss (Labour, Sheffield Brightside and Hillsborough)",,,1,,,,No recorded activity on this area (ledger from 2026-02-03)
"Gill German (Labour, Clwyd North)",,,1,,,,No recorded activity on this area (ledger from 2026-02-03)
"Gordon McKee (Labour, Glasgow South)",,,1,,,,No recorded activity on this area (ledger from 2026-02-03)
"Graeme Downie (Labour, Dunfermline and Dollar)",,,1,,,,No recorded activity on this area (ledger from 2026-02-03)
"Graham Leadbitter (Scottish National Party, Moray West, Nairn and Strathspey)",,,1,,,,No recorded activity on this area (ledger from 2026-02-03)
"Graham Stringer (Labour, Blackley and Middleton South)",,,1,,,,No recorded activity on this area (ledger from 2026-02-03)
"Graham Stuart (Conservative, Beverley and Holderness)",,,1,,,,No recorded activity on this area (ledger from 2026-02-03)
"Grahame Morris (Labour, Easington)",,,1,,,,No recorded activity on this area (ledger from 2026-02-03)
"Greg Smith (Conservative, Mid Buckinghamshire)",,,1,,,,No recorded activity on this area (ledger from 2026-02-03)
"Gregor Poynton (Labour, Livingston)",,,1,,,,No recorded activity on this area (ledger from 2026-02-03)
"Gurinder Singh Josan (Labour, Smethwick)",,,1,,,,No recorded activity on this area (ledger from 2026-02-03)
"Hannah Spencer (Green Party, Gorton and Denton)",,,1,,,,No recorded activity on this area (ledger from 2026-02-03)
"Harpreet Uppal (Labour, Huddersfield)",,,1,,,,No recorded activity on this area (ledger from 2026-02-03)
"Heidi Alexander (Labour, Swindon South)",,,1,,,,No recorded activity on this area (ledger from 2026-02-03)
"Helen Grant (Conservative, Maidstone and Malling)",,,1,,,,No recorded activity on this area (ledger from 2026-02-03)
"Helen Hayes (Labour, Dulwich and West Norwood)",,,1,,,,No recorded activity on this area (ledger from 2026-02-03)
"Helen Maguire (Liberal Democrat, Epsom and Ewell)",,,1,,,,No recorded activity on this area (ledger from 2026-02-03)
"Helen Morgan (Liberal Democrat, North Shropshire)",,,1,,,,No recorded activity on this area (ledger from 2026-02-03)
"Helen Whately (Conservative, Faversham and Mid Kent)",,,1,,,,No recorded activity on this area (ledger from 2026-02-03)
"Helena Dollimore (Labour (Co-op), Hastings and Rye)",,,1,,,,No recorded activity on this area (ledger from 2026-02-03)
"Henry Tufnell (Labour, Mid and South Pembrokeshire)",,,1,,,,No recorded activity on this area (ledger from 2026-02-03)
"Hilary Benn (Labour, Leeds South)",,,1,,,,No recorded activity on this area (ledger from 2026-02-03)
"Ian Byrne (Labour, Liverpool West Derby)",,,1,,,,No recorded activity on this area (ledger from 2026-02-03)
"Ian Lavery (Labour, Blyth and Ashington)",,,1,,,,No recorded activity on this area (ledger from 2026-02-03)
"Ian Murray (Labour, Edinburgh South)",,,1,,,,No recorded activity on this area (ledger from 2026-02-03)
"Ian Roome (Liberal Democrat, North Devon)",,,1,,,,No recorded activity on this area (ledger from 2026-02-03)
"Ian Sollom (Liberal Democrat, St Neots and Mid Cambridgeshire)",,,1,,,,No recorded activity on this area (ledger from 2026-02-03)
"Imogen Walker (Labour, Hamilton and Clyde Valley)",,,1,,,,No recorded activity on this area (ledger from 2026-02-03)
"Imran Hussain (Labour, Bradford East)",,,1,,,,No recorded activity on this area (ledger from 2026-02-03)
"Iqbal Mohamed (Independent, Dewsbury and Batley)",,,1,,,,No recorded activity on this area (ledger from 2026-02-03)
"Irene Campbell (Labour, North Ayrshire and Arran)",,,1,,,,No recorded activity on this area (ledger from 2026-02-03)
"Jack Abbott (Labour (Co-op), Ipswich)",,,1,,,,No recorded activity on this area (ledger from 2026-02-03)
"Jack Rankin (Conservative, Windsor)",,,1,,,,No recorded activity on this area (ledger from 2026-02-03)
"Jacob Collier (Labour, Burton and Uttoxeter)",,,1,,,,No recorded activity on this area (ledger from 2026-02-03)
"Jade Botterill (Labour, Ossett and Denby Dale)",,,1,,,,No recorded activity on this area (ledger from 2026-02-03)
"Jake Richards (Labour, Rother Valley)",,,1,,,,No recorded activity on this area (ledger from 2026-02-03)
"James Asser (Labour, West Ham and Beckton)",,,1,,,,No recorded activity on this area (ledger from 2026-02-03)
"James Cartlidge (Conservative, South Suffolk)",,,1,,,,No recorded activity on this area (ledger from 2026-02-03)
"James MacCleary (Liberal Democrat, Lewes)",,,1,,,,No recorded activity on this area (ledger from 2026-02-03)
"James McMurdock (Independent, South Basildon and East Thurrock)",,,1,,,,No recorded activity on this area (ledger from 2026-02-03)
"James Murray (Labour (Co-op), Ealing North)",,,1,,,,No recorded activity on this area (ledger from 2026-02-03)
"James Naish (Labour, Rushcliffe)",,,1,,,,No recorded activity on this area (ledger from 2026-02-03)
"James Wild (Conservative, North West Norfolk)",,,1,,,,No recorded activity on this area (ledger from 2026-02-03)
"Jamie Stone (Liberal Democrat, Caithness, Sutherland and Easter Ross)",,,1,,,,No recorded activity on this area (ledger from 2026-02-03)
"Janet Daby (Labour, Lewisham East)",,,1,,,,No recorded activity on this area (ledger from 2026-02-03)
"Jas Athwal (Labour, Ilford South)",,,1,,,,No recorded activity on this area (ledger from 2026-02-03)
"Jayne Kirkham (Labour (Co-op), Truro and Falmouth)",,,1,,,,No recorded activity on this area (ledger from 2026-02-03)
"Jeff Smith (Labour, Manchester Withington)",,,1,,,,No recorded activity on this area (ledger from 2026-02-03)
"Jen Craft (Labour, Thurrock)",,,1,,,,No recorded activity on this area (ledger from 2026-02-03)
"Jenny Riddell-Carpenter (Labour, Suffolk Coastal)",,,1,,,,No recorded activity on this area (ledger from 2026-02-03)
"Jeremy Corbyn (Your Party, Islington North)",,,1,,,,No recorded activity on this area (ledger from 2026-02-03)
"Jerome Mayhew (Conservative, Broadland and Fakenham)",,,1,,,,No recorded activity on this area (ledger from 2026-02-03)
"Jess Phillips (Labour, Birmingham Yardley)",,,1,,,,No recorded activity on this area (ledger from 2026-02-03)
"Jesse Norman (Conservative, Hereford and South Herefordshire)",,,1,,,,No recorded activity on this area (ledger from 2026-02-03)
"Jessica Morden (Labour, Newport East)",,,1,,,,No recorded activity on this area (ledger from 2026-02-03)
"Jessica Toale (Labour, Bournemouth West)",,,1,,,,No recorded activity on this area (ledger from 2026-02-03)
"Jim Allister (Traditional Unionist Voice, North Antrim)",,,1,,,,No recorded activity on this area (ledger from 2026-02-03)
"Jim Dickson (Labour, Dartford)",,,1,,,,No recorded activity on this area (ledger from 2026-02-03)
"Jim McMahon (Labour (Co-op), Oldham West, Chadderton and Royton)",,,1,,,,No recorded activity on this area (ledger from 2026-02-03)
"Jo Platt (Labour (Co-op), Leigh and Atherton)",,,1,,,,No recorded activity on this area (ledger from 2026-02-03)
"Jo Stevens (Labour, Cardiff East)",,,1,,,,No recorded activity on this area (ledger from 2026-02-03)
"Jo White (Labour, Bassetlaw)",,,1,,,,No recorded activity on this area (ledger from 2026-02-03)
"Joani Reid (Labour, East Kilbride and Strathaven)",,,1,,,,No recorded activity on this area (ledger from 2026-02-03)
"Jodie Gosling (Labour, Nuneaton)",,,1,,,,No recorded activity on this area (ledger from 2026-02-03)
"Joe Morris (Labour, Hexham)",,,1,,,,No recorded activity on this area (ledger from 2026-02-03)
"Joe Powell (Labour, Kensington and Bayswater)",,,1,,,,No recorded activity on this area (ledger from 2026-02-03)
"Joe Robertson (Conservative, Isle of Wight East)",,,1,,,,No recorded activity on this area (ledger from 2026-02-03)
"Johanna Baxter (Labour, Paisley and Renfrewshire South)",,,1,,,,No recorded activity on this area (ledger from 2026-02-03)
"John Cooper (Conservative, Dumfries and Galloway)",,,1,,,,No recorded activity on this area (ledger from 2026-02-03)
"John Finucane (Sinn Féin, Belfast North)",,,1,,,,No recorded activity on this area (ledger from 2026-02-03)
"John Glen (Conservative, Salisbury)",,,1,,,,No recorded activity on this area (ledger from 2026-02-03)
"John Grady (Labour, Glasgow East)",,,1,,,,No recorded activity on this area (ledger from 2026-02-03)
"John Healey (Labour, Rawmarsh and Conisbrough)",,,1,,,,No recorded activity on this area (ledger from 2026-02-03)
"John Lamont (Conservative, Berwickshire, Roxburgh and Selkirk)",,,1,,,,No recorded activity on this area (ledger from 2026-02-03)
"John McDonnell (Labour, Hayes and Harlington)",,,1,,,,No recorded activity on this area (ledger from 2026-02-03)
"John Milne (Liberal Democrat, Horsham)",,,1,,,,No recorded activity on this area (ledger from 2026-02-03)
"John Slinger (Labour, Rugby)",,,1,,,,No recorded activity on this area (ledger from 2026-02-03)
"John Whitby (Labour, Derbyshire Dales)",,,1,,,,No recorded activity on this area (ledger from 2026-02-03)
"Jon Pearce (Labour, High Peak)",,,1,,,,No recorded activity on this area (ledger from 2026-02-03)
"Jon Trickett (Labour, Normanton and Hemsworth)",,,1,,,,No recorded activity on this area (ledger from 2026-02-03)
"Jonathan Davies (Labour, Mid Derbyshire)",,,1,,,,No recorded activity on this area (ledger from 2026-02-03)
"Jonathan Hinder (Labour, Pendle and Clitheroe)",,,1,,,,No recorded activity on this area (ledger from 2026-02-03)
"Jonathan Reynolds (Labour (Co-op), Stalybridge and Hyde)",,,1,,,,No recorded activity on this area (ledger from 2026-02-03)
"Josh Babarinde (Liberal Democrat, Eastbourne)",,,1,,,,No recorded activity on this area (ledger from 2026-02-03)
"Josh Dean (Labour, Hertford and Stortford)",,,1,,,,No recorded activity on this area (ledger from 2026-02-03)
"Josh Fenton-Glynn (Labour, Calder Valley)",,,1,,,,No recorded activity on this area (ledger from 2026-02-03)
"Josh MacAlister (Labour, Whitehaven and Workington)",,,1,,,,No recorded activity on this area (ledger from 2026-02-03)
"Joy Morrissey (Conservative, Beaconsfield)",,,1,,,,No recorded activity on this area (ledger from 2026-02-03)
"Judith Cummins (Labour, Bradford South)",,,1,,,,No recorded activity on this area (ledger from 2026-02-03)
"Julia Buckley (Labour, Shrewsbury)",,,1,,,,No recorded activity on this area (ledger from 2026-02-03)
"Juliet Campbell (Labour, Broxtowe)",,,1,,,,No recorded activity on this area (ledger from 2026-02-03)
"Kanishka Narayan (Labour, Vale of Glamorgan)",,,1,,,,No recorded activity on this area (ledger from 2026-02-03)
"Karin Smyth (Labour, Bristol South)",,,1,,,,No recorded activity on this area (ledger from 2026-02-03)
"Karl Turner (Independent, Kingston upon Hull East)",,,1,,,,No recorded activity on this area (ledger from 2026-02-03)
"Kate Osamor (Labour (Co-op), Edmonton and Winchmore Hill)",,,1,,,,No recorded activity on this area (ledger from 2026-02-03)
"Katie Lam (Conservative, Weald of Kent)",,,1,,,,No recorded activity on this area (ledger from 2026-02-03)
"Katie White (Labour, Leeds North West)",,,1,,,,No recorded activity on this area (ledger from 2026-02-03)
"Katrina Murray (Labour, Cumbernauld and Kirkintilloch)",,,1,,,,No recorded activity on this area (ledger from 2026-02-03)
"Keir Mather (Labour, Selby)",,,1,,,,No recorded activity on this area (ledger from 2026-02-03)
"Kenneth Stevenson (Labour, Airdrie and Shotts)",,,1,,,,No recorded activity on this area (ledger from 2026-02-03)
"Kerry McCarthy (Labour, Bristol East)",,,1,,,,No recorded activity on this area (ledger from 2026-02-03)
"Kevin Bonavia (Labour, Stevenage)",,,1,,,,No recorded activity on this area (ledger from 2026-02-03)
"Kevin McKenna (Labour, Sittingbourne and Sheppey)",,,1,,,,No recorded activity on this area (ledger from 2026-02-03)
"Kim Johnson (Labour, Liverpool Riverside)",,,1,,,,No recorded activity on this area (ledger from 2026-02-03)
"Kirith Entwistle (Labour, Bolton North East)",,,1,,,,No recorded activity on this area (ledger from 2026-02-03)
"Kirsteen Sullivan (Labour (Co-op), Bathgate and Linlithgow)",,,1,,,,No recorded activity on this area (ledger from 2026-02-03)
"Kirsty Blackman (Scottish National Party, Aberdeen North)",,,1,,,,No recorded activity on this area (ledger from 2026-02-03)
"Kirsty McNeill (Labour (Co-op), Midlothian)",,,1,,,,No recorded activity on this area (ledger from 2026-02-03)
"Kit Malthouse (Conservative, North West Hampshire)",,,1,,,,No recorded activity on this area (ledger from 2026-02-03)
"Lara Bird (Scottish National Party, Arbroath and Broughty Ferry)",,,1,,,,No recorded activity on this area (ledger from 2026-02-03)
"Laura Kyrke-Smith (Labour, Aylesbury)",,,1,,,,No recorded activity on this area (ledger from 2026-02-03)
"Laura Trott (Conservative, Sevenoaks)",,,1,,,,No recorded activity on this area (ledger from 2026-02-03)
"Lauren Edwards (Labour, Rochester and Strood)",,,1,,,,No recorded activity on this area (ledger from 2026-02-03)
"Laurence Turner (Labour, Birmingham Northfield)",,,1,,,,No recorded activity on this area (ledger from 2026-02-03)
"Layla Moran (Liberal Democrat, Oxford West and Abingdon)",,,1,,,,No recorded activity on this area (ledger from 2026-02-03)
"Lee Anderson (Reform UK, Ashfield)",,,1,,,,No recorded activity on this area (ledger from 2026-02-03)
"Lee Barron (Labour, Corby and East Northamptonshire)",,,1,,,,No recorded activity on this area (ledger from 2026-02-03)
"Lee Pitcher (Labour, Doncaster East and the Isle of Axholme)",,,1,,,,No recorded activity on this area (ledger from 2026-02-03)
"Leigh Ingham (Labour, Stafford)",,,1,,,,No recorded activity on this area (ledger from 2026-02-03)
"Lewis Cocking (Conservative, Broxbourne)",,,1,,,,No recorded activity on this area (ledger from 2026-02-03)
"Liam Byrne (Labour, Birmingham Hodge Hill and Solihull North)",,,1,,,,No recorded activity on this area (ledger from 2026-02-03)
"Liam Conlon (Labour, Beckenham and Penge)",,,1,,,,No recorded activity on this area (ledger from 2026-02-03)
"Lillian Jones (Labour, Kilmarnock and Loudoun)",,,1,,,,No recorded activity on this area (ledger from 2026-02-03)
"Lincoln Jopp (Conservative, Spelthorne)",,,1,,,,No recorded activity on this area (ledger from 2026-02-03)
"Linsey Farnsworth (Labour, Amber Valley)",,,1,,,,No recorded activity on this area (ledger from 2026-02-03)
"Lisa Nandy (Labour, Wigan)",,,1,,,,No recorded activity on this area (ledger from 2026-02-03)
"Lisa Smart (Liberal Democrat, Hazel Grove)",,,1,,,,No recorded activity on this area (ledger from 2026-02-03)
"Liz Jarvis (Liberal Democrat, Eastleigh)",,,1,,,,No recorded activity on this area (ledger from 2026-02-03)
"Liz Kendall (Labour, Leicester West)",,,1,,,,No recorded activity on this area (ledger from 2026-02-03)
"Liz Twist (Labour, Blaydon and Consett)",,,1,,,,No recorded activity on this area (ledger from 2026-02-03)
"Lizzi Collinge (Labour, Morecambe and Lunesdale)",,,1,,,,No recorded activity on this area (ledger from 2026-02-03)
"Llinos Medi (Plaid Cymru, Ynys Môn)",,,1,,,,No recorded activity on this area (ledger from 2026-02-03)
"Lloyd Hatton (Labour, South Dorset)",,,1,,,,No recorded activity on this area (ledger from 2026-02-03)
"Lola McEvoy (Labour, Darlington)",,,1,,,,No recorded activity on this area (ledger from 2026-02-03)
"Lorraine Beavers (Labour, Blackpool North and Fleetwood)",,,1,,,,No recorded activity on this area (ledger from 2026-02-03)
"Louise Haigh (Labour, Sheffield Heeley)",,,1,,,,No recorded activity on this area (ledger from 2026-02-03)
"Louise Sandher-Jones (Labour, North East Derbyshire)",,,1,,,,No recorded activity on this area (ledger from 2026-02-03)
"Lucy Powell (Labour (Co-op), Manchester Central)",,,1,,,,No recorded activity on this area (ledger from 2026-02-03)
"Lucy Rigby (Labour, Northampton North)",,,1,,,,No recorded activity on this area (ledger from 2026-02-03)
"Luke Akehurst (Labour, North Durham)",,,1,,,,No recorded activity on this area (ledger from 2026-02-03)
"Luke Murphy (Labour, Basingstoke)",,,1,,,,No recorded activity on this area (ledger from 2026-02-03)
"Luke Myer (Labour, Middlesbrough South and East Cleveland)",,,1,,,,No recorded activity on this area (ledger from 2026-02-03)
"Luke Pollard (Labour (Co-op), Plymouth Sutton and Devonport)",,,1,,,,No recorded activity on this area (ledger from 2026-02-03)
"Luke Taylor (Liberal Democrat, Sutton and Cheam)",,,1,,,,No recorded activity on this area (ledger from 2026-02-03)
"Manuela Perteghella (Liberal Democrat, Stratford-on-Avon)",,,1,,,,No recorded activity on this area (ledger from 2026-02-03)
"Margaret Mullane (Labour, Dagenham and Rainham)",,,1,,,,No recorded activity on this area (ledger from 2026-02-03)
"Maria Eagle (Labour, Liverpool Garston)",,,1,,,,No recorded activity on this area (ledger from 2026-02-03)
"Marie Goldman (Liberal Democrat, Chelmsford)",,,1,,,,No recorded activity on this area (ledger from 2026-02-03)
"Mark Ferguson (Labour, Gateshead Central and Whickham)",,,1,,,,No recorded activity on this area (ledger from 2026-02-03)
"Mark Garnier (Conservative, Wyre Forest)",,,1,,,,No recorded activity on this area (ledger from 2026-02-03)
"Mark Pritchard (Conservative, The Wrekin)",,,1,,,,No recorded activity on this area (ledger from 2026-02-03)
"Mark Sewards (Labour, Leeds South West and Morley)",,,1,,,,No recorded activity on this area (ledger from 2026-02-03)
"Markus Campbell-Savours (Labour, Penrith and Solway)",,,1,,,,No recorded activity on this area (ledger from 2026-02-03)
"Marsha De Cordova (Labour, Battersea)",,,1,,,,No recorded activity on this area (ledger from 2026-02-03)
"Martin McCluskey (Labour, Inverclyde and Renfrewshire West)",,,1,,,,No recorded activity on this area (ledger from 2026-02-03)
"Martin Rhodes (Labour, Glasgow North)",,,1,,,,No recorded activity on this area (ledger from 2026-02-03)
"Martin Vickers (Conservative, Brigg and Immingham)",,,1,,,,No recorded activity on this area (ledger from 2026-02-03)
"Martin Wrigley (Liberal Democrat, Newton Abbot)",,,1,,,,No recorded activity on this area (ledger from 2026-02-03)
"Mary Creagh (Labour, Coventry East)",,,1,,,,No recorded activity on this area (ledger from 2026-02-03)
"Mary Glindon (Labour, Newcastle upon Tyne East and Wallsend)",,,1,,,,No recorded activity on this area (ledger from 2026-02-03)
"Mary Kelly Foy (Labour, City of Durham)",,,1,,,,No recorded activity on this area (ledger from 2026-02-03)
"Matt Bishop (Labour, Forest of Dean)",,,1,,,,No recorded activity on this area (ledger from 2026-02-03)
"Matt Rodda (Labour, Reading Central)",,,1,,,,No recorded activity on this area (ledger from 2026-02-03)
"Matt Turmaine (Labour, Watford)",,,1,,,,No recorded activity on this area (ledger from 2026-02-03)
"Matt Vickers (Conservative, Stockton West)",,,1,,,,No recorded activity on this area (ledger from 2026-02-03)
"Matt Western (Labour, Warwick and Leamington)",,,1,,,,No recorded activity on this area (ledger from 2026-02-03)
"Matthew Patrick (Labour, Wirral West)",,,1,,,,No recorded activity on this area (ledger from 2026-02-03)
"Matthew Pennycook (Labour, Greenwich and Woolwich)",,,1,,,,No recorded activity on this area (ledger from 2026-02-03)
"Maureen Burke (Labour, Glasgow North East)",,,1,,,,No recorded activity on this area (ledger from 2026-02-03)
"Max Wilkinson (Liberal Democrat, Cheltenham)",,,1,,,,No recorded activity on this area (ledger from 2026-02-03)
"Maya Ellis (Labour, Ribble Valley)",,,1,,,,No recorded activity on this area (ledger from 2026-02-03)
"Melanie Onn (Labour, Great Grimsby and Cleethorpes)",,,1,,,,No recorded activity on this area (ledger from 2026-02-03)
"Melanie Ward (Labour, Cowdenbeath and Kirkcaldy)",,,1,,,,No recorded activity on this area (ledger from 2026-02-03)
"Miatta Fahnbulleh (Labour (Co-op), Peckham)",,,1,,,,No recorded activity on this area (ledger from 2026-02-03)
"Michael Payne (Labour, Gedling)",,,1,,,,No recorded activity on this area (ledger from 2026-02-03)
"Michael Shanks (Labour, Rutherglen)",,,1,,,,No recorded activity on this area (ledger from 2026-02-03)
"Michael Wheeler (Labour, Worsley and Eccles)",,,1,,,,No recorded activity on this area (ledger from 2026-02-03)
"Michelle Scrogham (Labour, Barrow and Furness)",,,1,,,,No recorded activity on this area (ledger from 2026-02-03)
"Michelle Welsh (Labour, Sherwood Forest)",,,1,,,,No recorded activity on this area (ledger from 2026-02-03)
"Mike Kane (Labour, Wythenshawe and Sale East)",,,1,,,,No recorded activity on this area (ledger from 2026-02-03)
"Mike Martin (Liberal Democrat, Tunbridge Wells)",,,1,,,,No recorded activity on this area (ledger from 2026-02-03)
"Mike Reader (Labour, Northampton South)",,,1,,,,No recorded activity on this area (ledger from 2026-02-03)
"Mike Tapp (Labour, Dover and Deal)",,,1,,,,No recorded activity on this area (ledger from 2026-02-03)
"Mike Wood (Conservative, Kingswinford and South Staffordshire)",,,1,,,,No recorded activity on this area (ledger from 2026-02-03)
"Mohammad Yasin (Labour, Bedford)",,,1,,,,No recorded activity on this area (ledger from 2026-02-03)
"Monica Harding (Liberal Democrat, Esher and Walton)",,,1,,,,No recorded activity on this area (ledger from 2026-02-03)
"Mr Adnan Hussain (Independent, Blackburn)",,,1,,,,No recorded activity on this area (ledger from 2026-02-03)
"Mr Alex Barros-Curtis (Labour, Cardiff West)",,,1,,,,No recorded activity on this area (ledger from 2026-02-03)
"Mr Alistair Carmichael (Liberal Democrat, Orkney and Shetland)",,,1,,,,No recorded activity on this area (ledger from 2026-02-03)
"Mr Angus MacDonald (Liberal Democrat, Inverness, Skye and West Ross-shire)",,,1,,,,No recorded activity on this area (ledger from 2026-02-03)
"Mr Bayo Alaba (Labour, Southend East and Rochford)",,,1,,,,No recorded activity on this area (ledger from 2026-02-03)
"Mr Calvin Bailey (Labour, Leyton and Wanstead)",,,1,,,,No recorded activity on this area (ledger from 2026-02-03)
"Mr Cathal Mallaghan (Sinn Féin, Mid Ulster)",,,1,,,,No recorded activity on this area (ledger from 2026-02-03)
"Mr Clive Betts (Labour, Sheffield South East)",,,1,,,,No recorded activity on this area (ledger from 2026-02-03)
"Mr Connor Rand (Labour, Altrincham and Sale West)",,,1,,,,No recorded activity on this area (ledger from 2026-02-03)
"Mr David Lammy (Labour, Tottenham)",,,1,,,,No recorded activity on this area (ledger from 2026-02-03)
"Mr Douglas Alexander (Labour (Co-op), Lothian East)",,,1,,,,No recorded activity on this area (ledger from 2026-02-03)
"Mr Gagan Mohindra (Conservative, South West Hertfordshire)",,,1,,,,No recorded activity on this area (ledger from 2026-02-03)
"Mr Gregory Campbell (Democratic Unionist Party, East Londonderry)",,,1,,,,No recorded activity on this area (ledger from 2026-02-03)
"Mr Hamish Falconer (Labour, Lincoln)",,,1,,,,No recorded activity on this area (ledger from 2026-02-03)
"Mr James Frith (Labour, Bury North)",,,1,,,,No recorded activity on this area (ledger from 2026-02-03)
"Mr Jonathan Brash (Labour, Hartlepool)",,,1,,,,No recorded activity on this area (ledger from 2026-02-03)
"Mr Joshua Reynolds (Liberal Democrat, Maidenhead)",,,1,,,,No recorded activity on this area (ledger from 2026-02-03)
"Mr Lee Dillon (Liberal Democrat, Newbury)",,,1,,,,No recorded activity on this area (ledger from 2026-02-03)
"Mr Louie French (Conservative, Old Bexley and Sidcup)",,,1,,,,No recorded activity on this area (ledger from 2026-02-03)
"Mr Luke Charters (Labour, York Outer)",,,1,,,,No recorded activity on this area (ledger from 2026-02-03)
"Mr Mark Francois (Conservative, Rayleigh and Wickford)",,,1,,,,No recorded activity on this area (ledger from 2026-02-03)
"Mr Paul Foster (Labour, South Ribble)",,,1,,,,No recorded activity on this area (ledger from 2026-02-03)
"Mr Paul Kohler (Liberal Democrat, Wimbledon)",,,1,,,,No recorded activity on this area (ledger from 2026-02-03)
"Mr Peter Bedford (Conservative, Mid Leicestershire)",,,1,,,,No recorded activity on this area (ledger from 2026-02-03)
"Mr Richard Holden (Conservative, Basildon and Billericay)",,,1,,,,No recorded activity on this area (ledger from 2026-02-03)
"Mr Tanmanjeet Singh Dhesi (Labour, Slough)",,,1,,,,No recorded activity on this area (ledger from 2026-02-03)
"Mr Toby Perkins (Labour, Chesterfield)",,,1,,,,No recorded activity on this area (ledger from 2026-02-03)
"Mr Will Forster (Liberal Democrat, Woking)",,,1,,,,No recorded activity on this area (ledger from 2026-02-03)
"Mrs Elsie Blundell (Labour, Heywood and Middleton North)",,,1,,,,No recorded activity on this area (ledger from 2026-02-03)
"Mrs Kemi Badenoch (Conservative, North West Essex)",,,1,,,,No recorded activity on this area (ledger from 2026-02-03)
"Ms Abena Oppong-Asare (Labour, Erith and Thamesmead)",,,1,,,,No recorded activity on this area (ledger from 2026-02-03)
"Ms Diane Abbott (Labour, Hackney North and Stoke Newington)",,,1,,,,No recorded activity on this area (ledger from 2026-02-03)
"Ms Julie Minns (Labour, Carlisle)",,,1,,,,No recorded activity on this area (ledger from 2026-02-03)
"Ms Marie Rimmer (Labour, St Helens South and Whiston)",,,1,,,,No recorded activity on this area (ledger from 2026-02-03)
"Ms Nusrat Ghani (Conservative, Sussex Weald)",,,1,,,,No recorded activity on this area (ledger from 2026-02-03)
"Ms Polly Billington (Labour, East Thanet)",,,1,,,,No recorded activity on this area (ledger from 2026-02-03)
"Ms Stella Creasy (Labour (Co-op), Walthamstow)",,,1,,,,No recorded activity on this area (ledger from 2026-02-03)
"Munira Wilson (Liberal Democrat, Twickenham)",,,1,,,,No recorded activity on this area (ledger from 2026-02-03)
"Nadia Whittome (Labour, Nottingham East)",,,1,,,,No recorded activity on this area (ledger from 2026-02-03)
"Natalie Fleet (Labour, Bolsover)",,,1,,,,No recorded activity on this area (ledger from 2026-02-03)
"Natasha Irons (Labour, Croydon East)",,,1,,,,No recorded activity on this area (ledger from 2026-02-03)
"Naushabah Khan (Labour, Gillingham and Rainham)",,,1,,,,No recorded activity on this area (ledger from 2026-02-03)
"Navendu Mishra (Labour, Stockport)",,,1,,,,No recorded activity on this area (ledger from 2026-02-03)
"Naz Shah (Labour, Bradford West)",,,1,,,,No recorded activity on this area (ledger from 2026-02-03)
"Neil Duncan-Jordan (Labour, Poole)",,,1,,,,No recorded activity on this area (ledger from 2026-02-03)
"Neil O'Brien (Conservative, Harborough, Oadby and Wigston)",,,1,,,,No recorded activity on this area (ledger from 2026-02-03)
"Nesil Caliskan (Labour, Barking)",,,1,,,,No recorded activity on this area (ledger from 2026-02-03)
"Nick Smith (Labour, Blaenau Gwent and Rhymney)",,,1,,,,No recorded activity on this area (ledger from 2026-02-03)
"Nick Thomas-Symonds (Labour, Torfaen)",,,1,,,,No recorded activity on this area (ledger from 2026-02-03)
"Nick Timothy (Conservative, West Suffolk)",,,1,,,,No recorded activity on this area (ledger from 2026-02-03)
"Nigel Huddleston (Conservative, Droitwich and Evesham)",,,1,,,,No recorded activity on this area (ledger from 2026-02-03)
"Noah Law (Labour, St Austell and Newquay)",,,1,,,,No recorded activity on this area (ledger from 2026-02-03)
"Oliver Ryan (Labour (Co-op), Burnley)",,,1,,,,No recorded activity on this area (ledger from 2026-02-03)
"Olivia Bailey (Labour, Reading West and Mid Berkshire)",,,1,,,,No recorded activity on this area (ledger from 2026-02-03)
"Olivia Blake (Labour, Sheffield Hallam)",,,1,,,,No recorded activity on this area (ledger from 2026-02-03)
"Olly Glover (Liberal Democrat, Didcot and Wantage)",,,1,,,,No recorded activity on this area (ledger from 2026-02-03)
"Pam Cox (Labour, Colchester)",,,1,,,,No recorded activity on this area (ledger from 2026-02-03)
"Pamela Nash (Labour, Motherwell, Wishaw and Carluke)",,,1,,,,No recorded activity on this area (ledger from 2026-02-03)
"Pat Cullen (Sinn Féin, Fermanagh and South Tyrone)",,,1,,,,No recorded activity on this area (ledger from 2026-02-03)
"Pat McFadden (Labour, Wolverhampton South East)",,,1,,,,No recorded activity on this area (ledger from 2026-02-03)
"Patrick Hurley (Labour, Southport)",,,1,,,,No recorded activity on this area (ledger from 2026-02-03)
"Patrick Spencer (Independent, Central Suffolk and North Ipswich)",,,1,,,,No recorded activity on this area (ledger from 2026-02-03)
"Paul Davies (Labour, Colne Valley)",,,1,,,,No recorded activity on this area (ledger from 2026-02-03)
"Paul Holmes (Conservative, Hamble Valley)",,,1,,,,No recorded activity on this area (ledger from 2026-02-03)
"Paul Maskey (Sinn Féin, Belfast West)",,,1,,,,No recorded activity on this area (ledger from 2026-02-03)
"Paula Barker (Labour, Liverpool Wavertree)",,,1,,,,No recorded activity on this area (ledger from 2026-02-03)
"Paulette Hamilton (Labour, Birmingham Erdington)",,,1,,,,No recorded activity on this area (ledger from 2026-02-03)
"Perran Moon (Labour, Camborne and Redruth)",,,1,,,,No recorded activity on this area (ledger from 2026-02-03)
"Pete Wishart (Scottish National Party, Perth and Kinross-shire)",,,1,,,,No recorded activity on this area (ledger from 2026-02-03)
"Peter Dowd (Labour, Bootle)",,,1,,,,No recorded activity on this area (ledger from 2026-02-03)
"Peter Fortune (Conservative, Bromley and Biggin Hill)",,,1,,,,No recorded activity on this area (ledger from 2026-02-03)
"Peter Kyle (Labour, Hove and Portslade)",,,1,,,,No recorded activity on this area (ledger from 2026-02-03)
"Peter Lamb (Labour, Crawley)",,,1,,,,No recorded activity on this area (ledger from 2026-02-03)
"Peter Swallow (Labour, Bracknell)",,,1,,,,No recorded activity on this area (ledger from 2026-02-03)
"Phil Brickell (Labour, Bolton West)",,,1,,,,No recorded activity on this area (ledger from 2026-02-03)
"Pippa Heylings (Liberal Democrat, South Cambridgeshire)",,,1,,,,No recorded activity on this area (ledger from 2026-02-03)
"Preet Kaur Gill (Labour (Co-op), Birmingham Edgbaston)",,,1,,,,No recorded activity on this area (ledger from 2026-02-03)
"Rachel Blake (Labour (Co-op), Cities of London and Westminster)",,,1,,,,No recorded activity on this area (ledger from 2026-02-03)
"Rachel Gilmour (Liberal Democrat, Tiverton and Minehead)",,,1,,,,No recorded activity on this area (ledger from 2026-02-03)
"Rachel Hopkins (Labour, Luton South and South Bedfordshire)",,,1,,,,No recorded activity on this area (ledger from 2026-02-03)
"Rachel Reeves (Labour, Leeds West and Pudsey)",,,1,,,,No recorded activity on this area (ledger from 2026-02-03)
"Rachel Taylor (Labour, North Warwickshire and Bedworth)",,,1,,,,No recorded activity on this area (ledger from 2026-02-03)
"Rebecca Harris (Conservative, Castle Point)",,,1,,,,No recorded activity on this area (ledger from 2026-02-03)
"Rebecca Long Bailey (Labour, Salford)",,,1,,,,No recorded activity on this area (ledger from 2026-02-03)
"Rebecca Smith (Conservative, South West Devon)",,,1,,,,No recorded activity on this area (ledger from 2026-02-03)
"Richard Baker (Labour, Glenrothes and Mid Fife)",,,1,,,,No recorded activity on this area (ledger from 2026-02-03)
"Richard Burgon (Labour, Leeds East)",,,1,,,,No recorded activity on this area (ledger from 2026-02-03)
"Richard Fuller (Conservative, North Bedfordshire)",,,1,,,,No recorded activity on this area (ledger from 2026-02-03)
"Richard Quigley (Labour, Isle of Wight West)",,,1,,,,No recorded activity on this area (ledger from 2026-02-03)
"Richard Tice (Reform UK, Boston and Skegness)",,,1,,,,No recorded activity on this area (ledger from 2026-02-03)
"Rishi Sunak (Conservative, Richmond and Northallerton)",,,1,,,,No recorded activity on this area (ledger from 2026-02-03)
"Robbie Moore (Conservative, Keighley and Ilkley)",,,1,,,,No recorded activity on this area (ledger from 2026-02-03)
"Robert Jenrick (Reform UK, Newark)",,,1,,,,No recorded activity on this area (ledger from 2026-02-03)
"Robin Swann (Ulster Unionist Party, South Antrim)",,,1,,,,No recorded activity on this area (ledger from 2026-02-03)
"Rosie Wrighting (Labour, Kettering)",,,1,,,,No recorded activity on this area (ledger from 2026-02-03)
"Rupert Lowe (Restore Britain, Great Yarmouth)",,,1,,,,No recorded activity on this area (ledger from 2026-02-03)
"Rushanara Ali (Labour, Bethnal Green and Stepney)",,,1,,,,No recorded activity on this area (ledger from 2026-02-03)
"Ruth Cadbury (Labour, Brentford and Isleworth)",,,1,,,,No recorded activity on this area (ledger from 2026-02-03)
"Ruth Jones (Labour, Newport West and Islwyn)",,,1,,,,No recorded activity on this area (ledger from 2026-02-03)
"Sadik Al-Hassan (Labour, North Somerset)",,,1,,,,No recorded activity on this area (ledger from 2026-02-03)
"Sally Jameson (Labour (Co-op), Doncaster Central)",,,1,,,,No recorded activity on this area (ledger from 2026-02-03)
"Sam Rushworth (Labour, Bishop Auckland)",,,1,,,,No recorded activity on this area (ledger from 2026-02-03)
"Samantha Dixon (Labour, Chester North and Neston)",,,1,,,,No recorded activity on this area (ledger from 2026-02-03)
"Samantha Niblett (Labour, South Derbyshire)",,,1,,,,No recorded activity on this area (ledger from 2026-02-03)
"Sammy Wilson (Democratic Unionist Party, East Antrim)",,,1,,,,No recorded activity on this area (ledger from 2026-02-03)
"Saqib Bhatti (Conservative, Meriden and Solihull East)",,,1,,,,No recorded activity on this area (ledger from 2026-02-03)
"Sarah Bool (Conservative, South Northamptonshire)",,,1,,,,No recorded activity on this area (ledger from 2026-02-03)
"Sarah Champion (Labour, Rotherham)",,,1,,,,No recorded activity on this area (ledger from 2026-02-03)
"Sarah Dyke (Liberal Democrat, Glastonbury and Somerton)",,,1,,,,No recorded activity on this area (ledger from 2026-02-03)
"Sarah Edwards (Labour, Tamworth)",,,1,,,,No recorded activity on this area (ledger from 2026-02-03)
"Sarah Gibson (Liberal Democrat, Chippenham)",,,1,,,,No recorded activity on this area (ledger from 2026-02-03)
"Sarah Green (Liberal Democrat, Chesham and Amersham)",,,1,,,,No recorded activity on this area (ledger from 2026-02-03)
"Sarah Hall (Labour (Co-op), Warrington South)",,,1,,,,No recorded activity on this area (ledger from 2026-02-03)
"Sarah Jones (Labour, Croydon West)",,,1,,,,No recorded activity on this area (ledger from 2026-02-03)
"Sarah Owen (Labour, Luton North)",,,1,,,,No recorded activity on this area (ledger from 2026-02-03)
"Sarah Pochin (Reform UK, Runcorn and Helsby)",,,1,,,,No recorded activity on this area (ledger from 2026-02-03)
"Sarah Russell (Labour, Congleton)",,,1,,,,No recorded activity on this area (ledger from 2026-02-03)
"Sarah Sackman (Labour, Finchley and Golders Green)",,,1,,,,No recorded activity on this area (ledger from 2026-02-03)
"Sarah Smith (Labour, Hyndburn)",,,1,,,,No recorded activity on this area (ledger from 2026-02-03)
"Satvir Kaur (Labour, Southampton Test)",,,1,,,,No recorded activity on this area (ledger from 2026-02-03)
"Seamus Logan (Scottish National Party, Aberdeenshire North and Moray East)",,,1,,,,No recorded activity on this area (ledger from 2026-02-03)
"Sean Woodcock (Labour, Banbury)",,,1,,,,No recorded activity on this area (ledger from 2026-02-03)
"Seema Malhotra (Labour (Co-op), Feltham and Heston)",,,1,,,,No recorded activity on this area (ledger from 2026-02-03)
"Shabana Mahmood (Labour, Birmingham Ladywood)",,,1,,,,No recorded activity on this area (ledger from 2026-02-03)
"Shaun Davies (Labour, Telford)",,,1,,,,No recorded activity on this area (ledger from 2026-02-03)
"Shivani Raja (Conservative, Leicester East)",,,1,,,,No recorded activity on this area (ledger from 2026-02-03)
"Shockat Adam (Independent, Leicester South)",,,1,,,,No recorded activity on this area (ledger from 2026-02-03)
"Simon Hoare (Conservative, North Dorset)",,,1,,,,No recorded activity on this area (ledger from 2026-02-03)
"Simon Lightwood (Labour (Co-op), Wakefield and Rothwell)",,,1,,,,No recorded activity on this area (ledger from 2026-02-03)
"Sir Alan Campbell (Labour, Tynemouth)",,,1,,,,No recorded activity on this area (ledger from 2026-02-03)
"Sir Alec Shelbrooke (Conservative, Wetherby and Easingwold)",,,1,,,,No recorded activity on this area (ledger from 2026-02-03)
"Sir Andrew Mitchell (Conservative, Sutton Coldfield)",,,1,,,,No recorded activity on this area (ledger from 2026-02-03)
"Sir Ashley Fox (Conservative, Bridgwater)",,,1,,,,No recorded activity on this area (ledger from 2026-02-03)
"Sir Bernard Jenkin (Conservative, Harwich and North Essex)",,,1,,,,No recorded activity on this area (ledger from 2026-02-03)
"Sir Christopher Chope (Conservative, Christchurch)",,,1,,,,No recorded activity on this area (ledger from 2026-02-03)
"Sir Desmond Swayne (Conservative, New Forest West)",,,1,,,,No recorded activity on this area (ledger from 2026-02-03)
"Sir Edward Leigh (Conservative, Gainsborough)",,,1,,,,No recorded activity on this area (ledger from 2026-02-03)
"Sir Gavin Williamson (Conservative, Stone, Great Wyrley and Penkridge)",,,1,,,,No recorded activity on this area (ledger from 2026-02-03)
"Sir Geoffrey Clifton-Brown (Conservative, North Cotswolds)",,,1,,,,No recorded activity on this area (ledger from 2026-02-03)
"Sir Geoffrey Cox (Conservative, Torridge and Tavistock)",,,1,,,,No recorded activity on this area (ledger from 2026-02-03)
"Sir Iain Duncan Smith (Conservative, Chingford and Woodford Green)",,,1,,,,No recorded activity on this area (ledger from 2026-02-03)
"Sir James Cleverly (Conservative, Braintree)",,,1,,,,No recorded activity on this area (ledger from 2026-02-03)
"Sir Jeremy Hunt (Conservative, Godalming and Ash)",,,1,,,,No recorded activity on this area (ledger from 2026-02-03)
"Sir Jeremy Wright (Conservative, Kenilworth and Southam)",,,1,,,,No recorded activity on this area (ledger from 2026-02-03)
"Sir John Hayes (Conservative, South Holland and The Deepings)",,,1,,,,No recorded activity on this area (ledger from 2026-02-03)
"Sir John Whittingdale (Conservative, Maldon)",,,1,,,,No recorded activity on this area (ledger from 2026-02-03)
"Sir Julian Lewis (Conservative, New Forest East)",,,1,,,,No recorded activity on this area (ledger from 2026-02-03)
"Sir Julian Smith (Conservative, Skipton and Ripon)",,,1,,,,No recorded activity on this area (ledger from 2026-02-03)
"Sir Keir Starmer (Labour, Holborn and St Pancras)",,,1,,,,No recorded activity on this area (ledger from 2026-02-03)
"Sir Lindsay Hoyle (Speaker, Chorley)",,,1,,,,No recorded activity on this area (ledger from 2026-02-03)
"Sir Mark Hendrick (Labour (Co-op), Preston)",,,1,,,,No recorded activity on this area (ledger from 2026-02-03)
"Sir Mark Tami (Labour, Alyn and Deeside)",,,1,,,,No recorded activity on this area (ledger from 2026-02-03)
"Sir Mel Stride (Conservative, Central Devon)",,,1,,,,No recorded activity on this area (ledger from 2026-02-03)
"Sir Nicholas Dakin (Labour, Scunthorpe)",,,1,,,,No recorded activity on this area (ledger from 2026-02-03)
"Sir Oliver Dowden (Conservative, Hertsmere)",,,1,,,,No recorded activity on this area (ledger from 2026-02-03)
"Sir Roger Gale (Conservative, Herne Bay and Sandwich)",,,1,,,,No recorded activity on this area (ledger from 2026-02-03)
"Sir Stephen Timms (Labour, East Ham)",,,1,,,,No recorded activity on this area (ledger from 2026-02-03)
"Sojan Joseph (Labour, Ashford)",,,1,,,,No recorded activity on this area (ledger from 2026-02-03)
"Sonia Kumar (Labour, Dudley)",,,1,,,,No recorded activity on this area (ledger from 2026-02-03)
"Sorcha Eastwood (Alliance, Lagan Valley)",,,1,,,,No recorded activity on this area (ledger from 2026-02-03)
"Steff Aquarone (Liberal Democrat, North Norfolk)",,,1,,,,No recorded activity on this area (ledger from 2026-02-03)
"Stephanie Peacock (Labour, Barnsley South)",,,1,,,,No recorded activity on this area (ledger from 2026-02-03)
"Stephen Doughty (Labour (Co-op), Cardiff South and Penarth)",,,1,,,,No recorded activity on this area (ledger from 2026-02-03)
"Stephen Morgan (Labour, Portsmouth South)",,,1,,,,No recorded activity on this area (ledger from 2026-02-03)
"Steve Barclay (Conservative, North East Cambridgeshire)",,,1,,,,No recorded activity on this area (ledger from 2026-02-03)
"Steve Darling (Liberal Democrat, Torbay)",,,1,,,,No recorded activity on this area (ledger from 2026-02-03)
"Steve Race (Labour, Exeter)",,,1,,,,No recorded activity on this area (ledger from 2026-02-03)
"Steve Reed (Labour (Co-op), Streatham and Croydon North)",,,1,,,,No recorded activity on this area (ledger from 2026-02-03)
"Steve Witherden (Labour, Montgomeryshire and Glyndŵr)",,,1,,,,No recorded activity on this area (ledger from 2026-02-03)
"Steve Yemm (Labour, Mansfield)",,,1,,,,No recorded activity on this area (ledger from 2026-02-03)
"Stuart Anderson (Conservative, South Shropshire)",,,1,,,,No recorded activity on this area (ledger from 2026-02-03)
"Stuart Andrew (Conservative, Daventry)",,,1,,,,No recorded activity on this area (ledger from 2026-02-03)
"Suella Braverman (Reform UK, Fareham and Waterlooville)",,,1,,,,No recorded activity on this area (ledger from 2026-02-03)
"Sureena Brackenridge (Labour, Wolverhampton North East)",,,1,,,,No recorded activity on this area (ledger from 2026-02-03)
"Susan Murray (Liberal Democrat, Mid Dunbartonshire)",,,1,,,,No recorded activity on this area (ledger from 2026-02-03)
"Tahir Ali (Labour, Birmingham Hall Green and Moseley)",,,1,,,,No recorded activity on this area (ledger from 2026-02-03)
"Terry Jermy (Labour, South West Norfolk)",,,1,,,,No recorded activity on this area (ledger from 2026-02-03)
"Tessa Munt (Liberal Democrat, Wells and Mendip Hills)",,,1,,,,No recorded activity on this area (ledger from 2026-02-03)
"Tim Farron (Liberal Democrat, Westmorland and Lonsdale)",,,1,,,,No recorded activity on this area (ledger from 2026-02-03)
"Tim Roca (Labour, Macclesfield)",,,1,,,,No recorded activity on this area (ledger from 2026-02-03)
"Tom Collins (Labour, Worcester)",,,1,,,,No recorded activity on this area (ledger from 2026-02-03)
"Tom Gordon (Liberal Democrat, Harrogate and Knaresborough)",,,1,,,,No recorded activity on this area (ledger from 2026-02-03)
"Tom Hayes (Labour, Bournemouth East)",,,1,,,,No recorded activity on this area (ledger from 2026-02-03)
"Tom Morrison (Liberal Democrat, Cheadle)",,,1,,,,No recorded activity on this area (ledger from 2026-02-03)
"Tom Rutland (Labour, East Worthing and Shoreham)",,,1,,,,No recorded activity on this area (ledger from 2026-02-03)
"Tom Tugendhat (Conservative, Tonbridge)",,,1,,,,No recorded activity on this area (ledger from 2026-02-03)
"Tonia Antoniazzi (Labour, Gower)",,,1,,,,No recorded activity on this area (ledger from 2026-02-03)
"Tony Vaughan (Labour, Folkestone and Hythe)",,,1,,,,No recorded activity on this area (ledger from 2026-02-03)
"Torcuil Crichton (Labour, Na h-Eileanan an Iar)",,,1,,,,No recorded activity on this area (ledger from 2026-02-03)
"Torsten Bell (Labour, Swansea West)",,,1,,,,No recorded activity on this area (ledger from 2026-02-03)
"Tristan Osborne (Labour, Chatham and Aylesford)",,,1,,,,No recorded activity on this area (ledger from 2026-02-03)
"Uma Kumaran (Labour, Stratford and Bow)",,,1,,,,No recorded activity on this area (ledger from 2026-02-03)
"Valerie Vaz (Labour, Walsall and Bloxwich)",,,1,,,,No recorded activity on this area (ledger from 2026-02-03)
"Vicky Foxcroft (Labour, Lewisham North)",,,1,,,,No recorded activity on this area (ledger from 2026-02-03)
"Victoria Atkins (Conservative, Louth and Horncastle)",,,1,,,,No recorded activity on this area (ledger from 2026-02-03)
"Victoria Collins (Liberal Democrat, Harpenden and Berkhamsted)",,,1,,,,No recorded activity on this area (ledger from 2026-02-03)
"Vikki Slade (Liberal Democrat, Mid Dorset and North Poole)",,,1,,,,No recorded activity on this area (ledger from 2026-02-03)
"Warinder Juss (Labour, Wolverhampton West)",,,1,,,,No recorded activity on this area (ledger from 2026-02-03)
"Wendy Morton (Conservative, Aldridge-Brownhills)",,,1,,,,No recorded activity on this area (ledger from 2026-02-03)
"Wera Hobhouse (Liberal Democrat, Bath)",,,1,,,,No recorded activity on this area (ledger from 2026-02-03)
"Wes Streeting (Labour, Ilford North)",,,1,,,,No recorded activity on this area (ledger from 2026-02-03)
"Will Stone (Labour, Swindon North)",,,1,,,,No recorded activity on this area (ledger from 2026-02-03)
"Yasmin Qureshi (Labour, Bolton South and Walkden)",,,1,,,,No recorded activity on this area (ledger from 2026-02-03)
"Yuan Yang (Labour, Earley and Woodley)",,,1,,,,No recorded activity on this area (ledger from 2026-02-03)
"Yvette Cooper (Labour, Pontefract, Castleford and Knottingley)",,,1,,,,No recorded activity on this area (ledger from 2026-02-03)
"Zarah Sultana (Your Party, Coventry South)",,,1,,,,No recorded activity on this area (ledger from 2026-02-03)
"Zöe Franklin (Liberal Democrat, Guildford)",,,1,,,,No recorded activity on this area (ledger from 2026-02-03)
"Órfhlaith Begley (Sinn Féin, West Tyrone)",,,1,,,,No recorded activity on this area (ledger from 2026-02-03)
"Siân Berry (Green Party, Brighton Pavilion)",,,,1,,,"2026-06-29 PQ: Surrogacy ""Surrogacy"" [-: Seeks confirmation surrogacy remains supported family building, favours commercial surrogacy] | 2026-06-29 PQ: Surrogacy ""To ask the Secretary of State for Health and Social Care, whether his Department intends to put forward the draft new Surrogacy Bill as prepared by the Law Commission of England and Wales and the Scottish Law Commission when legislative time allows, and w"" [0: Neutral inquiry about surrogacy bill timing, no direction shown] | 2026-06-29 PQ: Surrogacy ""To ask the Secretary of State for Health and Social Care, if he will confirm that his Department recognises surrogacy as a legitimate form of family creation; and whether his Department is committed to considering the recommendations of the Law Commission"" [-: Presses government to endorse surrogacy as legitimate, leaning against opposition to commercial surrogacy]"
"Catherine West (Labour, Hornsey and Friern Barnet)",,,,1,,,"2020-01-21 DEBATE: Spoke:  Surrogacy: Government Policy ""I turn briefly to a strong recommendation from constituents of mine who have done a lot of research and had personal experience of surrogacy. There is a danger that any future legislation might be drafted in such a way that it benefits only the children of..."" [-: Endorses Law Commission recommendations creating a formal surrogacy pathway, favouring facilitation]"
"Kim Leadbeater (Labour, Spen Valley)",,,,1,,,"2025-03-25 DEBATE: Spoke: Terminally Ill Adults (End of Life) Bill (Twenty-ninth sitting) ""Terminally Ill Adults (End of Life) Bill (Twenty-ninth sitting)"" [-: Opposes tighter advertising restriction on assisted dying, favouring access to information]"
"Dame Caroline Dinenage (Conservative, Gosport)",,,,,1,,"2025-07-15 DEBATE: Spoke:  Human Fertilisation and Embryology (Regulation) ""For many people, having a child requires a form of fertility treatment; in fact, one in six couples in Britain is affected by infertility problems. More than 52,000 people accessed fertility treatment in 2023—the most recent year for which statistics are..."" [0: Bill regulates online fertility providers generally; no direct surrogacy stance shown] | 2020-01-21 DEBATE: Spoke:  Surrogacy: Government Policy ""Surrogacy: Government Policy"" [0: Minister avoids taking a position, defers to ongoing Law Commission review] | 2020-01-21 DEBATE: Spoke:  Surrogacy: Government Policy ""The UK is one of only a few countries in the world with a legislative framework for surrogacy. It is set out in primary legislation by the Surrogacy Arrangements Act 1985, with some aspects updated by the Human Fertilisation and Embryology Act 2008. Although..."" [--: Praises surrogacy as transformative and valuable for building families, endorsing expansion]"
"Mrs Sharon Hodgson (Labour, Washington and Gateshead South)",,,,,1,,"2020-01-21 DEBATE: Spoke:  Surrogacy: Government Policy ""The legislation needs to make the requirements for surrogacy clear and fair for everyone involved, including, and most importantly, the child. That includes a definition of what constitutes a reasonable expense. Surrogates should not make a profit, but should..."" [--: Calls surrogacy 'valuable and progressive', pushes for reform expanding surrogacy access] | 2020-01-21 DEBATE: Spoke:  Surrogacy: Government Policy ""Surrogacy: Government Policy"" [0: Procedural opening remarks thanking debate sponsor, no substantive surrogacy stance]"
"Anneliese Dodds (Labour (Co-op), Oxford East)",,,,,1,,"2022-06-30 DEBATE: Spoke:  50 Years of Pride in the UK (re: conversion therapy) ""We will strengthen and equalise the law so that LGBT+ hate crimes attract the tougher sentences they deserve; they are not currently treated on a level playing field. We will ban all forms of conversion therapy outright, including trans conversion therapy,..."" [--: Champions LGBT+ strategy, trans healthcare and GRA reform, opposing single-sex space protections]"
