Decision-Maker,++,+,0,-,--,Target (Y/N),Based on,Confidence,Evidence items,Profile,Comments,Designation
Ms Cara Hunter (Social Democratic and Labour Party) - East Londonderry,,,1,,,,no confirmed meaning line,n/a (activity only),12,,"2026-07-01 QUESTION AQW 50166/22-27: ""To ask the Minister of Education to detail whether (i) the proposed Personal Development, "" [activity, not direction] | 2026-07-01 QUESTION AQW 50165/22-27: ""To ask the Minister of Education to detail how he will ensure that the proposed curriculum"" [activity, not direction] | 2026-06-15 QUESTION AQW 48670/22-27: ""To ask the Minister of Education, in light of his Department's finding that there is consi"" [activity, not direction] | 2026-04-29 QUESTION AQW 45107/22-27: ""To ask the Minister of Education, pursuant to AQW 43957/22-27, to detail (i) any metrics a"" [activity, not direction] | 2026-04-24 QUESTION AQW 44752/22-27: ""To ask the Minister of Education To ask the Minister of Education, pursuant to AQW 43957/2"" [activity, not direction] | 2026-04-24 QUESTION AQW 44751/22-27: ""To ask the Minister of Education, pursuant to AQW 43957/22-27, to detail (i) any assessmen"" [activity, not direction] | 2026-04-15 QUESTION AQW 43957/22-27: ""To ask the Minister of Education to detail (i) whether his Department has undertaken an as"" [activity, not direction] | 2025-09-09 QUESTION AQW 30681/22-27: ""To ask the Minister of Education to detail any assessment his Department has made of the i"" [activity, not direction] | 2025-09-03 QUESTION AQW 30217/22-27: ""To ask the Minister of Education what action he will take to fulfil his legal duty under t"" [activity, not direction] | 2025-03-20 QUESTION AQW 24715/22-27: ""To ask the Minister of Education to detail (i) whether his Department has any plans to und"" [activity, not direction] | 2025-03-14 QUESTION AQW 24453/22-27: ""To ask the Minister of Education for an update on the steps taken to measure the demand fo"" [activity, not direction] | 2025-03-13 QUESTION AQW 24374/22-27: ""To ask the Minister of Education for an update on progress made in the last three years on"" [activity, not direction]",
Mr Nick Mathison (Alliance Party) - Strangford,,,1,,,,no confirmed meaning line,n/a (activity only),10,,"2026-06-08 QUESTION AQW 48090/22-27: ""To ask the Minister of Education to detail any (i) assessment that has been made of the le"" [activity, not direction] | 2026-04-15 QUESTION AQW 43923/22-27: ""To ask the Minister of Education to detail any reason departmental Circular 2026/03 does n"" [activity, not direction] | 2026-03-06 QUESTION AQW 41990/22-27: ""To ask the Minister of Education to detail any exceptions which may be considered for scho"" [activity, not direction] | 2026-01-05 QUESTION AQO 2882/22-27: ""To ask the Minister of Education, following the 2024 Northern Ireland Life and Times Surve"" [activity, not direction] | 2025-01-29 QUESTION AQW 21517/22-27: ""To ask the Minister of Education, pursuant to AQW 20412/22-27, whether Bangor Academy and "" [activity, not direction] | 2025-01-29 QUESTION AQW 21516/22-27: ""To ask the Minister of Education, pursuant to AQW 20412/22-27, to detail (i) the six local"" [activity, not direction] | 2025-01-13 QUESTION AQW 20412/22-27: ""To ask the Minister of Education to detail (i) the steps he has taken to assess the level "" [activity, not direction] | 2024-12-11 QUESTION AQW 19720/22-27: ""To ask the Minister of Education when he will publish the revised Integrated Education Str"" [activity, not direction] | 2024-11-12 QUESTION AQW 18038/22-27: ""To ask the Minister of Education when the updated Integrated Education Strategy and Action"" [activity, not direction] | 2024-09-13 QUESTION AQW 14988/22-27: ""To ask the Minister of Education for an update on the implementation of the Integrated Edu"" [activity, not direction]",
Ms Kellie Armstrong (Alliance Party) - Strangford,,,1,,,,no confirmed meaning line,n/a (activity only),9,,"2026-04-24 QUESTION AQW 44767/22-27: ""To ask the Minister of Education to detail whether all grant-maintained integrated schools"" [activity, not direction] | 2025-06-26 QUESTION AQW 29371/22-27: ""To ask the Minister of Education to detail how his Department is monitoring (i) the Educat"" [activity, not direction] | 2025-03-03 QUESTION AQW 23688/22-27: ""To ask the Minister of Finance to detail (i) the source of the £11.6 million for Fresh Sta"" [activity, not direction] | 2025-01-08 QUESTION AQW 20176/22-27: ""To ask the Minister of Education how the refusal to approve the Transformation to Integrat"" [activity, not direction] | 2025-01-08 QUESTION AQW 20172/22-27: ""To ask the Minister of Education when his Department will be publishing the next report on"" [activity, not direction] | 2024-11-11 QUESTION AQW 17971/22-27: ""To ask the Minister of Education for a breakdown of the (i) actions; (ii) timetable; and ("" [activity, not direction] | 2024-11-11 QUESTION AQW 17970/22-27: ""To ask the Minister of Education to detail any additional funding that will be provided to"" [activity, not direction] | 2024-10-02 QUESTION AQW 16091/22-27: ""To ask the Minister of Education to detail (i) the action his Department is taking, in con"" [activity, not direction] | 2024-10-02 QUESTION AQW 16090/22-27: ""To ask the Minister of Education to detail (i) how his Department, in conjunction with the"" [activity, not direction]",
Ms Claire Sugden (Independent) - East Londonderry,,,1,,,,no confirmed meaning line,n/a (activity only),8,,"2026-03-18 QUESTION AQW 42658/22-27: ""To ask the Minister of Education whether his Department would consider using the 16 to 18 "" [activity, not direction] | 2026-03-18 QUESTION AQW 42657/22-27: ""To ask the Minister of Education to detail his Department's plans to address safeguarding "" [activity, not direction] | 2026-03-18 QUESTION AQW 42656/22-27: ""To ask the Minister of Education, in relation to the 16 to 18 Legislation, to detail (i) h"" [activity, not direction] | 2026-01-21 QUESTION AQW 38709/22-27: ""To ask the Minister of Education to detail any training provided to teachers specifically "" [activity, not direction] | 2026-01-21 QUESTION AQW 38708/22-27: ""To ask the Minister of Education to detail any steps his Department will take to strengthe"" [activity, not direction] | 2026-01-21 QUESTION AQW 38707/22-27: ""To ask the Minister of Education to detail any mechanisms in place to ensure consistent de"" [activity, not direction] | 2025-11-06 QUESTION AQW 34848/22-27: ""To ask the Minister of Education to detail any provision of Relationships and Sexuality Ed"" [activity, not direction] | 2025-03-12 QUESTION AQW 24279/22-27: ""To ask the Minister of Education whether curriculum reform will include updated Relationsh"" [activity, not direction]",
Mrs Michelle Guy (Alliance Party) - Lagan Valley,,,1,,,,no confirmed meaning line,n/a (activity only),5,,"2025-09-10 QUESTION AQW 30880/22-27: ""To ask the Minister of Education to detail whether the Department of Education’s Parental "" [activity, not direction] | 2025-06-25 QUESTION AQW 29303/22-27: ""To ask the Minister of Education to provide a breakdown the number of children that have b"" [activity, not direction] | 2025-04-04 QUESTION AQW 25681/22-27: ""To ask the Minister of Education how his Department is using the Keeping Safe relationship"" [activity, not direction] | 2025-04-04 QUESTION AQW 25680/22-27: ""To ask the Minister of Education to detail how teachers can access the Keeping Safe relati"" [activity, not direction] | 2024-10-24 QUESTION AQW 17389/22-27: ""To ask the Minister of Education for his assessment of whether the delivery of comprehensi"" [activity, not direction]",
Mr Pat Sheehan (Sinn Féin) - West Belfast,,,1,,,,no confirmed meaning line,n/a (activity only),3,,"2026-02-11 QUESTION AQW 40383/22-27: ""To ask the Minister of Education to detail any impact his proposed management authority fo"" [activity, not direction] | 2024-11-04 QUESTION AQW 17557/22-27: ""To ask the Minister of Education what measures his Department is taking to undertake its s"" [activity, not direction] | 2024-11-04 QUESTION AQW 17556/22-27: ""To ask the Minister of Education for an update on the implementation of Integrated Educati"" [activity, not direction]",
Mr Daniel McCrossan (Social Democratic and Labour Party) - West Tyrone,,,1,,,,no confirmed meaning line,n/a (activity only),2,,"2026-05-20 QUESTION AQW 46712/22-27: ""To ask the Minister of Education whether any assessment has been made of the Integrated Ed"" [activity, not direction] | 2025-12-05 QUESTION AQW 36935/22-27: ""To ask the Minister of Education to detail (i) his assessment of his Department’s research"" [activity, not direction]",
Mr Jon Burrows (Ulster Unionist Party) - North Antrim,,,1,,,,no confirmed meaning line,n/a (activity only),2,,"2026-07-02 QUESTION AQW 50385/22-27: ""To ask the Minister of Education to detail to what extent the current proposals for person"" [activity, not direction] | 2025-11-24 QUESTION AQW 36194/22-27: ""To ask the Minister of Education, in light of the Supreme Court judgement in the matter of"" [activity, not direction]",
Mr Timothy Gaston (Traditional Unionist Voice) - North Antrim,,,1,,,,no confirmed meaning line,n/a (activity only),2,,"2025-12-03 QUESTION AQW 36778/22-27: ""To ask the Minister of Education whether he will bring forward legislation, similar to tha"" [activity, not direction] | 2024-11-07 QUESTION AQW 17834/22-27: ""To ask the Minister of Education to detail all organisations that have received funding fr"" [activity, not direction]",
Miss Deirdre Hargey (Sinn Féin) - South Belfast,,,1,,,,no confirmed meaning line,n/a (activity only),1,,"2026-05-21 QUESTION AQO 3613/22-27: ""To ask the Minister of Education to outline any action his Department is taking following "" [activity, not direction]",
Miss Jemma Dolan (Sinn Féin) - Fermanagh and South Tyrone,,,1,,,,no confirmed meaning line,n/a (activity only),1,,"2026-04-14 QUESTION AQW 43772/22-27: ""To ask the Minister of Education to detail any regard that is given to the Integrated Educ"" [activity, not direction]",
Miss Michelle McIlveen (Democratic Unionist Party) - Strangford,,,1,,,,no confirmed meaning line,n/a (activity only),1,,"2025-11-19 QUESTION AQW 35884/22-27: ""To ask the Minister of Education for his assessment of what the Supreme Court judgement de"" [activity, not direction]",
Mr Alan Chambers (Ulster Unionist Party) - North Down,,,1,,,,no confirmed meaning line,n/a (activity only),1,,"2026-01-22 QUESTION AQO 3030/22-27: ""To ask the Minister of Education to outline the legal costs incurred by his Department in "" [activity, not direction]",
Mr Danny Donnelly (Alliance Party) - East Antrim,,,1,,,,no confirmed meaning line,n/a (activity only),1,,"2025-01-09 QUESTION AQO 1398/22-27: ""To ask the Minister of Education what measures will be included in the revised Integrated "" [activity, not direction]",
Mr Gerry Carroll (People Before Profit Alliance) - West Belfast,,,1,,,,no confirmed meaning line,n/a (activity only),1,,"2026-06-19 QUESTION AQW 49107/22-27: ""To ask the Minister of Education to detail any plans he has to implement a strategy to imp"" [activity, not direction]",
Mr Matthew O'Toole (Social Democratic and Labour Party) - South Belfast,,,1,,,,no confirmed meaning line,n/a (activity only),1,,"2026-05-21 QUESTION AQO 3619/22-27: ""To ask the Minister of Education for an assessment of his Department’s Integrated Educatio"" [activity, not direction]",
Mr Phillip Brett (Democratic Unionist Party) - North Belfast,,,1,,,,no confirmed meaning line,n/a (activity only),1,,"2025-06-18 QUESTION AQW 28901/22-27: ""To ask the Minister of Justice, in light of the national inquiry into grooming gangs annou"" [activity, not direction]",
Ms Sinéad McLaughlin (Social Democratic and Labour Party) - Foyle,,,1,,,,no confirmed meaning line,n/a (activity only),1,,"2024-12-02 QUESTION AQW 19134/22-27: ""To ask the Minister of Education to detail his plans to improve the Relationships and Sexu"" [activity, not direction]",
Dr Caoimhe Archibald (Sinn Féin) - East Londonderry,,,1,,,,no evidence,,0,,No recorded activity on this area,
Dr Steve Aiken OBE (Ulster Unionist Party) - South Antrim,,,1,,,,no evidence,,0,,No recorded activity on this area,
Miss Nicola Brogan (Sinn Féin) - West Tyrone,,,1,,,,no evidence,,0,,No recorded activity on this area,
Miss Nuala McAllister (Alliance Party) - North Belfast,,,1,,,,no evidence,,0,,No recorded activity on this area,
Miss Áine Murphy (Sinn Féin) - Fermanagh and South Tyrone,,,1,,,,no evidence,,0,,No recorded activity on this area,
Miss Órlaithí Flynn (Sinn Féin) - West Belfast,,,1,,,,no evidence,,0,,No recorded activity on this area,
Mr Alan Robinson (Democratic Unionist Party) - East Londonderry,,,1,,,,no evidence,,0,,No recorded activity on this area,
Mr Andrew McMurray (Alliance Party) - South Down,,,1,,,,no evidence,,0,,No recorded activity on this area,
Mr Andrew Muir (Alliance Party) - North Down,,,1,,,,no evidence,,0,,No recorded activity on this area,
Mr Andy Allen MBE (Ulster Unionist Party) - East Belfast,,,1,,,,no evidence,,0,,No recorded activity on this area,
Mr Brian Kingston (Democratic Unionist Party) - North Belfast,,,1,,,,no evidence,,0,,No recorded activity on this area,
Mr Cathal Boylan (Sinn Féin) - Newry and Armagh,,,1,,,,no evidence,,0,,No recorded activity on this area,
Mr Colin McGrath (Social Democratic and Labour Party) - South Down,,,1,,,,no evidence,,0,,No recorded activity on this area,
Mr Colm Gildernew (Sinn Féin) - Fermanagh and South Tyrone,,,1,,,,no evidence,,0,,No recorded activity on this area,
Mr Danny Baker (Sinn Féin) - West Belfast,,,1,,,,no evidence,,0,,No recorded activity on this area,
Mr David Brooks (Democratic Unionist Party) - East Belfast,,,1,,,,no evidence,,0,,No recorded activity on this area,
Mr David Honeyford (Alliance Party) - Lagan Valley,,,1,,,,no evidence,,0,,No recorded activity on this area,
Mr Declan Kearney (Sinn Féin) - South Antrim,,,1,,,,no evidence,,0,,No recorded activity on this area,
Mr Declan McAleer (Sinn Féin) - West Tyrone,,,1,,,,no evidence,,0,,No recorded activity on this area,
Mr Doug Beattie MC (Independent) - Upper Bann,,,1,,,,no evidence,,0,,No recorded activity on this area,
Mr Edwin Poots (Democratic Unionist Party) - South Belfast,,,1,,,,no evidence,,0,,No recorded activity on this area,
Mr Eóin Tennyson (Alliance Party) - Upper Bann,,,1,,,,no evidence,,0,,No recorded activity on this area,
Mr Gareth Wilson (Democratic Unionist Party) - Newry and Armagh,,,1,,,,no evidence,,0,,No recorded activity on this area,
Mr Gerry Kelly (Sinn Féin) - North Belfast,,,1,,,,no evidence,,0,,No recorded activity on this area,
Mr Gordon Lyons (Democratic Unionist Party) - East Antrim,,,1,,,,no evidence,,0,,No recorded activity on this area,
Mr Harry Harvey (Democratic Unionist Party) - Strangford,,,1,,,,no evidence,,0,,No recorded activity on this area,
Mr John Blair (Alliance Party) - South Antrim,,,1,,,,no evidence,,0,,No recorded activity on this area,
Mr John O'Dowd (Sinn Féin) - Upper Bann,,,1,,,,no evidence,,0,,No recorded activity on this area,
Mr John Stewart (Ulster Unionist Party) - East Antrim,,,1,,,,no evidence,,0,,No recorded activity on this area,
Mr Jonathan Buckley (Democratic Unionist Party) - Upper Bann,,,1,,,,no evidence,,0,,No recorded activity on this area,
Mr Justin McNulty (Social Democratic and Labour Party) - Newry and Armagh,,,1,,,,no evidence,,0,,No recorded activity on this area,
Mr Keith Buchanan (Democratic Unionist Party) - Mid Ulster,,,1,,,,no evidence,,0,,No recorded activity on this area,
Mr Maolíosa McHugh (Sinn Féin) - West Tyrone,,,1,,,,no evidence,,0,,No recorded activity on this area,
Mr Mark Durkan (Social Democratic and Labour Party) - Foyle,,,1,,,,no evidence,,0,,No recorded activity on this area,
Mr Maurice Bradley (Democratic Unionist Party) - East Londonderry,,,1,,,,no evidence,,0,,No recorded activity on this area,
Mr Mike Nesbitt (Ulster Unionist Party) - Strangford,,,1,,,,no evidence,,0,,No recorded activity on this area,
Mr Patsy McGlone (Social Democratic and Labour Party) - Mid Ulster,,,1,,,,no evidence,,0,,No recorded activity on this area,
Mr Paul Frew (Democratic Unionist Party) - North Antrim,,,1,,,,no evidence,,0,,No recorded activity on this area,
Mr Paul Givan (Democratic Unionist Party) - Lagan Valley,,,1,,,,no evidence,,0,,No recorded activity on this area,
Mr Peter Martin (Democratic Unionist Party) - North Down,,,1,,,,no evidence,,0,,No recorded activity on this area,
Mr Peter McReynolds (Alliance Party) - East Belfast,,,1,,,,no evidence,,0,,No recorded activity on this area,
Mr Philip McGuigan (Sinn Féin) - North Antrim,,,1,,,,no evidence,,0,,No recorded activity on this area,
Mr Pádraig Delargy (Sinn Féin) - Foyle,,,1,,,,no evidence,,0,,No recorded activity on this area,
Mr Robbie Butler (Ulster Unionist Party) - Lagan Valley,,,1,,,,no evidence,,0,,No recorded activity on this area,
Mr Stephen Dunne (Democratic Unionist Party) - North Down,,,1,,,,no evidence,,0,,No recorded activity on this area,
Mr Stewart Dickson (Alliance Party) - East Antrim,,,1,,,,no evidence,,0,,No recorded activity on this area,
Mr Tom Buchanan (Democratic Unionist Party) - West Tyrone,,,1,,,,no evidence,,0,,No recorded activity on this area,
Mr Trevor Clarke (Democratic Unionist Party) - South Antrim,,,1,,,,no evidence,,0,,No recorded activity on this area,
Mrs Cathy Mason (Sinn Féin) - South Down,,,1,,,,no evidence,,0,,No recorded activity on this area,
Mrs Ciara Ferguson (Sinn Féin) - Foyle,,,1,,,,no evidence,,0,,No recorded activity on this area,
Mrs Deborah Erskine (Democratic Unionist Party) - Fermanagh and South Tyrone,,,1,,,,no evidence,,0,,No recorded activity on this area,
Mrs Diane Dodds (Democratic Unionist Party) - Upper Bann,,,1,,,,no evidence,,0,,No recorded activity on this area,
Mrs Emma Little-Pengelly (Democratic Unionist Party) - Lagan Valley,,,1,,,,no evidence,,0,,No recorded activity on this area,
Mrs Julie Middleton (Democratic Unionist Party) - Foyle,,,1,,,,no evidence,,0,,No recorded activity on this area,
Mrs Linda Dillon (Sinn Féin) - Mid Ulster,,,1,,,,no evidence,,0,,No recorded activity on this area,
Mrs Naomi Long (Alliance Party) - East Belfast,,,1,,,,no evidence,,0,,No recorded activity on this area,
Mrs Pam Cameron (Democratic Unionist Party) - South Antrim,,,1,,,,no evidence,,0,,No recorded activity on this area,
Mrs Sinéad Ennis (Sinn Féin) - South Down,,,1,,,,no evidence,,0,,No recorded activity on this area,
Ms Aisling Reilly (Sinn Féin) - West Belfast,,,1,,,,no evidence,,0,,No recorded activity on this area,
Ms Aoife Finnegan (Sinn Féin) - Newry and Armagh,,,1,,,,no evidence,,0,,No recorded activity on this area,
Ms Carál Ní Chuilín (Sinn Féin) - North Belfast,,,1,,,,no evidence,,0,,No recorded activity on this area,
Ms Cheryl Brownlee (Democratic Unionist Party) - East Antrim,,,1,,,,no evidence,,0,,No recorded activity on this area,
Ms Connie Egan (Alliance Party) - North Down,,,1,,,,no evidence,,0,,No recorded activity on this area,
Ms Diana Armstrong (Ulster Unionist Party) - Fermanagh and South Tyrone,,,1,,,,no evidence,,0,,No recorded activity on this area,
Ms Diane Forsythe (Democratic Unionist Party) - South Down,,,1,,,,no evidence,,0,,No recorded activity on this area,
Ms Emma Sheerin (Sinn Féin) - Mid Ulster,,,1,,,,no evidence,,0,,No recorded activity on this area,
Ms Joanne Bunting (Democratic Unionist Party) - East Belfast,,,1,,,,no evidence,,0,,No recorded activity on this area,
Ms Kate Nicholl (Alliance Party) - South Belfast,,,1,,,,no evidence,,0,,No recorded activity on this area,
Ms Liz Kimmins (Sinn Féin) - Newry and Armagh,,,1,,,,no evidence,,0,,No recorded activity on this area,
Ms Michelle O'Neill (Sinn Féin) - Mid Ulster,,,1,,,,no evidence,,0,,No recorded activity on this area,
Ms Paula Bradshaw (Alliance Party) - South Belfast,,,1,,,,no evidence,,0,,No recorded activity on this area,
Ms Sian Mulholland (Alliance Party) - North Antrim,,,1,,,,no evidence,,0,,No recorded activity on this area,
Totals - 90 decision-makers,0,0,90,0,0,,,,,,,
