Decision-Maker,++,+,0,-,--,Target (Y/N),Based on,Confidence,Evidence items,Profile,Comments,Party,Riding
Wab Kinew (NDP) - Fort Rouge,,,1,,,,no confirmed reading,n/a (evidence only),3,,"2025-10-28 SPEECH Bill 50–The Constitutional Questions Amendment Act — Questio: ""We're bringing Bill 50 forward to tie the hands of a future Progressive Conservative government that"" [activity, not direction] | 2024-06-03 SPEECH D-Day: ""We must never forget the victories we have experienced in Canada over the past 80 years were also sp"" [activity, not direction] | 2018-05-17 SPEECH International Day Against Homophobia, Transphobia and Biphob: ""Now, we know that many steps in this House have been taken–the addition of the gender‑neutral washro"" [activity, not direction]",NDP,Fort Rouge
Bernadette Smith (NDP) - Point Douglas,,,1,,,,no confirmed reading,n/a (evidence only),2,,"2018-05-31 SPEECH Res. 19–Celebrating Pride in Manitoba: ""WHEREAS the previous NDP Provincial Government banned LGBTTQ* conversion therapy in the public healt"" [activity, not direction] | 2018-05-31 SPEECH Res. 19–Celebrating Pride in Manitoba — Questions: ""You know, same-sex marriage was legally recognized here in 2004. If that's still happening, I think "" [activity, not direction]",NDP,Point Douglas
Tyler Blashko (NDP) - Lagimodière,,,1,,,,no confirmed reading,n/a (evidence only),2,,"2025-11-04 SPEECH Bill 234–The Pride Month Act (Commemoration of Days, Weeks a: ""In September, Steinbach Pride had to postpone their events because of threats to their local communi"" [activity, not direction] | 2025-05-27 SPEECH Bill 234–The Pride Month Act (Commemoration of Days, Weeks a: ""In the 20 months of our government, we have made meaningful improvements in access to gender-affirmi"" [activity, not direction]",NDP,Lagimodière
Jodie Byram (PC) - Agassiz,,,1,,,,no confirmed reading,n/a (evidence only),1,,"2026-05-14 SPEECH Res. 10–Removing the Land Transfer Tax for First-Time Home B: ""And Manitoba Real Estate Association, they go on to say in their report, reform the provincial land "" [activity, not direction]",PC,Agassiz
Adrien Sala (NDP) - St. James,,,1,,,,no evidence,,0,,No recorded activity on this area,NDP,St. James
Billie Cross (NDP) - Seine River,,,1,,,,no evidence,,0,,No recorded activity on this area,NDP,Seine River
Bob Lagassé (Ind.) - Dawson Trail,,,1,,,,no evidence,,0,,No recorded activity on this area,Ind.,Dawson Trail
Carla Compton (NDP) - Tuxedo,,,1,,,,no evidence,,0,,No recorded activity on this area,NDP,Tuxedo
Carrie Hiebert (PC) - Morden-Winkler,,,1,,,,no evidence,,0,,No recorded activity on this area,PC,Morden-Winkler
Cindy Lamoureux (Lib.) - Tyndall Park,,,1,,,,no evidence,,0,,No recorded activity on this area,Lib.,Tyndall Park
Colleen Robbins (PC) - Spruce Woods,,,1,,,,no evidence,,0,,No recorded activity on this area,PC,Spruce Woods
David Pankratz (NDP) - Waverley,,,1,,,,no evidence,,0,,No recorded activity on this area,NDP,Waverley
Derek Johnson (PC) - Interlake-Gimli,,,1,,,,no evidence,,0,,No recorded activity on this area,PC,Interlake-Gimli
Diljeet Brar (NDP) - Burrows,,,1,,,,no evidence,,0,,No recorded activity on this area,NDP,Burrows
Doyle Piwniuk (PC) - Turtle Mountain,,,1,,,,no evidence,,0,,No recorded activity on this area,PC,Turtle Mountain
Eric Redhead (NDP) - Thompson,,,1,,,,no evidence,,0,,No recorded activity on this area,NDP,Thompson
Glen Simard (NDP) - Brandon East,,,1,,,,no evidence,,0,,No recorded activity on this area,NDP,Brandon East
Greg Nesbitt (PC) - Riding Mountain,,,1,,,,no evidence,,0,,No recorded activity on this area,PC,Riding Mountain
Ian Bushie (NDP) - Keewatinook,,,1,,,,no evidence,,0,,No recorded activity on this area,NDP,Keewatinook
JD Devgan (NDP) - McPhillips,,,1,,,,no evidence,,0,,No recorded activity on this area,NDP,McPhillips
Jamie Moses (NDP) - St. Vital,,,1,,,,no evidence,,0,,No recorded activity on this area,NDP,St. Vital
Jeff Bereza (PC) - Portage la Prairie,,,1,,,,no evidence,,0,,No recorded activity on this area,PC,Portage la Prairie
Jeff Wharton (PC) - Red River North,,,1,,,,no evidence,,0,,No recorded activity on this area,PC,Red River North
Jelynn Dela Cruz (NDP) - Radisson,,,1,,,,no evidence,,0,,No recorded activity on this area,NDP,Radisson
Jennifer Chen (NDP) - Fort Richmond,,,1,,,,no evidence,,0,,No recorded activity on this area,NDP,Fort Richmond
Jennifer Flett (NDP) - The Pas-Kameesak,,,1,,,,no evidence,,0,,No recorded activity on this area,NDP,The Pas-Kameesak
Jim Maloway (NDP) - Elmwood,,,1,,,,no evidence,,0,,No recorded activity on this area,NDP,Elmwood
Josh Guenter (PC) - Borderland,,,1,,,,no evidence,,0,,No recorded activity on this area,PC,Borderland
Kathleen Cook (PC) - Roblin,,,1,,,,no evidence,,0,,No recorded activity on this area,PC,Roblin
Kelvin Goertzen (PC) - Steinbach,,,1,,,,no evidence,,0,,No recorded activity on this area,PC,Steinbach
Konrad Narth (PC) - La Vérendrye,,,1,,,,no evidence,,0,,No recorded activity on this area,PC,La Vérendrye
Lauren Stone (PC) - Midland,,,1,,,,no evidence,,0,,No recorded activity on this area,PC,Midland
Lisa Naylor (NDP) - Wolseley,,,1,,,,no evidence,,0,,No recorded activity on this area,NDP,Wolseley
Logan Oxenham (NDP) - Kirkfield Park,,,1,,,,no evidence,,0,,No recorded activity on this area,NDP,Kirkfield Park
Malaya Marcelino (NDP) - Notre Dame,,,1,,,,no evidence,,0,,No recorded activity on this area,NDP,Notre Dame
Mark Wasyliw (Ind.) - Fort Garry,,,1,,,,no evidence,,0,,No recorded activity on this area,Ind.,Fort Garry
Matt Wiebe (NDP) - Concordia,,,1,,,,no evidence,,0,,No recorded activity on this area,NDP,Concordia
Mike Moroz (NDP) - River Heights,,,1,,,,no evidence,,0,,No recorded activity on this area,NDP,River Heights
Mike Moyes (NDP) - Riel,,,1,,,,no evidence,,0,,No recorded activity on this area,NDP,Riel
Mintu Sandhu (NDP) - The Maples,,,1,,,,no evidence,,0,,No recorded activity on this area,NDP,The Maples
Nahanni Fontaine (NDP) - St. Johns,,,1,,,,no evidence,,0,,No recorded activity on this area,NDP,St. Johns
Nellie Kennedy (NDP) - Assiniboia,,,1,,,,no evidence,,0,,No recorded activity on this area,NDP,Assiniboia
Obby Khan (Ind.) - Fort Whyte,,,1,,,,no evidence,,0,,No recorded activity on this area,Ind.,Fort Whyte
Rachelle Schott (NDP) - Kildonan-River East,,,1,,,,no evidence,,0,,No recorded activity on this area,NDP,Kildonan-River East
Renée Cable (NDP) - Southdale,,,1,,,,no evidence,,0,,No recorded activity on this area,NDP,Southdale
Richard Perchotte (PC) - Selkirk,,,1,,,,no evidence,,0,,No recorded activity on this area,PC,Selkirk
Rick Wowchuk (PC) - Swan River,,,1,,,,no evidence,,0,,No recorded activity on this area,PC,Swan River
Robert Loiselle (NDP) - St. Boniface,,,1,,,,no evidence,,0,,No recorded activity on this area,NDP,St. Boniface
Ron Kostyshyn (NDP) - Dauphin,,,1,,,,no evidence,,0,,No recorded activity on this area,NDP,Dauphin
Ron Schuler (PC) - Springfield-Ritchot,,,1,,,,no evidence,,0,,No recorded activity on this area,PC,Springfield-Ritchot
Shannon Corbett (NDP) - Transcona,,,1,,,,no evidence,,0,,No recorded activity on this area,NDP,Transcona
Tom Lindsey (NDP) - Flin Flon,,,1,,,,no evidence,,0,,No recorded activity on this area,NDP,Flin Flon
Tracy Schmidt (NDP) - Rossmere,,,1,,,,no evidence,,0,,No recorded activity on this area,NDP,Rossmere
Trevor King (PC) - Lakeside,,,1,,,,no evidence,,0,,No recorded activity on this area,PC,Lakeside
Uzoma Asagwara (NDP) - Union Station,,,1,,,,no evidence,,0,,No recorded activity on this area,NDP,Union Station
Wayne Balcaen (PC) - Brandon West,,,1,,,,no evidence,,0,,No recorded activity on this area,PC,Brandon West
Wayne Ewasko (PC) - Lac du Bonnet,,,1,,,,no evidence,,0,,No recorded activity on this area,PC,Lac du Bonnet
"Totals - 57 sitting decision-makers (0 former listed, not counted)",0,0,57,0,0,,,,,,,,
