Decision-Maker,++,+,0,-,--,Target (Y/N),Based on,Confidence,Evidence items,Profile,Comments
Jackie Baillie (Scottish Labour) - Dumbarton,,x,,,,,"a vote, 17 months ago","strong (recorded vote, human-confirmed meaning line)",10,,"2026-06-24 VOTE NOT VOTED: S7M-00446 (Scotland Needs Reform: Five Years to 2031) [diverged from own party's majority] [absence/abstention -- not placed] | 2026-06-22 QUESTION S7W-01196: ""To ask the Scottish Government what (a) arrangements are being made and (b) timetable is i"" [activity, not direction] | 2026-06-22 QUESTION S7W-01195: ""To ask the Scottish Government how many transgender prisoners are currently in the women’s"" [activity, not direction] | 2026-06-22 QUESTION S7W-01194: ""To ask the Scottish Government, in light of the conclusion of the case, For Women Scotland"" [activity, not direction] | 2025-06-19 VOTE NOT VOTED: S6M-18016.1 (Progressing National Advisory Council on Women a) [diverged from own party's majority] [absence/abstention -- not placed] | 2025-03-12 VOTE NO: S6M-16755.3 (Protecting Single-sex Spaces in the Public Secto) [diverged from own party's majority] [+1: Voted to keep the single-sex spaces motion's own wording against the wrecking amendment.] | 2025-03-12 VOTE ABSTAIN: S6M-16755 (Protecting Single-sex Spaces in the Public Secto) [diverged from own party's majority] [absence/abstention -- not placed] | 2025-03-11 MOTION PROPOSED S6M-16755.1: Protecting Single-sex Spaces in the Public Sector [no meaning line -- not placed] | 2024-11-22 MOTION PROPOSED S6M-15594: Congratulating Cove Sailing Club [no meaning line -- not placed] | 2024-04-17 VOTE YES: S6M-12855.4 (Repealing the Hate Crime Act) [no meaning line -- not placed]"
"Rachael Hamilton (Scottish Conservative and Unionist Party) - Ettrick, Roxburgh and Berwickshire",,x,,,,,"a vote, 17 months ago","strong (recorded vote, human-confirmed meaning line)",10,,"2026-06-24 VOTE NO: S7M-00446 (Scotland Needs Reform: Five Years to 2031) [diverged from own party's majority] [no meaning line -- not placed] | 2026-05-20 QUESTION S7W-00195: ""To ask the Scottish Government what steps it is taking to ensure that female witnesses inv"" [activity, not direction] | 2026-03-11 QUESTION S6W-44244: ""To ask the Scottish Government what the total cost to date is of the working group it esta"" [activity, not direction] | 2026-03-11 QUESTION S6W-44243: ""To ask the Scottish Government whether it will provide information on any further action t"" [activity, not direction] | 2026-03-11 QUESTION S6W-44242: ""To ask the Scottish Government whether it will provide an update on the actions taken by t"" [activity, not direction] | 2026-01-21 QUESTION S6O-05423: ""To ask the Scottish Government whether it will propose the scheduling of time for a minist"" [activity, not direction] | 2025-06-19 VOTE YES: S6M-18016.1 (Progressing National Advisory Council on Women a) [no meaning line -- not placed] | 2025-03-12 VOTE NO: S6M-16755.3 (Protecting Single-sex Spaces in the Public Secto) [diverged from own party's majority] [+1: Voted to keep the single-sex spaces motion's own wording against the wrecking amendment.] | 2025-03-12 VOTE NO: S6M-16755 (Protecting Single-sex Spaces in the Public Secto) [no meaning line -- not placed] | 2024-04-17 VOTE NO: S6M-12855.4 (Repealing the Hate Crime Act) [diverged from own party's majority] [no meaning line -- not placed]"
Murdo Fraser (Scottish Conservative and Unionist Party) - Mid Scotland and Fife,,x,,,,,"a vote, 17 months ago","strong (recorded vote, human-confirmed meaning line)",7,,"2026-07-23 QUESTION S7W-01960: ""To ask the Scottish Government what guidance it provides to local authorities and the Gene"" [activity, not direction] | 2026-06-24 VOTE NO: S7M-00446 (Scotland Needs Reform: Five Years to 2031) [diverged from own party's majority] [no meaning line -- not placed] | 2025-12-08 MOTION PROPOSED S6M-20062: Sandie Peggie and NHS Fife [no meaning line -- not placed] | 2025-06-19 VOTE YES: S6M-18016.1 (Progressing National Advisory Council on Women a) [no meaning line -- not placed] | 2025-03-12 VOTE NO: S6M-16755.3 (Protecting Single-sex Spaces in the Public Secto) [diverged from own party's majority] [+1: Voted to keep the single-sex spaces motion's own wording against the wrecking amendment.] | 2025-03-12 VOTE NO: S6M-16755 (Protecting Single-sex Spaces in the Public Secto) [no meaning line -- not placed] | 2024-04-17 VOTE NO: S6M-12855.4 (Repealing the Hate Crime Act) [diverged from own party's majority] [no meaning line -- not placed]"
Claire Baker (Scottish Labour) - Mid Scotland and Fife,,x,,,,,"a vote, 17 months ago","strong (recorded vote, human-confirmed meaning line)",6,,"2026-06-24 VOTE YES: S7M-00446 (Scotland Needs Reform: Five Years to 2031) [diverged from own party's majority] [no meaning line -- not placed] | 2025-06-19 VOTE ABSTAIN: S6M-18016.1 (Progressing National Advisory Council on Women a) [diverged from own party's majority] [absence/abstention -- not placed] | 2025-03-12 VOTE NO: S6M-16755.3 (Protecting Single-sex Spaces in the Public Secto) [diverged from own party's majority] [+1: Voted to keep the single-sex spaces motion's own wording against the wrecking amendment.] | 2025-03-12 VOTE ABSTAIN: S6M-16755 (Protecting Single-sex Spaces in the Public Secto) [diverged from own party's majority] [absence/abstention -- not placed] | 2024-06-11 MOTION PROPOSED S6M-13574: Celebrates the Success of Boxing Scotland’s, Fife Re [no meaning line -- not placed] | 2024-04-17 VOTE YES: S6M-12855.4 (Repealing the Hate Crime Act) [no meaning line -- not placed]"
Finlay Carson (Scottish Conservative and Unionist Party) - Galloway and West Dumfries,,x,,,,,"a vote, 17 months ago","strong (recorded vote, human-confirmed meaning line)",6,,2026-06-24 VOTE NO: S7M-00446 (Scotland Needs Reform: Five Years to 2031) [diverged from own party's majority] [no meaning line -- not placed] | 2025-06-19 VOTE NOT VOTED: S6M-18016.1 (Progressing National Advisory Council on Women a) [absence/abstention -- not placed] | 2025-03-12 VOTE NO: S6M-16755.3 (Protecting Single-sex Spaces in the Public Secto) [diverged from own party's majority] [+1: Voted to keep the single-sex spaces motion's own wording against the wrecking amendment.] | 2025-03-12 VOTE NO: S6M-16755 (Protecting Single-sex Spaces in the Public Secto) [no meaning line -- not placed] | 2024-04-24 MOTION PROPOSED S6M-12989: 90 Days on How Scotland Saved Women Rugby World Cup [no meaning line -- not placed] | 2024-04-17 VOTE NO: S6M-12855.4 (Repealing the Hate Crime Act) [diverged from own party's majority] [no meaning line -- not placed]
Mark Griffin (Scottish Labour) - Central Scot and Lothians West,,x,,,,,"a vote, 17 months ago","strong (recorded vote, human-confirmed meaning line)",6,,2026-06-24 VOTE YES: S7M-00446 (Scotland Needs Reform: Five Years to 2031) [diverged from own party's majority] [no meaning line -- not placed] | 2025-07-30 MOTION PROPOSED S6M-18439: The Miracle Foundation SCIO: Supporting Trauma Exper [no meaning line -- not placed] | 2025-06-19 VOTE ABSTAIN: S6M-18016.1 (Progressing National Advisory Council on Women a) [diverged from own party's majority] [absence/abstention -- not placed] | 2025-03-12 VOTE NO: S6M-16755.3 (Protecting Single-sex Spaces in the Public Secto) [diverged from own party's majority] [+1: Voted to keep the single-sex spaces motion's own wording against the wrecking amendment.] | 2025-03-12 VOTE ABSTAIN: S6M-16755 (Protecting Single-sex Spaces in the Public Secto) [diverged from own party's majority] [absence/abstention -- not placed] | 2024-04-17 VOTE YES: S6M-12855.4 (Repealing the Hate Crime Act) [no meaning line -- not placed]
Meghan Gallacher (Scottish Conservative and Unionist Party) - Central Scot and Lothians West,,x,,,,,"a vote, 17 months ago","strong (recorded vote, human-confirmed meaning line)",6,,"2026-06-24 VOTE NO: S7M-00446 (Scotland Needs Reform: Five Years to 2031) [diverged from own party's majority] [no meaning line -- not placed] | 2026-06-10 QUESTION S7W-00922: ""To ask the Scottish Government whether it will provide an update on progress made to ensur"" [activity, not direction] | 2025-06-19 VOTE YES: S6M-18016.1 (Progressing National Advisory Council on Women a) [no meaning line -- not placed] | 2025-03-12 VOTE NO: S6M-16755.3 (Protecting Single-sex Spaces in the Public Secto) [diverged from own party's majority] [+1: Voted to keep the single-sex spaces motion's own wording against the wrecking amendment.] | 2025-03-12 VOTE NO: S6M-16755 (Protecting Single-sex Spaces in the Public Secto) [no meaning line -- not placed] | 2024-04-17 VOTE NO: S6M-12855.4 (Repealing the Hate Crime Act) [diverged from own party's majority] [no meaning line -- not placed]"
Pauline McNeill (Scottish Labour) - Glasgow,,x,,,,,"a vote, 17 months ago","strong (recorded vote, human-confirmed meaning line)",6,,2026-06-24 VOTE YES: S7M-00446 (Scotland Needs Reform: Five Years to 2031) [diverged from own party's majority] [no meaning line -- not placed] | 2025-06-19 VOTE ABSTAIN: S6M-18016.1 (Progressing National Advisory Council on Women a) [diverged from own party's majority] [absence/abstention -- not placed] | 2025-03-12 VOTE NO: S6M-16755.3 (Protecting Single-sex Spaces in the Public Secto) [diverged from own party's majority] [+1: Voted to keep the single-sex spaces motion's own wording against the wrecking amendment.] | 2025-03-12 VOTE ABSTAIN: S6M-16755 (Protecting Single-sex Spaces in the Public Secto) [diverged from own party's majority] [absence/abstention -- not placed] | 2024-04-17 VOTE YES: S6M-12855.4 (Repealing the Hate Crime Act) [no meaning line -- not placed] | 2024-04-16 MOTION PROPOSED S6M-12855.4: Repealing the Hate Crime Act [no meaning line -- not placed]
Russell Findlay (Scottish Conservative and Unionist Party) - West Scotland,,x,,,,,"a vote, 17 months ago","strong (recorded vote, human-confirmed meaning line)",6,,2026-06-24 VOTE NOT VOTED: S7M-00446 (Scotland Needs Reform: Five Years to 2031) [diverged from own party's majority] [absence/abstention -- not placed] | 2025-06-19 VOTE NOT VOTED: S6M-18016.1 (Progressing National Advisory Council on Women a) [absence/abstention -- not placed] | 2025-03-12 VOTE NO: S6M-16755.3 (Protecting Single-sex Spaces in the Public Secto) [diverged from own party's majority] [+1: Voted to keep the single-sex spaces motion's own wording against the wrecking amendment.] | 2025-03-12 VOTE NO: S6M-16755 (Protecting Single-sex Spaces in the Public Secto) [no meaning line -- not placed] | 2025-03-10 MOTION PROPOSED S6M-16755: Protecting Single-sex Spaces in the Public Sector [no meaning line -- not placed] | 2024-04-17 VOTE NO: S6M-12855.4 (Repealing the Hate Crime Act) [diverged from own party's majority] [no meaning line -- not placed]
Stephen Kerr (Scottish Conservative and Unionist Party) - Mid Scotland and Fife,,x,,,,,"a vote, 17 months ago","strong (recorded vote, human-confirmed meaning line)",6,,"2026-06-24 VOTE NO: S7M-00446 (Scotland Needs Reform: Five Years to 2031) [diverged from own party's majority] [no meaning line -- not placed] | 2026-02-12 QUESTION S6W-43685: ""To ask the Scottish Government how many incidents, complaints or safeguarding referrals in"" [activity, not direction] | 2025-06-19 VOTE YES: S6M-18016.1 (Progressing National Advisory Council on Women a) [no meaning line -- not placed] | 2025-03-12 VOTE NO: S6M-16755.3 (Protecting Single-sex Spaces in the Public Secto) [diverged from own party's majority] [+1: Voted to keep the single-sex spaces motion's own wording against the wrecking amendment.] | 2025-03-12 VOTE NO: S6M-16755 (Protecting Single-sex Spaces in the Public Secto) [no meaning line -- not placed] | 2024-04-17 VOTE NO: S6M-12855.4 (Repealing the Hate Crime Act) [diverged from own party's majority] [no meaning line -- not placed]"
Alexander Burnett (Scottish Conservative and Unionist Party) - Aberdeenshire West,,x,,,,,"a vote, 17 months ago","strong (recorded vote, human-confirmed meaning line)",5,,2026-06-24 VOTE NO: S7M-00446 (Scotland Needs Reform: Five Years to 2031) [diverged from own party's majority] [no meaning line -- not placed] | 2025-06-19 VOTE YES: S6M-18016.1 (Progressing National Advisory Council on Women a) [no meaning line -- not placed] | 2025-03-12 VOTE NO: S6M-16755.3 (Protecting Single-sex Spaces in the Public Secto) [diverged from own party's majority] [+1: Voted to keep the single-sex spaces motion's own wording against the wrecking amendment.] | 2025-03-12 VOTE NO: S6M-16755 (Protecting Single-sex Spaces in the Public Secto) [no meaning line -- not placed] | 2024-04-17 VOTE NO: S6M-12855.4 (Repealing the Hate Crime Act) [diverged from own party's majority] [no meaning line -- not placed]
Carol Mochan (Scottish Labour) - South Scotland,,x,,,,,"a vote, 17 months ago","strong (recorded vote, human-confirmed meaning line)",5,,2026-06-24 VOTE YES: S7M-00446 (Scotland Needs Reform: Five Years to 2031) [diverged from own party's majority] [no meaning line -- not placed] | 2025-06-19 VOTE ABSTAIN: S6M-18016.1 (Progressing National Advisory Council on Women a) [diverged from own party's majority] [absence/abstention -- not placed] | 2025-03-12 VOTE NO: S6M-16755.3 (Protecting Single-sex Spaces in the Public Secto) [diverged from own party's majority] [+1: Voted to keep the single-sex spaces motion's own wording against the wrecking amendment.] | 2025-03-12 VOTE ABSTAIN: S6M-16755 (Protecting Single-sex Spaces in the Public Secto) [diverged from own party's majority] [absence/abstention -- not placed] | 2024-04-17 VOTE YES: S6M-12855.4 (Repealing the Hate Crime Act) [no meaning line -- not placed]
Daniel Johnson (Scottish Labour) - Edinburgh Southern,,x,,,,,"a vote, 17 months ago","strong (recorded vote, human-confirmed meaning line)",5,,2026-06-24 VOTE YES: S7M-00446 (Scotland Needs Reform: Five Years to 2031) [diverged from own party's majority] [no meaning line -- not placed] | 2025-06-19 VOTE ABSTAIN: S6M-18016.1 (Progressing National Advisory Council on Women a) [diverged from own party's majority] [absence/abstention -- not placed] | 2025-03-12 VOTE NO: S6M-16755.3 (Protecting Single-sex Spaces in the Public Secto) [diverged from own party's majority] [+1: Voted to keep the single-sex spaces motion's own wording against the wrecking amendment.] | 2025-03-12 VOTE ABSTAIN: S6M-16755 (Protecting Single-sex Spaces in the Public Secto) [diverged from own party's majority] [absence/abstention -- not placed] | 2024-04-17 VOTE NOT VOTED: S6M-12855.4 (Repealing the Hate Crime Act) [absence/abstention -- not placed]
Katy Clark (Scottish Labour) - West Scotland,,x,,,,,"a vote, 17 months ago","strong (recorded vote, human-confirmed meaning line)",5,,2026-06-24 VOTE YES: S7M-00446 (Scotland Needs Reform: Five Years to 2031) [diverged from own party's majority] [no meaning line -- not placed] | 2025-06-19 VOTE ABSTAIN: S6M-18016.1 (Progressing National Advisory Council on Women a) [diverged from own party's majority] [absence/abstention -- not placed] | 2025-03-12 VOTE NO: S6M-16755.3 (Protecting Single-sex Spaces in the Public Secto) [diverged from own party's majority] [+1: Voted to keep the single-sex spaces motion's own wording against the wrecking amendment.] | 2025-03-12 VOTE ABSTAIN: S6M-16755 (Protecting Single-sex Spaces in the Public Secto) [diverged from own party's majority] [absence/abstention -- not placed] | 2024-04-17 VOTE YES: S6M-12855.4 (Repealing the Hate Crime Act) [no meaning line -- not placed]
Liam Kerr (Scottish Conservative and Unionist Party) - North East Scotland,,x,,,,,"a vote, 17 months ago","strong (recorded vote, human-confirmed meaning line)",5,,2026-06-24 VOTE NO: S7M-00446 (Scotland Needs Reform: Five Years to 2031) [diverged from own party's majority] [no meaning line -- not placed] | 2025-06-19 VOTE YES: S6M-18016.1 (Progressing National Advisory Council on Women a) [no meaning line -- not placed] | 2025-03-12 VOTE NO: S6M-16755.3 (Protecting Single-sex Spaces in the Public Secto) [diverged from own party's majority] [+1: Voted to keep the single-sex spaces motion's own wording against the wrecking amendment.] | 2025-03-12 VOTE NO: S6M-16755 (Protecting Single-sex Spaces in the Public Secto) [no meaning line -- not placed] | 2024-04-17 VOTE NO: S6M-12855.4 (Repealing the Hate Crime Act) [diverged from own party's majority] [no meaning line -- not placed]
Michael Marra (Scottish Labour) - North East Scotland,,x,,,,,"a vote, 17 months ago","strong (recorded vote, human-confirmed meaning line)",5,,2026-06-24 VOTE YES: S7M-00446 (Scotland Needs Reform: Five Years to 2031) [diverged from own party's majority] [no meaning line -- not placed] | 2025-06-19 VOTE NOT VOTED: S6M-18016.1 (Progressing National Advisory Council on Women a) [diverged from own party's majority] [absence/abstention -- not placed] | 2025-03-12 VOTE NO: S6M-16755.3 (Protecting Single-sex Spaces in the Public Secto) [diverged from own party's majority] [+1: Voted to keep the single-sex spaces motion's own wording against the wrecking amendment.] | 2025-03-12 VOTE ABSTAIN: S6M-16755 (Protecting Single-sex Spaces in the Public Secto) [diverged from own party's majority] [absence/abstention -- not placed] | 2024-04-17 VOTE YES: S6M-12855.4 (Repealing the Hate Crime Act) [no meaning line -- not placed]
Miles Briggs (Scottish Conservative and Unionist Party) - Edinburgh and Lothians East,,x,,,,,"a vote, 17 months ago","strong (recorded vote, human-confirmed meaning line)",5,,2026-06-24 VOTE NO: S7M-00446 (Scotland Needs Reform: Five Years to 2031) [diverged from own party's majority] [no meaning line -- not placed] | 2025-06-19 VOTE YES: S6M-18016.1 (Progressing National Advisory Council on Women a) [no meaning line -- not placed] | 2025-03-12 VOTE NO: S6M-16755.3 (Protecting Single-sex Spaces in the Public Secto) [diverged from own party's majority] [+1: Voted to keep the single-sex spaces motion's own wording against the wrecking amendment.] | 2025-03-12 VOTE NO: S6M-16755 (Protecting Single-sex Spaces in the Public Secto) [no meaning line -- not placed] | 2024-04-17 VOTE NO: S6M-12855.4 (Repealing the Hate Crime Act) [diverged from own party's majority] [no meaning line -- not placed]
Neil Bibby (Scottish Labour) - West Scotland,,x,,,,,"a vote, 17 months ago","strong (recorded vote, human-confirmed meaning line)",5,,2026-06-24 VOTE YES: S7M-00446 (Scotland Needs Reform: Five Years to 2031) [diverged from own party's majority] [no meaning line -- not placed] | 2025-06-19 VOTE ABSTAIN: S6M-18016.1 (Progressing National Advisory Council on Women a) [diverged from own party's majority] [absence/abstention -- not placed] | 2025-03-12 VOTE NO: S6M-16755.3 (Protecting Single-sex Spaces in the Public Secto) [diverged from own party's majority] [+1: Voted to keep the single-sex spaces motion's own wording against the wrecking amendment.] | 2025-03-12 VOTE ABSTAIN: S6M-16755 (Protecting Single-sex Spaces in the Public Secto) [diverged from own party's majority] [absence/abstention -- not placed] | 2024-04-17 VOTE NOT VOTED: S6M-12855.4 (Repealing the Hate Crime Act) [absence/abstention -- not placed]
Paul Sweeney (Scottish Labour) - Glasgow,,x,,,,,"a vote, 17 months ago","strong (recorded vote, human-confirmed meaning line)",5,,2026-06-24 VOTE YES: S7M-00446 (Scotland Needs Reform: Five Years to 2031) [diverged from own party's majority] [no meaning line -- not placed] | 2025-06-19 VOTE ABSTAIN: S6M-18016.1 (Progressing National Advisory Council on Women a) [diverged from own party's majority] [absence/abstention -- not placed] | 2025-03-12 VOTE NO: S6M-16755.3 (Protecting Single-sex Spaces in the Public Secto) [diverged from own party's majority] [+1: Voted to keep the single-sex spaces motion's own wording against the wrecking amendment.] | 2025-03-12 VOTE ABSTAIN: S6M-16755 (Protecting Single-sex Spaces in the Public Secto) [diverged from own party's majority] [absence/abstention -- not placed] | 2024-04-17 VOTE YES: S6M-12855.4 (Repealing the Hate Crime Act) [no meaning line -- not placed]
Tim Eagle (Scottish Conservative and Unionist Party) - Highlands and Islands,,x,,,,,"a vote, 17 months ago","strong (recorded vote, human-confirmed meaning line)",5,,2026-06-24 VOTE NO: S7M-00446 (Scotland Needs Reform: Five Years to 2031) [diverged from own party's majority] [no meaning line -- not placed] | 2025-06-19 VOTE YES: S6M-18016.1 (Progressing National Advisory Council on Women a) [no meaning line -- not placed] | 2025-03-12 VOTE NOT VOTED: S6M-16755 (Protecting Single-sex Spaces in the Public Secto) [absence/abstention -- not placed] | 2025-03-12 VOTE NO: S6M-16755.3 (Protecting Single-sex Spaces in the Public Secto) [diverged from own party's majority] [+1: Voted to keep the single-sex spaces motion's own wording against the wrecking amendment.] | 2024-04-17 VOTE NO: S6M-12855.4 (Repealing the Hate Crime Act) [diverged from own party's majority] [no meaning line -- not placed]
Maggie Chapman (Scottish Green Party) - North East Scotland,,,x,,,,no confirmed meaning line,n/a (activity only),9,,"2026-06-24 VOTE YES: S7M-00446 (Scotland Needs Reform: Five Years to 2031) [diverged from own party's majority] [no meaning line -- not placed] | 2026-05-27 QUESTION S7O-00013: ""To ask the Scottish Government what action it will take to address reported concerns that "" [activity, not direction] | 2025-06-19 VOTE NO: S6M-18016.1 (Progressing National Advisory Council on Women a) [diverged from own party's majority] [no meaning line -- not placed] | 2025-03-27 MOTION PROPOSED S6M-16992: International Transgender Day of Visibility [no meaning line -- not placed] | 2025-03-12 VOTE YES: S6M-16755 (Protecting Single-sex Spaces in the Public Secto) [diverged from own party's majority] [no meaning line -- not placed] | 2025-03-12 VOTE ABSTAIN: S6M-16755.3 (Protecting Single-sex Spaces in the Public Secto) [diverged from own party's majority] [absence/abstention -- not placed] | 2025-03-11 MOTION PROPOSED S6M-16755.2: Protecting Single-sex Spaces in the Public Sector [no meaning line -- not placed] | 2024-11-20 MOTION PROPOSED S6M-15556: Recognising the Transgender Day of Remembrance 2024 [no meaning line -- not placed] | 2024-04-17 VOTE NO: S6M-12855.4 (Repealing the Hate Crime Act) [diverged from own party's majority] [no meaning line -- not placed]"
Mark Ruskell (Scottish Green Party) - Mid Scotland and Fife,,,x,,,,no confirmed meaning line,n/a (activity only),7,,"2026-06-24 VOTE YES: S7M-00446 (Scotland Needs Reform: Five Years to 2031) [diverged from own party's majority] [no meaning line -- not placed] | 2026-02-17 QUESTION S6W-43784: ""To ask the Scottish Government, in light of the UK Supreme Court’s judgment in For Women S"" [activity, not direction] | 2026-02-17 QUESTION S6W-43783: ""To ask the Scottish Government what action it is taking to support youth organisations to "" [activity, not direction] | 2025-06-19 VOTE NO: S6M-18016.1 (Progressing National Advisory Council on Women a) [diverged from own party's majority] [no meaning line -- not placed] | 2025-03-12 VOTE YES: S6M-16755 (Protecting Single-sex Spaces in the Public Secto) [diverged from own party's majority] [no meaning line -- not placed] | 2025-03-12 VOTE ABSTAIN: S6M-16755.3 (Protecting Single-sex Spaces in the Public Secto) [diverged from own party's majority] [absence/abstention -- not placed] | 2024-04-17 VOTE NO: S6M-12855.4 (Repealing the Hate Crime Act) [diverged from own party's majority] [no meaning line -- not placed]"
Ariane Burgess (Scottish Green Party) - Highlands and Islands,,,x,,,,no confirmed meaning line,n/a (activity only),6,,"2026-07-21 QUESTION S7W-01897: ""To ask the Scottish Government what action it takes to meet its duties under Part 11 of th"" [activity, not direction] | 2026-06-24 VOTE YES: S7M-00446 (Scotland Needs Reform: Five Years to 2031) [diverged from own party's majority] [no meaning line -- not placed] | 2025-06-19 VOTE NOT VOTED: S6M-18016.1 (Progressing National Advisory Council on Women a) [diverged from own party's majority] [absence/abstention -- not placed] | 2025-03-12 VOTE YES: S6M-16755 (Protecting Single-sex Spaces in the Public Secto) [diverged from own party's majority] [no meaning line -- not placed] | 2025-03-12 VOTE ABSTAIN: S6M-16755.3 (Protecting Single-sex Spaces in the Public Secto) [diverged from own party's majority] [absence/abstention -- not placed] | 2024-04-17 VOTE NO: S6M-12855.4 (Repealing the Hate Crime Act) [diverged from own party's majority] [no meaning line -- not placed]"
Craig Hoy (Scottish Conservative and Unionist Party) - Dumfriesshire,,,x,,,,no confirmed meaning line,n/a (activity only),6,,2026-06-24 VOTE NO: S7M-00446 (Scotland Needs Reform: Five Years to 2031) [diverged from own party's majority] [no meaning line -- not placed] | 2025-06-19 VOTE YES: S6M-18016.1 (Progressing National Advisory Council on Women a) [no meaning line -- not placed] | 2025-03-12 VOTE NOT VOTED: S6M-16755.3 (Protecting Single-sex Spaces in the Public Secto) [diverged from own party's majority] [absence/abstention -- not placed] | 2025-03-12 VOTE NOT VOTED: S6M-16755 (Protecting Single-sex Spaces in the Public Secto) [absence/abstention -- not placed] | 2024-10-22 MOTION PROPOSED S6M-14995: Commending Sportscotland [no meaning line -- not placed] | 2024-04-17 VOTE NO: S6M-12855.4 (Repealing the Hate Crime Act) [diverged from own party's majority] [no meaning line -- not placed]
David Torrance (Scottish National Party) - Kirkcaldy,,,x,,,,no confirmed meaning line,n/a (activity only),6,,2026-06-24 VOTE NOT VOTED: S7M-00446 (Scotland Needs Reform: Five Years to 2031) [diverged from own party's majority] [absence/abstention -- not placed] | 2025-06-19 VOTE NO: S6M-18016.1 (Progressing National Advisory Council on Women a) [diverged from own party's majority] [no meaning line -- not placed] | 2025-03-12 VOTE NOT VOTED: S6M-16755.3 (Protecting Single-sex Spaces in the Public Secto) [absence/abstention -- not placed] | 2025-03-12 VOTE NOT VOTED: S6M-16755 (Protecting Single-sex Spaces in the Public Secto) [diverged from own party's majority] [absence/abstention -- not placed] | 2024-06-13 MOTION PROPOSED S6M-13627: Congratulating Nadia Przekwas on Success at GB Junio [no meaning line -- not placed] | 2024-04-17 VOTE NO: S6M-12855.4 (Repealing the Hate Crime Act) [diverged from own party's majority] [no meaning line -- not placed]
Gillian Mackay (Scottish Green Party) - Central Scot and Lothians West,,,x,,,,no confirmed meaning line,n/a (activity only),6,,2026-06-24 VOTE YES: S7M-00446 (Scotland Needs Reform: Five Years to 2031) [diverged from own party's majority] [no meaning line -- not placed] | 2025-06-19 VOTE NO: S6M-18016.1 (Progressing National Advisory Council on Women a) [diverged from own party's majority] [no meaning line -- not placed] | 2025-03-12 VOTE YES: S6M-16755 (Protecting Single-sex Spaces in the Public Secto) [diverged from own party's majority] [no meaning line -- not placed] | 2025-03-12 VOTE ABSTAIN: S6M-16755.3 (Protecting Single-sex Spaces in the Public Secto) [diverged from own party's majority] [absence/abstention -- not placed] | 2024-05-07 MOTION PROPOSED S6M-13090.3: Implementing the Cass Review in Scotland [no meaning line -- not placed] | 2024-04-17 VOTE NO: S6M-12855.4 (Repealing the Hate Crime Act) [diverged from own party's majority] [no meaning line -- not placed]
Graham Simpson (Reform UK) - Central Scot and Lothians West,,,x,,,,no confirmed meaning line,n/a (activity only),6,,"2026-07-22 QUESTION S7W-01934: ""To ask the Scottish Government what steps it is taking, through guidance, engagement or tr"" [activity, not direction] | 2026-06-24 VOTE NO: S7M-00446 (Scotland Needs Reform: Five Years to 2031) [no meaning line -- not placed] | 2025-06-19 VOTE YES: S6M-18016.1 (Progressing National Advisory Council on Women a) [no meaning line -- not placed] | 2025-03-12 VOTE NOT VOTED: S6M-16755.3 (Protecting Single-sex Spaces in the Public Secto) [diverged from own party's majority] [absence/abstention -- not placed] | 2025-03-12 VOTE NOT VOTED: S6M-16755 (Protecting Single-sex Spaces in the Public Secto) [absence/abstention -- not placed] | 2024-04-17 VOTE NO: S6M-12855.4 (Repealing the Hate Crime Act) [diverged from own party's majority] [no meaning line -- not placed]"
Jackie Dunbar (Scottish National Party) - Aberdeen Donside,,,x,,,,no confirmed meaning line,n/a (activity only),6,,2026-08-10 MOTION PROPOSED S7M-00826: Aberdeen International Airport Becomes Stoma-friendl [no meaning line -- not placed] | 2026-06-24 VOTE YES: S7M-00446 (Scotland Needs Reform: Five Years to 2031) [diverged from own party's majority] [no meaning line -- not placed] | 2025-06-19 VOTE NO: S6M-18016.1 (Progressing National Advisory Council on Women a) [diverged from own party's majority] [no meaning line -- not placed] | 2025-03-12 VOTE NOT VOTED: S6M-16755.3 (Protecting Single-sex Spaces in the Public Secto) [absence/abstention -- not placed] | 2025-03-12 VOTE NOT VOTED: S6M-16755 (Protecting Single-sex Spaces in the Public Secto) [diverged from own party's majority] [absence/abstention -- not placed] | 2024-04-17 VOTE NO: S6M-12855.4 (Repealing the Hate Crime Act) [diverged from own party's majority] [no meaning line -- not placed]
Monica Lennon (Scottish Labour) - Central Scotland,,,x,,,,no confirmed meaning line,n/a (activity only),6,,"2025-10-10 MOTION PROPOSED S6M-19317: Celebrating Margaret McAuley Rae During Scottish Wom [no meaning line -- not placed] | 2025-06-19 VOTE NOT VOTED: S6M-18016.1 (Progressing National Advisory Council on Women a) [diverged from own party's majority] [absence/abstention -- not placed] | 2025-03-12 VOTE NOT VOTED: S6M-16755.3 (Protecting Single-sex Spaces in the Public Secto) [diverged from own party's majority] [absence/abstention -- not placed] | 2025-03-12 VOTE NOT VOTED: S6M-16755 (Protecting Single-sex Spaces in the Public Secto) [diverged from own party's majority] [absence/abstention -- not placed] | 2024-11-20 MOTION PROPOSED S6M-15561: ""Still Silent?"" - Scottish Trades Union Congress Rep [no meaning line -- not placed] | 2024-04-17 VOTE YES: S6M-12855.4 (Repealing the Hate Crime Act) [no meaning line -- not placed]"
Emma Roddick (Scottish National Party) - Inverness and Nairn,,,x,,,,no confirmed meaning line,n/a (activity only),5,,2026-06-24 VOTE NOT VOTED: S7M-00446 (Scotland Needs Reform: Five Years to 2031) [diverged from own party's majority] [absence/abstention -- not placed] | 2025-06-19 VOTE NOT VOTED: S6M-18016.1 (Progressing National Advisory Council on Women a) [diverged from own party's majority] [absence/abstention -- not placed] | 2025-03-12 VOTE NOT VOTED: S6M-16755.3 (Protecting Single-sex Spaces in the Public Secto) [absence/abstention -- not placed] | 2025-03-12 VOTE NOT VOTED: S6M-16755 (Protecting Single-sex Spaces in the Public Secto) [diverged from own party's majority] [absence/abstention -- not placed] | 2024-04-17 VOTE NO: S6M-12855.4 (Repealing the Hate Crime Act) [diverged from own party's majority] [no meaning line -- not placed]
Fulton MacGregor (Scottish National Party) - Coatbridge and Chryston,,,x,,,,no confirmed meaning line,n/a (activity only),5,,2026-06-24 VOTE YES: S7M-00446 (Scotland Needs Reform: Five Years to 2031) [diverged from own party's majority] [no meaning line -- not placed] | 2025-06-19 VOTE NO: S6M-18016.1 (Progressing National Advisory Council on Women a) [diverged from own party's majority] [no meaning line -- not placed] | 2025-03-12 VOTE NOT VOTED: S6M-16755.3 (Protecting Single-sex Spaces in the Public Secto) [absence/abstention -- not placed] | 2025-03-12 VOTE NOT VOTED: S6M-16755 (Protecting Single-sex Spaces in the Public Secto) [diverged from own party's majority] [absence/abstention -- not placed] | 2024-04-17 VOTE NO: S6M-12855.4 (Repealing the Hate Crime Act) [diverged from own party's majority] [no meaning line -- not placed]
Kate Nevens (Scottish Green Party) - Edinburgh and Lothians East,,,x,,,,no confirmed meaning line,n/a (activity only),5,,"2026-07-30 MOTION PROPOSED S7M-00772: EHRC Code of Practice Enforcement Risks Violations o [no meaning line -- not placed] | 2026-07-01 QUESTION S7W-01499: ""To ask the Scottish Government, should the Equality Act 2010: Draft Code of Practice for s"" [activity, not direction] | 2026-07-01 QUESTION S7W-01498: ""To ask the Scottish Government what discussions it (a) has had or (b) plans to have with t"" [activity, not direction] | 2026-07-01 QUESTION S7W-01497: ""To ask the Scottish Government whether it (a) has written or (b) plans to write to the Equ"" [activity, not direction] | 2026-06-24 VOTE YES: S7M-00446 (Scotland Needs Reform: Five Years to 2031) [diverged from own party's majority] [no meaning line -- not placed]"
Lorna Slater (Scottish Green Party) - Edinburgh Central,,,x,,,,no confirmed meaning line,n/a (activity only),5,,2026-06-24 VOTE YES: S7M-00446 (Scotland Needs Reform: Five Years to 2031) [diverged from own party's majority] [no meaning line -- not placed] | 2025-06-19 VOTE NO: S6M-18016.1 (Progressing National Advisory Council on Women a) [diverged from own party's majority] [no meaning line -- not placed] | 2025-03-12 VOTE YES: S6M-16755 (Protecting Single-sex Spaces in the Public Secto) [diverged from own party's majority] [no meaning line -- not placed] | 2025-03-12 VOTE ABSTAIN: S6M-16755.3 (Protecting Single-sex Spaces in the Public Secto) [diverged from own party's majority] [absence/abstention -- not placed] | 2024-04-17 VOTE NO: S6M-12855.4 (Repealing the Hate Crime Act) [diverged from own party's majority] [no meaning line -- not placed]
Patrick Harvie (Scottish Green Party) - Glasgow,,,x,,,,no confirmed meaning line,n/a (activity only),5,,2026-06-24 VOTE YES: S7M-00446 (Scotland Needs Reform: Five Years to 2031) [diverged from own party's majority] [no meaning line -- not placed] | 2025-06-19 VOTE NO: S6M-18016.1 (Progressing National Advisory Council on Women a) [diverged from own party's majority] [no meaning line -- not placed] | 2025-03-12 VOTE YES: S6M-16755 (Protecting Single-sex Spaces in the Public Secto) [diverged from own party's majority] [no meaning line -- not placed] | 2025-03-12 VOTE ABSTAIN: S6M-16755.3 (Protecting Single-sex Spaces in the Public Secto) [diverged from own party's majority] [absence/abstention -- not placed] | 2024-04-17 VOTE NO: S6M-12855.4 (Repealing the Hate Crime Act) [diverged from own party's majority] [no meaning line -- not placed]
Ross Greer (Scottish Green Party) - West Scotland,,,x,,,,no confirmed meaning line,n/a (activity only),5,,2026-06-24 VOTE YES: S7M-00446 (Scotland Needs Reform: Five Years to 2031) [diverged from own party's majority] [no meaning line -- not placed] | 2025-06-19 VOTE NO: S6M-18016.1 (Progressing National Advisory Council on Women a) [diverged from own party's majority] [no meaning line -- not placed] | 2025-03-12 VOTE YES: S6M-16755 (Protecting Single-sex Spaces in the Public Secto) [diverged from own party's majority] [no meaning line -- not placed] | 2025-03-12 VOTE ABSTAIN: S6M-16755.3 (Protecting Single-sex Spaces in the Public Secto) [diverged from own party's majority] [absence/abstention -- not placed] | 2024-04-17 VOTE NO: S6M-12855.4 (Repealing the Hate Crime Act) [diverged from own party's majority] [no meaning line -- not placed]
Amanda Lindsay (Reform UK) - Central Scot and Lothians West,,,x,,,,no confirmed meaning line,n/a (activity only),4,,"2026-06-24 VOTE NO: S7M-00446 (Scotland Needs Reform: Five Years to 2031) [no meaning line -- not placed] | 2026-06-21 QUESTION S7W-01184: ""To ask the Scottish Government, in light of the Supreme Court’s clarification onbiological"" [activity, not direction] | 2026-06-09 QUESTION S7W-00892: ""To ask the Scottish Government what its position is on the compliance of school toilet fac"" [activity, not direction] | 2026-05-26 QUESTION S7W-00558: ""To ask the Scottish Parliamentary Corporate Body whether it will provide an explanation fo"" [activity, not direction]"
Helen McDade (Reform UK) - Mid Scotland and Fife,,,x,,,,no confirmed meaning line,n/a (activity only),2,,"2026-07-15 QUESTION S7W-01728: ""To ask the Scottish Government what assessment it has made of whether housing girls placed"" [activity, not direction] | 2026-06-24 VOTE NO: S7M-00446 (Scotland Needs Reform: Five Years to 2031) [no meaning line -- not placed]"
Malcolm Offord (Reform UK) - West Scotland,,,x,,,,no confirmed meaning line,n/a (activity only),2,,2026-06-24 VOTE NO: S7M-00446 (Scotland Needs Reform: Five Years to 2031) [no meaning line -- not placed] | 2026-06-22 MOTION PROPOSED S7M-00446: Scotland Needs Reform: Five Years to 2031 [no meaning line -- not placed]
Q Manivannan (Scottish Green Party) - Edinburgh and Lothians East,,,x,,,,no confirmed meaning line,n/a (activity only),2,,"2026-06-24 VOTE YES: S7M-00446 (Scotland Needs Reform: Five Years to 2031) [diverged from own party's majority] [no meaning line -- not placed] | 2026-06-10 MOTION PROPOSED S7M-00317: Casteism in Scotland, the Cultural Richness of Anti- [no meaning line -- not placed]"
Thomas Kerr (Reform UK) - Glasgow,,,x,,,,no confirmed meaning line,n/a (activity only),2,,2026-06-24 VOTE NO: S7M-00446 (Scotland Needs Reform: Five Years to 2031) [no meaning line -- not placed] | 2026-06-19 MOTION PROPOSED S7M-00431: Congratulations to For Women Scotland on Landmark Su [no meaning line -- not placed]
Adam Harley (Scottish Liberal Democrats) - Strathkelvin and Bearsden,,,x,,,,no confirmed meaning line,n/a (activity only),1,,2026-06-24 VOTE YES: S7M-00446 (Scotland Needs Reform: Five Years to 2031) [diverged from own party's majority] [no meaning line -- not placed]
Alan Brown (Scottish National Party) - Kilmarnock and Irvine Valley,,,x,,,,no confirmed meaning line,n/a (activity only),1,,2026-06-24 VOTE YES: S7M-00446 (Scotland Needs Reform: Five Years to 2031) [diverged from own party's majority] [no meaning line -- not placed]
"Alex Kerr (Scottish National Party) - Hamilton, Larkhall and Stonehouse",,,x,,,,no confirmed meaning line,n/a (activity only),1,,2026-06-24 VOTE YES: S7M-00446 (Scotland Needs Reform: Five Years to 2031) [diverged from own party's majority] [no meaning line -- not placed]
Alison Thewliss (Scottish National Party) - Glasgow Central,,,x,,,,no confirmed meaning line,n/a (activity only),1,,2026-06-24 VOTE YES: S7M-00446 (Scotland Needs Reform: Five Years to 2031) [diverged from own party's majority] [no meaning line -- not placed]
Alyn Smith (Scottish National Party) - Stirling,,,x,,,,no confirmed meaning line,n/a (activity only),1,,2026-06-24 VOTE YES: S7M-00446 (Scotland Needs Reform: Five Years to 2031) [diverged from own party's majority] [no meaning line -- not placed]
Amanda Bland (Reform UK) - Central Scot and Lothians West,,,x,,,,no confirmed meaning line,n/a (activity only),1,,2026-06-24 VOTE NO: S7M-00446 (Scotland Needs Reform: Five Years to 2031) [no meaning line -- not placed]
"Andrew Baxter (Scottish Liberal Democrats) - Skye, Lochaber and Badenoch",,,x,,,,no confirmed meaning line,n/a (activity only),1,,2026-06-24 VOTE YES: S7M-00446 (Scotland Needs Reform: Five Years to 2031) [diverged from own party's majority] [no meaning line -- not placed]
Angela Ross (Reform UK) - Edinburgh and Lothians East,,,x,,,,no confirmed meaning line,n/a (activity only),1,,2026-06-24 VOTE NO: S7M-00446 (Scotland Needs Reform: Five Years to 2031) [no meaning line -- not placed]
"Calum Kerr (Scottish National Party) - Midlothian South, Tweeddale and Lauderdale",,,x,,,,no confirmed meaning line,n/a (activity only),1,,2026-06-24 VOTE YES: S7M-00446 (Scotland Needs Reform: Five Years to 2031) [diverged from own party's majority] [no meaning line -- not placed]
Cara McKee (Scottish Green Party) - West Scotland,,,x,,,,no confirmed meaning line,n/a (activity only),1,,2026-06-24 VOTE YES: S7M-00446 (Scotland Needs Reform: Five Years to 2031) [diverged from own party's majority] [no meaning line -- not placed]
Colm Merrick (Scottish National Party) - Glasgow Anniesland,,,x,,,,no confirmed meaning line,n/a (activity only),1,,2026-06-24 VOTE YES: S7M-00446 (Scotland Needs Reform: Five Years to 2031) [diverged from own party's majority] [no meaning line -- not placed]
David Barratt (Scottish National Party) - Cowdenbeath,,,x,,,,no confirmed meaning line,n/a (activity only),1,,2026-06-24 VOTE YES: S7M-00446 (Scotland Needs Reform: Five Years to 2031) [diverged from own party's majority] [no meaning line -- not placed]
"David Green (Scottish Liberal Democrats) - Caithness, Sutherland and Ross",,,x,,,,no confirmed meaning line,n/a (activity only),1,,2026-06-24 VOTE YES: S7M-00446 (Scotland Needs Reform: Five Years to 2031) [diverged from own party's majority] [no meaning line -- not placed]
David Kirkwood (Reform UK) - South Scotland,,,x,,,,no confirmed meaning line,n/a (activity only),1,,2026-06-24 VOTE NO: S7M-00446 (Scotland Needs Reform: Five Years to 2031) [no meaning line -- not placed]
David Linden (Scottish National Party) - Glasgow Baillieston and Shettleston,,,x,,,,no confirmed meaning line,n/a (activity only),1,,2026-06-24 VOTE YES: S7M-00446 (Scotland Needs Reform: Five Years to 2031) [diverged from own party's majority] [no meaning line -- not placed]
David Smith (Reform UK) - West Scotland,,,x,,,,no confirmed meaning line,n/a (activity only),1,,2026-06-24 VOTE NO: S7M-00446 (Scotland Needs Reform: Five Years to 2031) [no meaning line -- not placed]
Dawn Black (Scottish National Party) - Angus North and Mearns,,,x,,,,no confirmed meaning line,n/a (activity only),1,,2026-06-24 VOTE YES: S7M-00446 (Scotland Needs Reform: Five Years to 2031) [diverged from own party's majority] [no meaning line -- not placed]
Donald MacKinnon (Scottish Labour) - Na h-Eileanan an Iar,,,x,,,,no confirmed meaning line,n/a (activity only),1,,2026-06-24 VOTE YES: S7M-00446 (Scotland Needs Reform: Five Years to 2031) [diverged from own party's majority] [no meaning line -- not placed]
Duncan Dunlop (Scottish Liberal Democrats) - South Scotland,,,x,,,,no confirmed meaning line,n/a (activity only),1,,2026-06-24 VOTE NOT VOTED: S7M-00446 (Scotland Needs Reform: Five Years to 2031) [diverged from own party's majority] [absence/abstention -- not placed]
Duncan Massey (Reform UK) - North East Scotland,,,x,,,,no confirmed meaning line,n/a (activity only),1,,2026-06-24 VOTE NO: S7M-00446 (Scotland Needs Reform: Five Years to 2031) [no meaning line -- not placed]
Gary Bouse (Scottish National Party) - Falkirk West,,,x,,,,no confirmed meaning line,n/a (activity only),1,,2026-06-24 VOTE YES: S7M-00446 (Scotland Needs Reform: Five Years to 2031) [diverged from own party's majority] [no meaning line -- not placed]
Hannah Mary Goodlad (Scottish National Party) - Shetland Islands,,,x,,,,no confirmed meaning line,n/a (activity only),1,,2026-06-24 VOTE YES: S7M-00446 (Scotland Needs Reform: Five Years to 2031) [diverged from own party's majority] [no meaning line -- not placed]
Heather Anderson (Scottish National Party) - Dundee City West,,,x,,,,no confirmed meaning line,n/a (activity only),1,,2026-06-24 VOTE YES: S7M-00446 (Scotland Needs Reform: Five Years to 2031) [diverged from own party's majority] [no meaning line -- not placed]
Holly Bruce (Scottish Green Party) - Glasgow Southside,,,x,,,,no confirmed meaning line,n/a (activity only),1,,2026-06-24 VOTE YES: S7M-00446 (Scotland Needs Reform: Five Years to 2031) [diverged from own party's majority] [no meaning line -- not placed]
Iris Duane (Scottish Green Party) - Glasgow,,,x,,,,no confirmed meaning line,n/a (activity only),1,,2026-06-24 VOTE YES: S7M-00446 (Scotland Needs Reform: Five Years to 2031) [diverged from own party's majority] [no meaning line -- not placed]
Irshad Ahmed (Scottish Labour) - Edinburgh and Lothians East,,,x,,,,no confirmed meaning line,n/a (activity only),1,,2026-06-24 VOTE NO: S7M-00446 (Scotland Needs Reform: Five Years to 2031) [diverged from own party's majority] [no meaning line -- not placed]
Jack Middleton (Scottish National Party) - Aberdeen Central,,,x,,,,no confirmed meaning line,n/a (activity only),1,,2026-06-24 VOTE YES: S7M-00446 (Scotland Needs Reform: Five Years to 2031) [diverged from own party's majority] [no meaning line -- not placed]
James Adams (Scottish Conservative and Unionist Party) - North East Scotland,,,x,,,,no confirmed meaning line,n/a (activity only),1,,2026-06-24 VOTE NOT VOTED: S7M-00446 (Scotland Needs Reform: Five Years to 2031) [diverged from own party's majority] [absence/abstention -- not placed]
Jamie Langan (Reform UK) - South Scotland,,,x,,,,no confirmed meaning line,n/a (activity only),1,,2026-06-24 VOTE NO: S7M-00446 (Scotland Needs Reform: Five Years to 2031) [no meaning line -- not placed]
Jenny Young (Scottish Labour) - Central Scot and Lothians West,,,x,,,,no confirmed meaning line,n/a (activity only),1,,2026-06-24 VOTE YES: S7M-00446 (Scotland Needs Reform: Five Years to 2031) [diverged from own party's majority] [no meaning line -- not placed]
Joe Fagan (Scottish Labour) - South Scotland,,,x,,,,no confirmed meaning line,n/a (activity only),1,,2026-06-24 VOTE YES: S7M-00446 (Scotland Needs Reform: Five Years to 2031) [diverged from own party's majority] [no meaning line -- not placed]
Joe Long (Scottish Labour) - Mid Scotland and Fife,,,x,,,,no confirmed meaning line,n/a (activity only),1,,2026-06-24 VOTE YES: S7M-00446 (Scotland Needs Reform: Five Years to 2031) [diverged from own party's majority] [no meaning line -- not placed]
Julie MacDougall (Reform UK) - Mid Scotland and Fife,,,x,,,,no confirmed meaning line,n/a (activity only),1,,2026-06-24 VOTE NO: S7M-00446 (Scotland Needs Reform: Five Years to 2031) [no meaning line -- not placed]
"Kate Campbell (Scottish National Party) - Edinburgh Eastern, Musselburgh and Tranent",,,x,,,,no confirmed meaning line,n/a (activity only),1,,2026-06-24 VOTE YES: S7M-00446 (Scotland Needs Reform: Five Years to 2031) [diverged from own party's majority] [no meaning line -- not placed]
Katherine Sangster (Scottish Labour) - Edinburgh and Lothians East,,,x,,,,no confirmed meaning line,n/a (activity only),1,,2026-06-24 VOTE YES: S7M-00446 (Scotland Needs Reform: Five Years to 2031) [diverged from own party's majority] [no meaning line -- not placed]
"Katie Hagmann (Scottish National Party) - Carrick, Cumnock and Doon Valley",,,x,,,,no confirmed meaning line,n/a (activity only),1,,2026-06-24 VOTE YES: S7M-00446 (Scotland Needs Reform: Five Years to 2031) [diverged from own party's majority] [no meaning line -- not placed]
Kayleigh Kinross-O'Neill (Scottish Green Party) - Edinburgh and Lothians East,,,x,,,,no confirmed meaning line,n/a (activity only),1,,2026-06-24 VOTE YES: S7M-00446 (Scotland Needs Reform: Five Years to 2031) [diverged from own party's majority] [no meaning line -- not placed]
Kim Schmulian (Reform UK) - Glasgow,,,x,,,,no confirmed meaning line,n/a (activity only),1,,2026-06-24 VOTE NO: S7M-00446 (Scotland Needs Reform: Five Years to 2031) [no meaning line -- not placed]
Kirsten Oswald (Scottish National Party) - Eastwood,,,x,,,,no confirmed meaning line,n/a (activity only),1,,2026-06-24 VOTE YES: S7M-00446 (Scotland Needs Reform: Five Years to 2031) [diverged from own party's majority] [no meaning line -- not placed]
Kristopher Leask (Scottish Green Party) - Highlands and Islands,,,x,,,,no confirmed meaning line,n/a (activity only),1,,2026-06-24 VOTE YES: S7M-00446 (Scotland Needs Reform: Five Years to 2031) [diverged from own party's majority] [no meaning line -- not placed]
Laura Mitchell (Scottish National Party) - Moray,,,x,,,,no confirmed meaning line,n/a (activity only),1,,2026-06-24 VOTE YES: S7M-00446 (Scotland Needs Reform: Five Years to 2031) [diverged from own party's majority] [no meaning line -- not placed]
Laura Moodie (Scottish Green Party) - South Scotland,,,x,,,,no confirmed meaning line,n/a (activity only),1,,2026-06-24 VOTE YES: S7M-00446 (Scotland Needs Reform: Five Years to 2031) [diverged from own party's majority] [no meaning line -- not placed]
Lloyd Melville (Scottish National Party) - Angus South,,,x,,,,no confirmed meaning line,n/a (activity only),1,,2026-06-24 VOTE YES: S7M-00446 (Scotland Needs Reform: Five Years to 2031) [diverged from own party's majority] [no meaning line -- not placed]
Mark Simpson (Reform UK) - North East Scotland,,,x,,,,no confirmed meaning line,n/a (activity only),1,,2026-06-24 VOTE NO: S7M-00446 (Scotland Needs Reform: Five Years to 2031) [no meaning line -- not placed]
Martyn Day (Scottish National Party) - Falkirk East and Linlithgow,,,x,,,,no confirmed meaning line,n/a (activity only),1,,2026-06-24 VOTE YES: S7M-00446 (Scotland Needs Reform: Five Years to 2031) [diverged from own party's majority] [no meaning line -- not placed]
Max Bannerman (Reform UK) - Highlands and Islands,,,x,,,,no confirmed meaning line,n/a (activity only),1,,2026-06-24 VOTE NO: S7M-00446 (Scotland Needs Reform: Five Years to 2031) [no meaning line -- not placed]
Michelle Campbell (Scottish National Party) - Renfrewshire North and Cardonald,,,x,,,,no confirmed meaning line,n/a (activity only),1,,2026-06-24 VOTE YES: S7M-00446 (Scotland Needs Reform: Five Years to 2031) [diverged from own party's majority] [no meaning line -- not placed]
Morven-May MacCallum (Scottish Liberal Democrats) - Highlands and Islands,,,x,,,,no confirmed meaning line,n/a (activity only),1,,2026-06-24 VOTE YES: S7M-00446 (Scotland Needs Reform: Five Years to 2031) [diverged from own party's majority] [no meaning line -- not placed]
Patricia Gibson (Scottish National Party) - Cunninghame South,,,x,,,,no confirmed meaning line,n/a (activity only),1,,2026-06-24 VOTE YES: S7M-00446 (Scotland Needs Reform: Five Years to 2031) [diverged from own party's majority] [no meaning line -- not placed]
Pauline Stafford (Scottish National Party) - Bathgate,,,x,,,,no confirmed meaning line,n/a (activity only),1,,2026-06-24 VOTE YES: S7M-00446 (Scotland Needs Reform: Five Years to 2031) [diverged from own party's majority] [no meaning line -- not placed]
Sanne Dijkstra-Downie (Scottish Liberal Democrats) - Edinburgh Northern,,,x,,,,no confirmed meaning line,n/a (activity only),1,,2026-06-24 VOTE YES: S7M-00446 (Scotland Needs Reform: Five Years to 2031) [diverged from own party's majority] [no meaning line -- not placed]
Senga Beresford (Reform UK) - South Scotland,,,x,,,,no confirmed meaning line,n/a (activity only),1,,2026-06-24 VOTE NOT VOTED: S7M-00446 (Scotland Needs Reform: Five Years to 2031) [absence/abstention -- not placed]
Simita Kumar (Scottish National Party) - Edinburgh South Western,,,x,,,,no confirmed meaning line,n/a (activity only),1,,2026-06-24 VOTE YES: S7M-00446 (Scotland Needs Reform: Five Years to 2031) [diverged from own party's majority] [no meaning line -- not placed]
Stephen Flynn (Scottish National Party) - Aberdeen Deeside and North Kincardine,,,x,,,,no confirmed meaning line,n/a (activity only),1,,2026-06-24 VOTE NOT VOTED: S7M-00446 (Scotland Needs Reform: Five Years to 2031) [diverged from own party's majority] [absence/abstention -- not placed]
Stephen Gethins (Scottish National Party) - Dundee City East,,,x,,,,no confirmed meaning line,n/a (activity only),1,,2026-06-24 VOTE YES: S7M-00446 (Scotland Needs Reform: Five Years to 2031) [diverged from own party's majority] [no meaning line -- not placed]
Steven Bonnar (Scottish National Party) - Uddingston and Bellshill,,,x,,,,no confirmed meaning line,n/a (activity only),1,,2026-06-24 VOTE YES: S7M-00446 (Scotland Needs Reform: Five Years to 2031) [diverged from own party's majority] [no meaning line -- not placed]
Victor Currie (Reform UK) - Highlands and Islands,,,x,,,,no confirmed meaning line,n/a (activity only),1,,2026-06-24 VOTE NO: S7M-00446 (Scotland Needs Reform: Five Years to 2031) [no meaning line -- not placed]
Yi-pei Chou Turvey (Scottish Liberal Democrats) - North East Scotland,,,x,,,,no confirmed meaning line,n/a (activity only),1,,2026-06-24 VOTE YES: S7M-00446 (Scotland Needs Reform: Five Years to 2031) [diverged from own party's majority] [no meaning line -- not placed]
Zen Ghani (Scottish National Party) - Glasgow Cathcart and Pollok,,,x,,,,no confirmed meaning line,n/a (activity only),1,,2026-06-24 VOTE YES: S7M-00446 (Scotland Needs Reform: Five Years to 2031) [diverged from own party's majority] [no meaning line -- not placed]
Angela Constance (Scottish National Party) - Almond Valley,,,,x,,,"a vote, 17 months ago","strong (recorded vote, human-confirmed meaning line)",7,,2026-06-24 VOTE YES: S7M-00446 (Scotland Needs Reform: Five Years to 2031) [diverged from own party's majority] [no meaning line -- not placed] | 2025-06-19 VOTE NO: S6M-18016.1 (Progressing National Advisory Council on Women a) [diverged from own party's majority] [no meaning line -- not placed] | 2025-03-12 VOTE YES: S6M-16755.3 (Protecting Single-sex Spaces in the Public Secto) [-1: Voted to strip the operative wording from a motion protecting single-sex spaces and replace it with compliance] | 2025-03-12 VOTE YES: S6M-16755 (Protecting Single-sex Spaces in the Public Secto) [diverged from own party's majority] [no meaning line -- not placed] | 2024-04-18 MOTION PROPOSED S6M-12909: Equality Act 2010 (Specific Duties) (Scotland) Amend [no meaning line -- not placed] | 2024-04-18 MOTION PROPOSED S6M-12908: Equality Act 2010 (Specification of Public Authoriti [no meaning line -- not placed] | 2024-04-17 VOTE NO: S6M-12855.4 (Repealing the Hate Crime Act) [diverged from own party's majority] [no meaning line -- not placed]
Clare Adamson (Scottish National Party) - Motherwell and Wishaw,,,,x,,,"a vote, 17 months ago","strong (recorded vote, human-confirmed meaning line)",7,,"2026-06-24 VOTE YES: S7M-00446 (Scotland Needs Reform: Five Years to 2031) [diverged from own party's majority] [no meaning line -- not placed] | 2025-06-19 VOTE NOT VOTED: S6M-18016.1 (Progressing National Advisory Council on Women a) [diverged from own party's majority] [absence/abstention -- not placed] | 2025-06-19 MOTION PROPOSED S6M-18039: Congratulations to Braidhurst High School on Winning [no meaning line -- not placed] | 2025-03-12 VOTE YES: S6M-16755.3 (Protecting Single-sex Spaces in the Public Secto) [-1: Voted to strip the operative wording from a motion protecting single-sex spaces and replace it with compliance] | 2025-03-12 VOTE YES: S6M-16755 (Protecting Single-sex Spaces in the Public Secto) [diverged from own party's majority] [no meaning line -- not placed] | 2024-11-13 MOTION PROPOSED S6M-15441: The Changing Rooms, Motherwell FC [no meaning line -- not placed] | 2024-04-17 VOTE NOT VOTED: S6M-12855.4 (Repealing the Hate Crime Act) [diverged from own party's majority] [absence/abstention -- not placed]"
Gillian Martin (Scottish National Party) - Aberdeenshire East,,,,x,,,"a vote, 17 months ago","strong (recorded vote, human-confirmed meaning line)",7,,2026-06-24 VOTE YES: S7M-00446 (Scotland Needs Reform: Five Years to 2031) [diverged from own party's majority] [no meaning line -- not placed] | 2025-09-17 MOTION PROPOSED S6M-18944: Equality Act 2010 (Specification of Public Authoriti [no meaning line -- not placed] | 2025-09-17 MOTION PROPOSED S6M-18943: Equality Act 2010 (Specific Duties) (Scotland) Amend [no meaning line -- not placed] | 2025-06-19 VOTE NO: S6M-18016.1 (Progressing National Advisory Council on Women a) [diverged from own party's majority] [no meaning line -- not placed] | 2025-03-12 VOTE YES: S6M-16755.3 (Protecting Single-sex Spaces in the Public Secto) [-1: Voted to strip the operative wording from a motion protecting single-sex spaces and replace it with compliance] | 2025-03-12 VOTE YES: S6M-16755 (Protecting Single-sex Spaces in the Public Secto) [diverged from own party's majority] [no meaning line -- not placed] | 2024-04-17 VOTE NO: S6M-12855.4 (Repealing the Hate Crime Act) [diverged from own party's majority] [no meaning line -- not placed]
Jamie Hepburn (Scottish National Party) - Cumbernauld and Kilsyth,,,,x,,,"a vote, 17 months ago","strong (recorded vote, human-confirmed meaning line)",7,,2026-06-24 VOTE YES: S7M-00446 (Scotland Needs Reform: Five Years to 2031) [diverged from own party's majority] [no meaning line -- not placed] | 2025-06-19 VOTE NO: S6M-18016.1 (Progressing National Advisory Council on Women a) [diverged from own party's majority] [no meaning line -- not placed] | 2025-03-12 VOTE YES: S6M-16755.3 (Protecting Single-sex Spaces in the Public Secto) [-1: Voted to strip the operative wording from a motion protecting single-sex spaces and replace it with compliance] | 2025-03-12 VOTE YES: S6M-16755 (Protecting Single-sex Spaces in the Public Secto) [diverged from own party's majority] [no meaning line -- not placed] | 2024-05-28 MOTION PROPOSED S6M-13397: Approval of SSI [no meaning line -- not placed] | 2024-05-28 MOTION PROPOSED S6M-13396: Approval of SSI [no meaning line -- not placed] | 2024-04-17 VOTE NO: S6M-12855.4 (Repealing the Hate Crime Act) [diverged from own party's majority] [no meaning line -- not placed]
Alex Cole-Hamilton (Scottish Liberal Democrats) - Edinburgh North Western,,,,x,,,"a vote, 17 months ago","strong (recorded vote, human-confirmed meaning line)",6,,2026-06-24 VOTE YES: S7M-00446 (Scotland Needs Reform: Five Years to 2031) [diverged from own party's majority] [no meaning line -- not placed] | 2025-06-19 VOTE NO: S6M-18016.1 (Progressing National Advisory Council on Women a) [diverged from own party's majority] [no meaning line -- not placed] | 2025-04-28 MOTION PROPOSED S6M-17358: Impact of Traveller Encampments and Local Authority  [no meaning line -- not placed] | 2025-03-12 VOTE YES: S6M-16755.3 (Protecting Single-sex Spaces in the Public Secto) [diverged from own party's majority] [-1: Voted to strip the operative wording from a motion protecting single-sex spaces and replace it with compliance] | 2025-03-12 VOTE YES: S6M-16755 (Protecting Single-sex Spaces in the Public Secto) [diverged from own party's majority] [no meaning line -- not placed] | 2024-04-17 VOTE NO: S6M-12855.4 (Repealing the Hate Crime Act) [diverged from own party's majority] [no meaning line -- not placed]
Ben Macpherson (Scottish National Party) - Edinburgh North Eastern and Leith,,,,x,,,"a vote, 17 months ago","strong (recorded vote, human-confirmed meaning line)",6,,2026-06-24 VOTE YES: S7M-00446 (Scotland Needs Reform: Five Years to 2031) [diverged from own party's majority] [no meaning line -- not placed] | 2025-08-21 MOTION PROPOSED S6M-18579: Leith Academy Achieves LGBT Charter Gold Award [no meaning line -- not placed] | 2025-06-19 VOTE NO: S6M-18016.1 (Progressing National Advisory Council on Women a) [diverged from own party's majority] [no meaning line -- not placed] | 2025-03-12 VOTE YES: S6M-16755.3 (Protecting Single-sex Spaces in the Public Secto) [-1: Voted to strip the operative wording from a motion protecting single-sex spaces and replace it with compliance] | 2025-03-12 VOTE YES: S6M-16755 (Protecting Single-sex Spaces in the Public Secto) [diverged from own party's majority] [no meaning line -- not placed] | 2024-04-17 VOTE NO: S6M-12855.4 (Repealing the Hate Crime Act) [diverged from own party's majority] [no meaning line -- not placed]
Collette Stevenson (Scottish National Party) - East Kilbride,,,,x,,,"a vote, 17 months ago","strong (recorded vote, human-confirmed meaning line)",6,,2026-06-24 VOTE YES: S7M-00446 (Scotland Needs Reform: Five Years to 2031) [diverged from own party's majority] [no meaning line -- not placed] | 2025-06-19 VOTE NO: S6M-18016.1 (Progressing National Advisory Council on Women a) [diverged from own party's majority] [no meaning line -- not placed] | 2025-03-12 VOTE YES: S6M-16755.3 (Protecting Single-sex Spaces in the Public Secto) [-1: Voted to strip the operative wording from a motion protecting single-sex spaces and replace it with compliance] | 2025-03-12 VOTE NO: S6M-16755 (Protecting Single-sex Spaces in the Public Secto) [diverged from own party's majority] [no meaning line -- not placed] | 2024-04-17 VOTE NO: S6M-12855.4 (Repealing the Hate Crime Act) [diverged from own party's majority] [no meaning line -- not placed] | 2024-02-28 MOTION PROPOSED S6M-12342: Shining a Light on Domestic Abuse in LGBT+ History M [no meaning line -- not placed]
George Adam (Scottish National Party) - Paisley,,,,x,,,"a vote, 17 months ago","strong (recorded vote, human-confirmed meaning line)",6,,"2026-06-24 VOTE YES: S7M-00446 (Scotland Needs Reform: Five Years to 2031) [diverged from own party's majority] [no meaning line -- not placed] | 2026-06-23 QUESTION S7W-01252: ""To ask the Scottish Government whether it will provide an update on the recent Court of Se"" [activity, not direction] | 2025-06-19 VOTE NO: S6M-18016.1 (Progressing National Advisory Council on Women a) [diverged from own party's majority] [no meaning line -- not placed] | 2025-03-12 VOTE YES: S6M-16755.3 (Protecting Single-sex Spaces in the Public Secto) [-1: Voted to strip the operative wording from a motion protecting single-sex spaces and replace it with compliance] | 2025-03-12 VOTE YES: S6M-16755 (Protecting Single-sex Spaces in the Public Secto) [diverged from own party's majority] [no meaning line -- not placed] | 2024-04-17 VOTE NO: S6M-12855.4 (Repealing the Hate Crime Act) [diverged from own party's majority] [no meaning line -- not placed]"
Paul McLennan (Scottish National Party) - East Lothian Coast and Lammermuirs,,,,x,,,"a vote, 17 months ago","strong (recorded vote, human-confirmed meaning line)",6,,2026-06-24 VOTE YES: S7M-00446 (Scotland Needs Reform: Five Years to 2031) [diverged from own party's majority] [no meaning line -- not placed] | 2025-11-04 MOTION PROPOSED S6M-19547: Recognising Transgender Awareness Week and Transgend [no meaning line -- not placed] | 2025-06-19 VOTE NO: S6M-18016.1 (Progressing National Advisory Council on Women a) [diverged from own party's majority] [no meaning line -- not placed] | 2025-03-12 VOTE YES: S6M-16755.3 (Protecting Single-sex Spaces in the Public Secto) [-1: Voted to strip the operative wording from a motion protecting single-sex spaces and replace it with compliance] | 2025-03-12 VOTE YES: S6M-16755 (Protecting Single-sex Spaces in the Public Secto) [diverged from own party's majority] [no meaning line -- not placed] | 2024-04-17 VOTE NO: S6M-12855.4 (Repealing the Hate Crime Act) [diverged from own party's majority] [no meaning line -- not placed]
Shirley-Anne Somerville (Scottish National Party) - Dunfermline,,,,x,,,"a vote, 17 months ago","strong (recorded vote, human-confirmed meaning line)",6,,2026-06-24 VOTE YES: S7M-00446 (Scotland Needs Reform: Five Years to 2031) [diverged from own party's majority] [no meaning line -- not placed] | 2025-06-19 VOTE NO: S6M-18016.1 (Progressing National Advisory Council on Women a) [diverged from own party's majority] [no meaning line -- not placed] | 2025-03-12 VOTE YES: S6M-16755.3 (Protecting Single-sex Spaces in the Public Secto) [-1: Voted to strip the operative wording from a motion protecting single-sex spaces and replace it with compliance] | 2025-03-12 VOTE YES: S6M-16755 (Protecting Single-sex Spaces in the Public Secto) [diverged from own party's majority] [no meaning line -- not placed] | 2025-03-11 MOTION PROPOSED S6M-16755.3: Protecting Single-sex Spaces in the Public Sector [no meaning line -- not placed] | 2024-04-17 VOTE NO: S6M-12855.4 (Repealing the Hate Crime Act) [diverged from own party's majority] [no meaning line -- not placed]
Willie Rennie (Scottish Liberal Democrats) - Fife North East,,,,x,,,"a vote, 17 months ago","strong (recorded vote, human-confirmed meaning line)",6,,2026-06-24 VOTE YES: S7M-00446 (Scotland Needs Reform: Five Years to 2031) [diverged from own party's majority] [no meaning line -- not placed] | 2025-06-19 VOTE NO: S6M-18016.1 (Progressing National Advisory Council on Women a) [diverged from own party's majority] [no meaning line -- not placed] | 2025-04-22 MOTION PROPOSED S6M-17275: Fife Thistle AFC 30th Anniversary [no meaning line -- not placed] | 2025-03-12 VOTE YES: S6M-16755.3 (Protecting Single-sex Spaces in the Public Secto) [diverged from own party's majority] [-1: Voted to strip the operative wording from a motion protecting single-sex spaces and replace it with compliance] | 2025-03-12 VOTE YES: S6M-16755 (Protecting Single-sex Spaces in the Public Secto) [diverged from own party's majority] [no meaning line -- not placed] | 2024-04-17 VOTE NO: S6M-12855.4 (Repealing the Hate Crime Act) [diverged from own party's majority] [no meaning line -- not placed]
Bob Doris (Scottish National Party) - Glasgow Kelvin and Maryhill,,,,x,,,"a vote, 17 months ago","strong (recorded vote, human-confirmed meaning line)",5,,2026-06-24 VOTE YES: S7M-00446 (Scotland Needs Reform: Five Years to 2031) [diverged from own party's majority] [no meaning line -- not placed] | 2025-06-19 VOTE NO: S6M-18016.1 (Progressing National Advisory Council on Women a) [diverged from own party's majority] [no meaning line -- not placed] | 2025-03-12 VOTE YES: S6M-16755.3 (Protecting Single-sex Spaces in the Public Secto) [-1: Voted to strip the operative wording from a motion protecting single-sex spaces and replace it with compliance] | 2025-03-12 VOTE YES: S6M-16755 (Protecting Single-sex Spaces in the Public Secto) [diverged from own party's majority] [no meaning line -- not placed] | 2024-04-17 VOTE NO: S6M-12855.4 (Repealing the Hate Crime Act) [diverged from own party's majority] [no meaning line -- not placed]
Clare Haughey (Scottish National Party) - Rutherglen and Cambuslang,,,,x,,,"a vote, 17 months ago","strong (recorded vote, human-confirmed meaning line)",5,,2026-06-24 VOTE YES: S7M-00446 (Scotland Needs Reform: Five Years to 2031) [diverged from own party's majority] [no meaning line -- not placed] | 2025-06-19 VOTE NO: S6M-18016.1 (Progressing National Advisory Council on Women a) [diverged from own party's majority] [no meaning line -- not placed] | 2025-03-12 VOTE YES: S6M-16755.3 (Protecting Single-sex Spaces in the Public Secto) [-1: Voted to strip the operative wording from a motion protecting single-sex spaces and replace it with compliance] | 2025-03-12 VOTE YES: S6M-16755 (Protecting Single-sex Spaces in the Public Secto) [diverged from own party's majority] [no meaning line -- not placed] | 2024-04-17 VOTE NO: S6M-12855.4 (Repealing the Hate Crime Act) [diverged from own party's majority] [no meaning line -- not placed]
Colin Beattie (Scottish National Party) - Midlothian North,,,,x,,,"a vote, 17 months ago","strong (recorded vote, human-confirmed meaning line)",5,,2026-06-24 VOTE YES: S7M-00446 (Scotland Needs Reform: Five Years to 2031) [diverged from own party's majority] [no meaning line -- not placed] | 2025-06-19 VOTE NO: S6M-18016.1 (Progressing National Advisory Council on Women a) [diverged from own party's majority] [no meaning line -- not placed] | 2025-03-12 VOTE YES: S6M-16755.3 (Protecting Single-sex Spaces in the Public Secto) [-1: Voted to strip the operative wording from a motion protecting single-sex spaces and replace it with compliance] | 2025-03-12 VOTE YES: S6M-16755 (Protecting Single-sex Spaces in the Public Secto) [diverged from own party's majority] [no meaning line -- not placed] | 2024-04-17 VOTE NO: S6M-12855.4 (Repealing the Hate Crime Act) [diverged from own party's majority] [no meaning line -- not placed]
Ivan McKee (Scottish National Party) - Glasgow Easterhouse and Springburn,,,,x,,,"a vote, 17 months ago","strong (recorded vote, human-confirmed meaning line)",5,,2026-06-24 VOTE YES: S7M-00446 (Scotland Needs Reform: Five Years to 2031) [diverged from own party's majority] [no meaning line -- not placed] | 2025-06-19 VOTE NO: S6M-18016.1 (Progressing National Advisory Council on Women a) [diverged from own party's majority] [no meaning line -- not placed] | 2025-03-12 VOTE YES: S6M-16755.3 (Protecting Single-sex Spaces in the Public Secto) [-1: Voted to strip the operative wording from a motion protecting single-sex spaces and replace it with compliance] | 2025-03-12 VOTE YES: S6M-16755 (Protecting Single-sex Spaces in the Public Secto) [diverged from own party's majority] [no meaning line -- not placed] | 2024-04-17 VOTE NO: S6M-12855.4 (Repealing the Hate Crime Act) [diverged from own party's majority] [no meaning line -- not placed]
Jenni Minto (Scottish National Party) - Argyll and Bute,,,,x,,,"a vote, 17 months ago","strong (recorded vote, human-confirmed meaning line)",5,,2026-06-24 VOTE YES: S7M-00446 (Scotland Needs Reform: Five Years to 2031) [diverged from own party's majority] [no meaning line -- not placed] | 2025-06-19 VOTE NO: S6M-18016.1 (Progressing National Advisory Council on Women a) [diverged from own party's majority] [no meaning line -- not placed] | 2025-03-12 VOTE YES: S6M-16755.3 (Protecting Single-sex Spaces in the Public Secto) [-1: Voted to strip the operative wording from a motion protecting single-sex spaces and replace it with compliance] | 2025-03-12 VOTE YES: S6M-16755 (Protecting Single-sex Spaces in the Public Secto) [diverged from own party's majority] [no meaning line -- not placed] | 2024-04-17 VOTE NO: S6M-12855.4 (Repealing the Hate Crime Act) [diverged from own party's majority] [no meaning line -- not placed]
Jenny Gilruth (Scottish National Party) - Mid Fife and Glenrothes,,,,x,,,"a vote, 17 months ago","strong (recorded vote, human-confirmed meaning line)",5,,2026-06-24 VOTE NOT VOTED: S7M-00446 (Scotland Needs Reform: Five Years to 2031) [diverged from own party's majority] [absence/abstention -- not placed] | 2025-06-19 VOTE NO: S6M-18016.1 (Progressing National Advisory Council on Women a) [diverged from own party's majority] [no meaning line -- not placed] | 2025-03-12 VOTE YES: S6M-16755.3 (Protecting Single-sex Spaces in the Public Secto) [-1: Voted to strip the operative wording from a motion protecting single-sex spaces and replace it with compliance] | 2025-03-12 VOTE YES: S6M-16755 (Protecting Single-sex Spaces in the Public Secto) [diverged from own party's majority] [no meaning line -- not placed] | 2024-04-17 VOTE NO: S6M-12855.4 (Repealing the Hate Crime Act) [diverged from own party's majority] [no meaning line -- not placed]
Jim Fairlie (Scottish National Party) - Perthshire South and Kinross-shire,,,,x,,,"a vote, 17 months ago","strong (recorded vote, human-confirmed meaning line)",5,,2026-06-24 VOTE YES: S7M-00446 (Scotland Needs Reform: Five Years to 2031) [diverged from own party's majority] [no meaning line -- not placed] | 2025-06-19 VOTE NOT VOTED: S6M-18016.1 (Progressing National Advisory Council on Women a) [diverged from own party's majority] [absence/abstention -- not placed] | 2025-03-12 VOTE YES: S6M-16755.3 (Protecting Single-sex Spaces in the Public Secto) [-1: Voted to strip the operative wording from a motion protecting single-sex spaces and replace it with compliance] | 2025-03-12 VOTE YES: S6M-16755 (Protecting Single-sex Spaces in the Public Secto) [diverged from own party's majority] [no meaning line -- not placed] | 2024-04-17 VOTE NO: S6M-12855.4 (Repealing the Hate Crime Act) [diverged from own party's majority] [no meaning line -- not placed]
John Swinney (Scottish National Party) - Perthshire North,,,,x,,,"a vote, 17 months ago","strong (recorded vote, human-confirmed meaning line)",5,,2026-06-24 VOTE YES: S7M-00446 (Scotland Needs Reform: Five Years to 2031) [diverged from own party's majority] [no meaning line -- not placed] | 2025-06-19 VOTE NOT VOTED: S6M-18016.1 (Progressing National Advisory Council on Women a) [diverged from own party's majority] [absence/abstention -- not placed] | 2025-03-12 VOTE YES: S6M-16755.3 (Protecting Single-sex Spaces in the Public Secto) [-1: Voted to strip the operative wording from a motion protecting single-sex spaces and replace it with compliance] | 2025-03-12 VOTE YES: S6M-16755 (Protecting Single-sex Spaces in the Public Secto) [diverged from own party's majority] [no meaning line -- not placed] | 2024-04-17 VOTE NO: S6M-12855.4 (Repealing the Hate Crime Act) [diverged from own party's majority] [no meaning line -- not placed]
Karen Adam (Scottish National Party) - Banffshire and Buchan Coast,,,,x,,,"a vote, 17 months ago","strong (recorded vote, human-confirmed meaning line)",5,,2026-06-24 VOTE YES: S7M-00446 (Scotland Needs Reform: Five Years to 2031) [diverged from own party's majority] [no meaning line -- not placed] | 2025-06-19 VOTE NO: S6M-18016.1 (Progressing National Advisory Council on Women a) [diverged from own party's majority] [no meaning line -- not placed] | 2025-03-12 VOTE YES: S6M-16755.3 (Protecting Single-sex Spaces in the Public Secto) [-1: Voted to strip the operative wording from a motion protecting single-sex spaces and replace it with compliance] | 2025-03-12 VOTE YES: S6M-16755 (Protecting Single-sex Spaces in the Public Secto) [diverged from own party's majority] [no meaning line -- not placed] | 2024-04-17 VOTE NO: S6M-12855.4 (Repealing the Hate Crime Act) [diverged from own party's majority] [no meaning line -- not placed]
Keith Brown (Scottish National Party) - Clackmannanshire and Dunblane,,,,x,,,"a vote, 17 months ago","strong (recorded vote, human-confirmed meaning line)",5,,2026-06-24 VOTE YES: S7M-00446 (Scotland Needs Reform: Five Years to 2031) [diverged from own party's majority] [no meaning line -- not placed] | 2025-06-19 VOTE NO: S6M-18016.1 (Progressing National Advisory Council on Women a) [diverged from own party's majority] [no meaning line -- not placed] | 2025-03-12 VOTE YES: S6M-16755.3 (Protecting Single-sex Spaces in the Public Secto) [-1: Voted to strip the operative wording from a motion protecting single-sex spaces and replace it with compliance] | 2025-03-12 VOTE YES: S6M-16755 (Protecting Single-sex Spaces in the Public Secto) [diverged from own party's majority] [no meaning line -- not placed] | 2024-04-17 VOTE NO: S6M-12855.4 (Repealing the Hate Crime Act) [diverged from own party's majority] [no meaning line -- not placed]
Kenneth Gibson (No Party Affiliation) - Cunninghame North,,,,x,,,"a vote, 17 months ago","strong (recorded vote, human-confirmed meaning line)",5,,2026-06-24 VOTE NOT VOTED: S7M-00446 (Scotland Needs Reform: Five Years to 2031) [diverged from own party's majority] [absence/abstention -- not placed] | 2025-06-19 VOTE NO: S6M-18016.1 (Progressing National Advisory Council on Women a) [diverged from own party's majority] [no meaning line -- not placed] | 2025-03-12 VOTE YES: S6M-16755.3 (Protecting Single-sex Spaces in the Public Secto) [-1: Voted to strip the operative wording from a motion protecting single-sex spaces and replace it with compliance] | 2025-03-12 VOTE YES: S6M-16755 (Protecting Single-sex Spaces in the Public Secto) [diverged from own party's majority] [no meaning line -- not placed] | 2024-04-17 VOTE NO: S6M-12855.4 (Repealing the Hate Crime Act) [diverged from own party's majority] [no meaning line -- not placed]
Liam McArthur (Scottish Liberal Democrats) - Orkney Islands,,,,x,,,"a vote, 17 months ago","strong (recorded vote, human-confirmed meaning line)",5,,2026-06-24 VOTE YES: S7M-00446 (Scotland Needs Reform: Five Years to 2031) [diverged from own party's majority] [no meaning line -- not placed] | 2025-06-19 VOTE NO: S6M-18016.1 (Progressing National Advisory Council on Women a) [diverged from own party's majority] [no meaning line -- not placed] | 2025-03-12 VOTE YES: S6M-16755.3 (Protecting Single-sex Spaces in the Public Secto) [diverged from own party's majority] [-1: Voted to strip the operative wording from a motion protecting single-sex spaces and replace it with compliance] | 2025-03-12 VOTE YES: S6M-16755 (Protecting Single-sex Spaces in the Public Secto) [diverged from own party's majority] [no meaning line -- not placed] | 2024-04-17 VOTE NO: S6M-12855.4 (Repealing the Hate Crime Act) [diverged from own party's majority] [no meaning line -- not placed]
Maree Todd (Scottish National Party) - Highlands and Islands,,,,x,,,"a vote, 17 months ago","strong (recorded vote, human-confirmed meaning line)",5,,2026-06-24 VOTE NOT VOTED: S7M-00446 (Scotland Needs Reform: Five Years to 2031) [diverged from own party's majority] [absence/abstention -- not placed] | 2025-06-19 VOTE NO: S6M-18016.1 (Progressing National Advisory Council on Women a) [diverged from own party's majority] [no meaning line -- not placed] | 2025-03-12 VOTE YES: S6M-16755.3 (Protecting Single-sex Spaces in the Public Secto) [-1: Voted to strip the operative wording from a motion protecting single-sex spaces and replace it with compliance] | 2025-03-12 VOTE YES: S6M-16755 (Protecting Single-sex Spaces in the Public Secto) [diverged from own party's majority] [no meaning line -- not placed] | 2024-04-17 VOTE NOT VOTED: S6M-12855.4 (Repealing the Hate Crime Act) [diverged from own party's majority] [absence/abstention -- not placed]
Marie McNair (Scottish National Party) - Clydebank and Milngavie,,,,x,,,"a vote, 17 months ago","strong (recorded vote, human-confirmed meaning line)",5,,2026-06-24 VOTE YES: S7M-00446 (Scotland Needs Reform: Five Years to 2031) [diverged from own party's majority] [no meaning line -- not placed] | 2025-06-19 VOTE NO: S6M-18016.1 (Progressing National Advisory Council on Women a) [diverged from own party's majority] [no meaning line -- not placed] | 2025-03-12 VOTE YES: S6M-16755.3 (Protecting Single-sex Spaces in the Public Secto) [-1: Voted to strip the operative wording from a motion protecting single-sex spaces and replace it with compliance] | 2025-03-12 VOTE YES: S6M-16755 (Protecting Single-sex Spaces in the Public Secto) [diverged from own party's majority] [no meaning line -- not placed] | 2024-04-17 VOTE NO: S6M-12855.4 (Repealing the Hate Crime Act) [diverged from own party's majority] [no meaning line -- not placed]
Màiri McAllan (Scottish National Party) - Clydesdale,,,,x,,,"a vote, 17 months ago","strong (recorded vote, human-confirmed meaning line)",5,,2026-06-24 VOTE YES: S7M-00446 (Scotland Needs Reform: Five Years to 2031) [diverged from own party's majority] [no meaning line -- not placed] | 2025-06-19 VOTE NO: S6M-18016.1 (Progressing National Advisory Council on Women a) [diverged from own party's majority] [no meaning line -- not placed] | 2025-03-12 VOTE YES: S6M-16755.3 (Protecting Single-sex Spaces in the Public Secto) [-1: Voted to strip the operative wording from a motion protecting single-sex spaces and replace it with compliance] | 2025-03-12 VOTE YES: S6M-16755 (Protecting Single-sex Spaces in the Public Secto) [diverged from own party's majority] [no meaning line -- not placed] | 2024-04-17 VOTE NO: S6M-12855.4 (Repealing the Hate Crime Act) [diverged from own party's majority] [no meaning line -- not placed]
Neil Gray (Scottish National Party) - Airdrie,,,,x,,,"a vote, 17 months ago","strong (recorded vote, human-confirmed meaning line)",5,,2026-06-24 VOTE YES: S7M-00446 (Scotland Needs Reform: Five Years to 2031) [diverged from own party's majority] [no meaning line -- not placed] | 2025-06-19 VOTE NO: S6M-18016.1 (Progressing National Advisory Council on Women a) [diverged from own party's majority] [no meaning line -- not placed] | 2025-03-12 VOTE YES: S6M-16755.3 (Protecting Single-sex Spaces in the Public Secto) [-1: Voted to strip the operative wording from a motion protecting single-sex spaces and replace it with compliance] | 2025-03-12 VOTE YES: S6M-16755 (Protecting Single-sex Spaces in the Public Secto) [diverged from own party's majority] [no meaning line -- not placed] | 2024-04-17 VOTE NO: S6M-12855.4 (Repealing the Hate Crime Act) [diverged from own party's majority] [no meaning line -- not placed]
Siobhian Brown (Scottish National Party) - Ayr,,,,x,,,"a vote, 17 months ago","strong (recorded vote, human-confirmed meaning line)",5,,2026-06-24 VOTE YES: S7M-00446 (Scotland Needs Reform: Five Years to 2031) [diverged from own party's majority] [no meaning line -- not placed] | 2025-06-19 VOTE NO: S6M-18016.1 (Progressing National Advisory Council on Women a) [diverged from own party's majority] [no meaning line -- not placed] | 2025-03-12 VOTE YES: S6M-16755.3 (Protecting Single-sex Spaces in the Public Secto) [-1: Voted to strip the operative wording from a motion protecting single-sex spaces and replace it with compliance] | 2025-03-12 VOTE YES: S6M-16755 (Protecting Single-sex Spaces in the Public Secto) [diverged from own party's majority] [no meaning line -- not placed] | 2024-04-17 VOTE NO: S6M-12855.4 (Repealing the Hate Crime Act) [diverged from own party's majority] [no meaning line -- not placed]
Stuart McMillan (Scottish National Party) - Inverclyde,,,,x,,,"a vote, 17 months ago","strong (recorded vote, human-confirmed meaning line)",5,,2026-06-24 VOTE YES: S7M-00446 (Scotland Needs Reform: Five Years to 2031) [diverged from own party's majority] [no meaning line -- not placed] | 2025-06-19 VOTE NOT VOTED: S6M-18016.1 (Progressing National Advisory Council on Women a) [diverged from own party's majority] [absence/abstention -- not placed] | 2025-03-12 VOTE YES: S6M-16755.3 (Protecting Single-sex Spaces in the Public Secto) [-1: Voted to strip the operative wording from a motion protecting single-sex spaces and replace it with compliance] | 2025-03-12 VOTE YES: S6M-16755 (Protecting Single-sex Spaces in the Public Secto) [diverged from own party's majority] [no meaning line -- not placed] | 2024-04-17 VOTE NO: S6M-12855.4 (Repealing the Hate Crime Act) [diverged from own party's majority] [no meaning line -- not placed]
Tom Arthur (Scottish National Party) - Renfrewshire West and Levern Valley,,,,x,,,"a vote, 17 months ago","strong (recorded vote, human-confirmed meaning line)",5,,2026-06-24 VOTE YES: S7M-00446 (Scotland Needs Reform: Five Years to 2031) [diverged from own party's majority] [no meaning line -- not placed] | 2025-06-19 VOTE NO: S6M-18016.1 (Progressing National Advisory Council on Women a) [diverged from own party's majority] [no meaning line -- not placed] | 2025-03-12 VOTE YES: S6M-16755.3 (Protecting Single-sex Spaces in the Public Secto) [-1: Voted to strip the operative wording from a motion protecting single-sex spaces and replace it with compliance] | 2025-03-12 VOTE YES: S6M-16755 (Protecting Single-sex Spaces in the Public Secto) [diverged from own party's majority] [no meaning line -- not placed] | 2024-04-17 VOTE NO: S6M-12855.4 (Repealing the Hate Crime Act) [diverged from own party's majority] [no meaning line -- not placed]
