Decision-Maker,++,+,0,-,--,Target (Y/N),Based on,Confidence,Evidence items,Profile,Comments,Party,Where
Adam B. Schiff (D) - CA,,,1,,,,no signed reading,n/a (evidence only),1,,2026-08-05 (CO)SPONSORED 3 bill(s) on the area with no reading: S. 5219 Compassionate Care Act; S. 1310 No Tax Breaks for Union Busting (NTBUB) Act; S. 2287 Palliative Care and Hospice Education and Tra [no reading -- not placed],D,CA
Alex Padilla (D) - CA,,,1,,,,no signed reading,n/a (evidence only),1,,2025-04-04 (CO)SPONSORED 1 bill(s) on the area with no reading: S. 1310 No Tax Breaks for Union Busting (NTBUB) Act [no reading -- not placed],D,CA
Amy Klobuchar (D) - MN,,,1,,,,no signed reading,n/a (evidence only),1,,2026-07-21 (CO)SPONSORED 6 bill(s) on the area with no reading: S. 3397 ECCHO Act; S. 1935 Expanding Access to Palliative Care Act; S. 2521 Provider Training in Palliative Care Act; S. 1310 No Tax Breaks for Union Busting (NTBUB) Act; S. 2287 Palliative Care and Hospice Education and Tra; S. 5052 Lainie Jones Comprehensive Cancer Survivorshi (sponsor) [no reading -- not placed],D,MN
Angela D. Alsobrooks (D) - MD,,,1,,,,no signed reading,n/a (evidence only),1,,2026-07-21 (CO)SPONSORED 1 bill(s) on the area with no reading: S. 5052 Lainie Jones Comprehensive Cancer Survivorshi [no reading -- not placed],D,MD
"Angus S. King, Jr. (I) - ME",,,1,,,,no signed reading,n/a (evidence only),1,,2026-03-02 (CO)SPONSORED 2 bill(s) on the area with no reading: S. 3397 ECCHO Act; S. 2287 Palliative Care and Hospice Education and Tra [no reading -- not placed],I,ME
Ashley Moody (R) - FL,,,1,,,,no signed reading,n/a (evidence only),1,,2026-02-11 (CO)SPONSORED 1 bill(s) on the area with no reading: S. 3397 ECCHO Act [no reading -- not placed],R,FL
Ben Ray Luján (D) - NM,,,1,,,,no signed reading,n/a (evidence only),1,,2025-04-04 (CO)SPONSORED 1 bill(s) on the area with no reading: S. 1310 No Tax Breaks for Union Busting (NTBUB) Act (sponsor) [no reading -- not placed],D,NM
Bernard Sanders (I) - VT,,,1,,,,no signed reading,n/a (evidence only),1,,2025-04-04 (CO)SPONSORED 1 bill(s) on the area with no reading: S. 1310 No Tax Breaks for Union Busting (NTBUB) Act [no reading -- not placed],I,VT
Brian Schatz (D) - HI,,,1,,,,no signed reading,n/a (evidence only),1,,2025-04-04 (CO)SPONSORED 1 bill(s) on the area with no reading: S. 1310 No Tax Breaks for Union Busting (NTBUB) Act [no reading -- not placed],D,HI
Catherine Cortez Masto (D) - NV,,,1,,,,no signed reading,n/a (evidence only),1,,2025-04-04 (CO)SPONSORED 1 bill(s) on the area with no reading: S. 1310 No Tax Breaks for Union Busting (NTBUB) Act [no reading -- not placed],D,NV
Chris Van Hollen (D) - MD,,,1,,,,no signed reading,n/a (evidence only),1,,2025-04-04 (CO)SPONSORED 1 bill(s) on the area with no reading: S. 1310 No Tax Breaks for Union Busting (NTBUB) Act [no reading -- not placed],D,MD
Christopher A. Coons (D) - DE,,,1,,,,no signed reading,n/a (evidence only),1,,2026-03-26 (CO)SPONSORED 1 bill(s) on the area with no reading: S. 4255 Expedited Disability Insurance Payments for T [no reading -- not placed],D,DE
Christopher Murphy (D) - CT,,,1,,,,no signed reading,n/a (evidence only),1,,2025-04-04 (CO)SPONSORED 1 bill(s) on the area with no reading: S. 1310 No Tax Breaks for Union Busting (NTBUB) Act [no reading -- not placed],D,CT
Chuck Grassley (R) - IA,,,1,,,,no signed reading,n/a (evidence only),1,,2025-12-09 (CO)SPONSORED 1 bill(s) on the area with no reading: S. 3397 ECCHO Act (sponsor) [no reading -- not placed],R,IA
Cindy Hyde-Smith (R) - MS,,,1,,,,no signed reading,n/a (evidence only),1,,2026-06-01 (CO)SPONSORED 2 bill(s) on the area with no reading: S. 3397 ECCHO Act; S. 2287 Palliative Care and Hospice Education and Tra [no reading -- not placed],R,MS
Cory A. Booker (D) - NJ,,,1,,,,no signed reading,n/a (evidence only),1,,2025-04-04 (CO)SPONSORED 1 bill(s) on the area with no reading: S. 1310 No Tax Breaks for Union Busting (NTBUB) Act [no reading -- not placed],D,NJ
Cynthia M. Lummis (R) - WY,,,1,,,,no signed reading,n/a (evidence only),1,,2026-03-26 (CO)SPONSORED 1 bill(s) on the area with no reading: S. 4255 Expedited Disability Insurance Payments for T [no reading -- not placed],R,WY
David McCormick (R) - PA,,,1,,,,no signed reading,n/a (evidence only),1,,2026-02-10 (CO)SPONSORED 1 bill(s) on the area with no reading: S. 2287 Palliative Care and Hospice Education and Tra [no reading -- not placed],R,PA
Deb Fischer (R) - NE,,,1,,,,no signed reading,n/a (evidence only),1,,"2025-12-16 (CO)SPONSORED 2 bill(s) on the area with no reading: S. 1935 Expanding Access to Palliative Care Act; S.Res. 546 A resolution designating November 2025 as ""Na [no reading -- not placed]",R,NE
Edward J. Markey (D) - MA,,,1,,,,no signed reading,n/a (evidence only),1,,2025-04-04 (CO)SPONSORED 1 bill(s) on the area with no reading: S. 1310 No Tax Breaks for Union Busting (NTBUB) Act [no reading -- not placed],D,MA
Elissa Slotkin (D) - MI,,,1,,,,no signed reading,n/a (evidence only),1,,2026-04-15 (CO)SPONSORED 2 bill(s) on the area with no reading: S. 3397 ECCHO Act; S. 1310 No Tax Breaks for Union Busting (NTBUB) Act [no reading -- not placed],D,MI
Elizabeth Warren (D) - MA,,,1,,,,no signed reading,n/a (evidence only),1,,2025-04-04 (CO)SPONSORED 1 bill(s) on the area with no reading: S. 1310 No Tax Breaks for Union Busting (NTBUB) Act [no reading -- not placed],D,MA
Gary C. Peters (D) - MI,,,1,,,,no signed reading,n/a (evidence only),1,,2026-02-24 (CO)SPONSORED 1 bill(s) on the area with no reading: S. 3898 Gerald’s Law Reauthorization Act of 2026 [no reading -- not placed],D,MI
Jack Reed (D) - RI,,,1,,,,no signed reading,n/a (evidence only),1,,2026-03-26 (CO)SPONSORED 3 bill(s) on the area with no reading: S. 1310 No Tax Breaks for Union Busting (NTBUB) Act; S. 2287 Palliative Care and Hospice Education and Tra; S. 4255 Expedited Disability Insurance Payments for T [no reading -- not placed],D,RI
Jacky Rosen (D) - NV,,,1,,,,no signed reading,n/a (evidence only),1,,"2026-06-10 (CO)SPONSORED 7 bill(s) on the area with no reading: S. 3397 ECCHO Act; S. 1935 Expanding Access to Palliative Care Act (sponsor); S.Res. 546 A resolution designating November 2025 as ""Na (sponsor); S. 2521 Provider Training in Palliative Care Act (sponsor); S. 1310 No Tax Breaks for Union Busting (NTBUB) Act; S. 2287 Palliative Care and Hospice Education and Tra; and 1 more [no reading -- not placed]",D,NV
James C. Justice (R) - WV,,,1,,,,no signed reading,n/a (evidence only),1,,2025-09-11 (CO)SPONSORED 1 bill(s) on the area with no reading: S. 2287 Palliative Care and Hospice Education and Tra [no reading -- not placed],R,WV
Jeanne Shaheen (D) - NH,,,1,,,,no signed reading,n/a (evidence only),1,,2026-03-23 (CO)SPONSORED 2 bill(s) on the area with no reading: S. 3397 ECCHO Act; S. 3208 Six Assurances to Taiwan Act [no reading -- not placed],D,NH
Jeff Merkley (D) - OR,,,1,,,,no signed reading,n/a (evidence only),1,,2025-11-19 (CO)SPONSORED 3 bill(s) on the area with no reading: S. 1310 No Tax Breaks for Union Busting (NTBUB) Act; S. 2287 Palliative Care and Hospice Education and Tra; S. 3208 Six Assurances to Taiwan Act [no reading -- not placed],D,OR
John Barrasso (R) - WY,,,1,,,,no signed reading,n/a (evidence only),1,,"2026-03-26 (CO)SPONSORED 5 bill(s) on the area with no reading: S. 1935 Expanding Access to Palliative Care Act; S.Res. 546 A resolution designating November 2025 as ""Na; S. 2287 Palliative Care and Hospice Education and Tra; S. 4255 Expedited Disability Insurance Payments for T (sponsor); S. 1936 Improving Access to Transfusion Care for Hosp [no reading -- not placed]",R,WY
John Boozman (R) - AR,,,1,,,,no signed reading,n/a (evidence only),1,,2026-02-24 (CO)SPONSORED 2 bill(s) on the area with no reading: S. 2287 Palliative Care and Hospice Education and Tra; S. 3898 Gerald’s Law Reauthorization Act of 2026 (sponsor) [no reading -- not placed],R,AR
John Cornyn (R) - TX,,,1,,,,no signed reading,n/a (evidence only),1,,2025-12-09 (CO)SPONSORED 1 bill(s) on the area with no reading: S. 3397 ECCHO Act [no reading -- not placed],R,TX
John Fetterman (D) - PA,,,1,,,,no signed reading,n/a (evidence only),1,,2025-04-04 (CO)SPONSORED 1 bill(s) on the area with no reading: S. 1310 No Tax Breaks for Union Busting (NTBUB) Act [no reading -- not placed],D,PA
John R. Curtis (R) - UT,,,1,,,,no signed reading,n/a (evidence only),1,,2025-11-19 (CO)SPONSORED 1 bill(s) on the area with no reading: S. 3208 Six Assurances to Taiwan Act (sponsor) [no reading -- not placed],R,UT
Jon Ossoff (D) - GA,,,1,,,,no signed reading,n/a (evidence only),1,,2026-04-15 (CO)SPONSORED 1 bill(s) on the area with no reading: S. 3397 ECCHO Act [no reading -- not placed],D,GA
Kirsten E. Gillibrand (D) - NY,,,1,,,,no signed reading,n/a (evidence only),1,,2026-05-21 (CO)SPONSORED 2 bill(s) on the area with no reading: S. 3397 ECCHO Act; S. 2287 Palliative Care and Hospice Education and Tra [no reading -- not placed],D,NY
Lisa Blunt Rochester (D) - DE,,,1,,,,no signed reading,n/a (evidence only),1,,2025-04-29 (CO)SPONSORED 1 bill(s) on the area with no reading: S. 1310 No Tax Breaks for Union Busting (NTBUB) Act [no reading -- not placed],D,DE
Lisa Murkowski (R) - AK,,,1,,,,no signed reading,n/a (evidence only),1,,2026-03-26 (CO)SPONSORED 3 bill(s) on the area with no reading: S. 2521 Provider Training in Palliative Care Act; S. 2287 Palliative Care and Hospice Education and Tra; S. 4255 Expedited Disability Insurance Payments for T [no reading -- not placed],R,AK
Margaret Wood Hassan (D) - NH,,,1,,,,no signed reading,n/a (evidence only),1,,2026-03-26 (CO)SPONSORED 1 bill(s) on the area with no reading: S. 4255 Expedited Disability Insurance Payments for T [no reading -- not placed],D,NH
Maria Cantwell (D) - WA,,,1,,,,no signed reading,n/a (evidence only),1,,2025-07-15 (CO)SPONSORED 1 bill(s) on the area with no reading: S. 2287 Palliative Care and Hospice Education and Tra [no reading -- not placed],D,WA
Mark Kelly (D) - AZ,,,1,,,,no signed reading,n/a (evidence only),1,,2026-03-04 (CO)SPONSORED 1 bill(s) on the area with no reading: S. 3397 ECCHO Act [no reading -- not placed],D,AZ
Mark R. Warner (D) - VA,,,1,,,,no signed reading,n/a (evidence only),1,,2026-03-17 (CO)SPONSORED 1 bill(s) on the area with no reading: S. 4118 Hospice CARE Act of 2026 (sponsor) [no reading -- not placed],D,VA
Marsha Blackburn (R) - TN,,,1,,,,no signed reading,n/a (evidence only),1,,2026-02-11 (CO)SPONSORED 2 bill(s) on the area with no reading: S. 3397 ECCHO Act; S. 2287 Palliative Care and Hospice Education and Tra [no reading -- not placed],R,TN
Martin Heinrich (D) - NM,,,1,,,,no signed reading,n/a (evidence only),1,,2025-04-04 (CO)SPONSORED 1 bill(s) on the area with no reading: S. 1310 No Tax Breaks for Union Busting (NTBUB) Act [no reading -- not placed],D,NM
Mazie K. Hirono (D) - HI,,,1,,,,no signed reading,n/a (evidence only),1,,2025-04-04 (CO)SPONSORED 1 bill(s) on the area with no reading: S. 1310 No Tax Breaks for Union Busting (NTBUB) Act [no reading -- not placed],D,HI
Michael F. Bennet (D) - CO,,,1,,,,no signed reading,n/a (evidence only),1,,2026-07-22 (CO)SPONSORED 1 bill(s) on the area with no reading: S. 3208 Six Assurances to Taiwan Act [no reading -- not placed],D,CO
Mike Rounds (R) - SD,,,1,,,,no signed reading,n/a (evidence only),1,,2025-07-15 (CO)SPONSORED 1 bill(s) on the area with no reading: S. 2287 Palliative Care and Hospice Education and Tra [no reading -- not placed],R,SD
Patty Murray (D) - WA,,,1,,,,no signed reading,n/a (evidence only),1,,2025-04-04 (CO)SPONSORED 1 bill(s) on the area with no reading: S. 1310 No Tax Breaks for Union Busting (NTBUB) Act [no reading -- not placed],D,WA
Peter Welch (D) - VT,,,1,,,,no signed reading,n/a (evidence only),1,,2025-07-15 (CO)SPONSORED 2 bill(s) on the area with no reading: S. 1310 No Tax Breaks for Union Busting (NTBUB) Act; S. 2287 Palliative Care and Hospice Education and Tra [no reading -- not placed],D,VT
Richard Blumenthal (D) - CT,,,1,,,,no signed reading,n/a (evidence only),1,,2026-08-03 (CO)SPONSORED 2 bill(s) on the area with no reading: S. 5219 Compassionate Care Act (sponsor); S. 1310 No Tax Breaks for Union Busting (NTBUB) Act [no reading -- not placed],D,CT
Richard J. Durbin (D) - IL,,,1,,,,no signed reading,n/a (evidence only),1,,2025-12-09 (CO)SPONSORED 2 bill(s) on the area with no reading: S. 3397 ECCHO Act; S. 1310 No Tax Breaks for Union Busting (NTBUB) Act [no reading -- not placed],D,IL
Roger F. Wicker (R) - MS,,,1,,,,no signed reading,n/a (evidence only),1,,2025-07-30 (CO)SPONSORED 1 bill(s) on the area with no reading: S. 2287 Palliative Care and Hospice Education and Tra [no reading -- not placed],R,MS
Roger Marshall (R) - KS,,,1,,,,no signed reading,n/a (evidence only),1,,2025-07-15 (CO)SPONSORED 1 bill(s) on the area with no reading: S. 2287 Palliative Care and Hospice Education and Tra [no reading -- not placed],R,KS
Ron Johnson (R) - WI,,,1,,,,no signed reading,n/a (evidence only),1,,2025-05-21 (CO)SPONSORED 1 bill(s) on the area with no reading: S. 1830 Right to Treat Act (sponsor) [no reading -- not placed],R,WI
Ron Wyden (D) - OR,,,1,,,,no signed reading,n/a (evidence only),1,,2025-04-04 (CO)SPONSORED 1 bill(s) on the area with no reading: S. 1310 No Tax Breaks for Union Busting (NTBUB) Act [no reading -- not placed],D,OR
Ruben Gallego (D) - AZ,,,1,,,,no signed reading,n/a (evidence only),1,,2026-03-09 (CO)SPONSORED 2 bill(s) on the area with no reading: S. 3397 ECCHO Act; S. 1310 No Tax Breaks for Union Busting (NTBUB) Act [no reading -- not placed],D,AZ
Sheldon Whitehouse (D) - RI,,,1,,,,no signed reading,n/a (evidence only),1,,2025-07-15 (CO)SPONSORED 2 bill(s) on the area with no reading: S. 1310 No Tax Breaks for Union Busting (NTBUB) Act; S. 2287 Palliative Care and Hospice Education and Tra [no reading -- not placed],D,RI
Shelley Moore Capito (R) - WV,,,1,,,,no signed reading,n/a (evidence only),1,,2025-07-15 (CO)SPONSORED 1 bill(s) on the area with no reading: S. 2287 Palliative Care and Hospice Education and Tra [no reading -- not placed],R,WV
Susan M. Collins (R) - ME,,,1,,,,no signed reading,n/a (evidence only),1,,2025-07-15 (CO)SPONSORED 1 bill(s) on the area with no reading: S. 2287 Palliative Care and Hospice Education and Tra [no reading -- not placed],R,ME
Tammy Baldwin (D) - WI,,,1,,,,no signed reading,n/a (evidence only),1,,"2025-12-16 (CO)SPONSORED 5 bill(s) on the area with no reading: S. 1935 Expanding Access to Palliative Care Act; S.Res. 546 A resolution designating November 2025 as ""Na; S. 1310 No Tax Breaks for Union Busting (NTBUB) Act; S. 2287 Palliative Care and Hospice Education and Tra (sponsor); S. 1936 Improving Access to Transfusion Care for Hosp [no reading -- not placed]",D,WI
Tammy Duckworth (D) - IL,,,1,,,,no signed reading,n/a (evidence only),1,,2025-04-04 (CO)SPONSORED 1 bill(s) on the area with no reading: S. 1310 No Tax Breaks for Union Busting (NTBUB) Act [no reading -- not placed],D,IL
Ted Cruz (R) - TX,,,1,,,,no signed reading,n/a (evidence only),1,,2026-02-26 (CO)SPONSORED 1 bill(s) on the area with no reading: S. 3397 ECCHO Act [no reading -- not placed],R,TX
Tina Smith (D) - MN,,,1,,,,no signed reading,n/a (evidence only),1,,2025-07-30 (CO)SPONSORED 2 bill(s) on the area with no reading: S. 1310 No Tax Breaks for Union Busting (NTBUB) Act; S. 2287 Palliative Care and Hospice Education and Tra [no reading -- not placed],D,MN
Todd Young (R) - IN,,,1,,,,no signed reading,n/a (evidence only),1,,2026-07-22 (CO)SPONSORED 1 bill(s) on the area with no reading: S. 3208 Six Assurances to Taiwan Act [no reading -- not placed],R,IN
Alan Armstrong (R) - OK,,,1,,,,no evidence,,0,,No recorded activity on this area,R,OK
Andy Kim (D) - NJ,,,1,,,,no evidence,,0,,No recorded activity on this area,D,NJ
Bernie Moreno (R) - OH,,,1,,,,no evidence,,0,,No recorded activity on this area,R,OH
Bill Cassidy (R) - LA,,,1,,,,no evidence,,0,,No recorded activity on this area,R,LA
Bill Hagerty (R) - TN,,,1,,,,no evidence,,0,,No recorded activity on this area,R,TN
Charles E. Schumer (D) - NY,,,1,,,,no evidence,,0,,No recorded activity on this area,D,NY
Dan Sullivan (R) - AK,,,1,,,,no evidence,,0,,No recorded activity on this area,R,AK
Darline Graham (R) - SC,,,1,,,,no evidence,,0,,No recorded activity on this area,R,SC
Eric Schmitt (R) - MO,,,1,,,,no evidence,,0,,No recorded activity on this area,R,MO
James E. Risch (R) - ID,,,1,,,,no evidence,,0,,No recorded activity on this area,R,ID
James Lankford (R) - OK,,,1,,,,no evidence,,0,,No recorded activity on this area,R,OK
Jerry Moran (R) - KS,,,1,,,,no evidence,,0,,No recorded activity on this area,R,KS
Jim Banks (R) - IN,,,1,,,,no evidence,,0,,No recorded activity on this area,R,IN
John Hoeven (R) - ND,,,1,,,,no evidence,,0,,No recorded activity on this area,R,ND
John Kennedy (R) - LA,,,1,,,,no evidence,,0,,No recorded activity on this area,R,LA
John Thune (R) - SD,,,1,,,,no evidence,,0,,No recorded activity on this area,R,SD
John W. Hickenlooper (D) - CO,,,1,,,,no evidence,,0,,No recorded activity on this area,D,CO
Jon Husted (R) - OH,,,1,,,,no evidence,,0,,No recorded activity on this area,R,OH
Joni Ernst (R) - IA,,,1,,,,no evidence,,0,,No recorded activity on this area,R,IA
Josh Hawley (R) - MO,,,1,,,,no evidence,,0,,No recorded activity on this area,R,MO
Katie Boyd Britt (R) - AL,,,1,,,,no evidence,,0,,No recorded activity on this area,R,AL
Kevin Cramer (R) - ND,,,1,,,,no evidence,,0,,No recorded activity on this area,R,ND
Mike Crapo (R) - ID,,,1,,,,no evidence,,0,,No recorded activity on this area,R,ID
Mike Lee (R) - UT,,,1,,,,no evidence,,0,,No recorded activity on this area,R,UT
Mitch McConnell (R) - KY,,,1,,,,no evidence,,0,,No recorded activity on this area,R,KY
Pete Ricketts (R) - NE,,,1,,,,no evidence,,0,,No recorded activity on this area,R,NE
Rand Paul (R) - KY,,,1,,,,no evidence,,0,,No recorded activity on this area,R,KY
Raphael G. Warnock (D) - GA,,,1,,,,no evidence,,0,,No recorded activity on this area,D,GA
Rick Scott (R) - FL,,,1,,,,no evidence,,0,,No recorded activity on this area,R,FL
Steve Daines (R) - MT,,,1,,,,no evidence,,0,,No recorded activity on this area,R,MT
Ted Budd (R) - NC,,,1,,,,no evidence,,0,,No recorded activity on this area,R,NC
Thom Tillis (R) - NC,,,1,,,,no evidence,,0,,No recorded activity on this area,R,NC
Tim Kaine (D) - VA,,,1,,,,no evidence,,0,,No recorded activity on this area,D,VA
Tim Scott (R) - SC,,,1,,,,no evidence,,0,,No recorded activity on this area,R,SC
Tim Sheehy (R) - MT,,,1,,,,no evidence,,0,,No recorded activity on this area,R,MT
Tom Cotton (R) - AR,,,1,,,,no evidence,,0,,No recorded activity on this area,R,AR
Tommy Tuberville (R) - AL,,,1,,,,no evidence,,0,,No recorded activity on this area,R,AL
"Totals - 100 sitting decision-makers (0 former listed, not counted)",0,0,100,0,0,,,,,,,,
"NO SIGNED READINGS for Assisted dying: 0 drafted, 0 signed. No member is placed; every row sits at 0 and the sheet is an evidence list. Sign readings in the sign-off guide to fill the columns.",,,,,,,,,,,,,
